drug	gene	mutation	variant	tier	effect	genomic position	algorithm_pass_DATASET ALL	Present_SOLO_SR_DATASET ALL	Present_SOLO_R_DATASET ALL	Present_SOLO_S_DATASET ALL	Present_R_DATASET ALL	Present_S_DATASET ALL	Absent_R_DATASET ALL	Absent_S_DATASET ALL	Sens_DATASET ALL	Sens_lb_DATASET ALL	Sens_ub_DATASET ALL	Spec_DATASET ALL	Spec_lb_DATASET ALL	Spec_ub_DATASET ALL	PPV_DATASET ALL	PPV_lb_DATASET ALL	PPV_ub_DATASET ALL	PPV_SOLO_DATASET ALL	PPV_SOLO_lb_DATASET ALL	PPV_SOLO_ub_DATASET ALL	PPV_conditional_SOLO_DATASET ALL	PPV_conditional_SOLO_lb_DATASET ALL	PPV_conditional_SOLO_ub_DATASET ALL	OR_SOLO_DATASET ALL	OR_SOLO_exact_lb_DATASET ALL	OR_SOLO_exact_ub_DATASET ALL	OR_SOLO_pvalue_DATASET ALL	OR_SOLO_pval_rank_DATASET ALL	k_DATASET ALL	OR_SOLO_FE_sig_DATASET ALL	Neutral_masked_DATASET ALL	OR_DATASET ALL	OR_exact_lb_DATASET ALL	OR_exact_ub_DATASET ALL	Sens_SOLO_DATASET ALL	Sens_SOLO_lb_DATASET ALL	Sens_SOLO_ub_DATASET ALL	Spec_SOLO_DATASET ALL	Spec_SOLO_lb_DATASET ALL	Spec_SOLO_ub_DATASET ALL	Initial confidence grading ALL dataset_DATASET ALL	INITIAL CONFIDENCE GRADING	DATASET(S)	Initial confidence grading WHO dataset_DATASET WHO	algorithm_pass_DATASET WHO	Present_SOLO_SR_DATASET WHO	Present_SOLO_R_DATASET WHO	Present_SOLO_S_DATASET WHO	Present_R_DATASET WHO	Present_S_DATASET WHO	Absent_R_DATASET WHO	Absent_S_DATASET WHO	Sens_DATASET WHO	Sens_lb_DATASET WHO	Sens_ub_DATASET WHO	Spec_DATASET WHO	Spec_lb_DATASET WHO	Spec_ub_DATASET WHO	PPV_DATASET WHO	PPV_lb_DATASET WHO	PPV_ub_DATASET WHO	PPV_SOLO_DATASET WHO	PPV_SOLO_lb_DATASET WHO	PPV_SOLO_ub_DATASET WHO	PPV_conditional_SOLO_DATASET WHO	PPV_conditional_SOLO_lb_DATASET WHO	PPV_conditional_SOLO_ub_DATASET WHO	OR_SOLO_DATASET WHO	OR_SOLO_exact_lb_DATASET WHO	OR_SOLO_exact_ub_DATASET WHO	OR_SOLO_pvalue_DATASET WHO	OR_SOLO_pval_rank_DATASET WHO	k_DATASET WHO	OR_SOLO_FE_sig_DATASET WHO	Neutral_masked_DATASET WHO	setA_DATASET WHO	setB_DATASET WHO	setC_DATASET WHO	setD1_DATASET WHO	setD2_DATASET WHO	v1_DATASET WHO	literature_DATASET WHO	OR_DATASET WHO	OR_exact_lb_DATASET WHO	OR_exact_ub_DATASET WHO	Sens_SOLO_DATASET WHO	Sens_SOLO_lb_DATASET WHO	Sens_SOLO_ub_DATASET WHO	Spec_SOLO_DATASET WHO	Spec_SOLO_lb_DATASET WHO	Spec_SOLO_ub_DATASET WHO	Present_NoPheno_no pDST	(WHO guidance before cat ver1) Miotto et al. (PMID 29284687), WHO NGS Guide 2018_Source of additional grading evidence	(WHO guidance before cat ver1) RIF CC guide 2021_Source of additional grading evidence	(Previous WHO guidance) WHO Catalogue ver1_Source of additional grading evidence	Selection evidence_Source of additional grading evidence	(WHO guidance before cat ver1) WHO_endorsed_assay_Source of additional grading evidence	Additional grading criteria applied	FINAL CONFIDENCE GRADING	Comment	CHANGES vs ver1	Relaxed thresholds simulation (BDQ_Rv0678, CFZ_Rv0678, INH_katG, DLM_ddn/fbiA/fbiB/fbiC/fgd1/Rv2983)	Silent mutation	Listed in abridged tables	Additional grading	Footnote	CHANGES vs ver1.1	grade	span	wt	mut	pos_start	pos_end	score	protein_level	R1	R2	R3	STRUCT_R	class
Ethionamide	inhA	c.-10_-9insAGG	inhA_c.-10_-9insAGG	1	upstream_gene_variant	1674192	0	0	0	0	1	0	5211	15487	0.000191864927091327	4.85758758490123e-06	0.00106853423925776	1	0.999761836368682	1	1	0.025	1											1177	2233	False	False	Inf	0.0761899451219867	Inf	0	0	0.000707651905360176	1	0.999761836368682	1	3) Uncertain significance	3) Uncertain significance	ALL+WHO	3) Uncertain significance																																0	0	0	0	0	0	0																	3) Uncertain significance		New Uncertain			no			0	3							False					unresolved
Ethionamide	inhA	c.-100C>A	inhA_c.-100C>A	1	upstream_gene_variant	1674102	1	11	2	9	21	19	5191	15468	0.00402916346891788	0.00249579323336676	0.00615244395242943	0.998773164589655	0.998084804605634	0.999261208414407	0.525	0.361280135264062	0.684880293365014	0.181818181818181	0.0228311982999596	0.517755852360172	0.0952380952380952	0.0117493178844458	0.303774406913924	0.662171707442368	0.0696001196634299	3.20045027580661	0.741412834554591	485	2233	False	False	3.29343296596335	1.68386806157564	6.48092730457497	0.000385133834007317	4.66448976023302e-05	0.00139053614380499	0.998773164589655	0.998084804605634	0.999261208414407	3) Uncertain significance	3) Uncertain significance	ALL+WHO	3) Uncertain significance	1	6	0	6	5	8	2165	3782	0.00230414746543778	0.000748560476988087	0.00536885389822181	0.997889182058047	0.995845105987758	0.999088271930771	0.384615384615384	0.13857933889016	0.684222397085936	0	0	0.4592581264399	0	0	0.369416647552819	0	0	1.48527667463842	0.0928285979641004	49	1065	False	False	0	0	0	0	0	0	0	1.09180138568129	0.280654831315899	3.79054153800723	0	0	0.00170241965449235	0.997889182058047	0.995845105987758	0.999088271930771	9							3) Uncertain significance		No change			no			1	3							False					unresolved
Ethionamide	inhA	c.-11_-10insAAG	inhA_c.-11_-10insAAG	1	upstream_gene_variant	1674191	1	0	0	0	0	1	5212	15486	0	0	0.000707516179821284	0.999935429715245	0.999640290494779	0.999998365223265	0	0	0.975				0	0	0.975					1130	2233	False	False	0	0	115.677422765729	0	0	0.000707516179821284	0.999935429715245	0.999640290494779	0.999998365223265	3) Uncertain significance	3) Uncertain significance	ALL+WHO	3) Uncertain significance																																0	0	0	0	0	0	0																	3) Uncertain significance		New Uncertain			no			0	3							False					unresolved
Ethionamide	inhA	c.-11_-10insAAGG	inhA_c.-11_-10insAAGG	1	upstream_gene_variant	1674191	1	2	0	2	0	2	5212	15485	0	0	0.000707516179821284	0.99987085943049	0.99953357854254	0.999984360095269	0	0	0.841886116991581	0	0	0.841886116991581	0	0	0.841886116991581	0	0	15.8232972540303	1	815	2233	False	False	0	0	15.8232972540303	0	0	0.000707516179821284	0.99987085943049	0.99953357854254	0.999984360095269	3) Uncertain significance	3) Uncertain significance	ALL+WHO	3) Uncertain significance																																0	0	0	0	0	0	0																	3) Uncertain significance		No change			no			1	3							False					unresolved
Ethionamide	inhA	c.-11_-10insAAGGA	inhA_c.-11_-10insAAGGA	1	upstream_gene_variant	1674191	0	0	0	0	1	0	5211	15487	0.000191864927091327	4.85758758490123e-06	0.00106853423925776	1	0.999761836368682	1	1	0.025	1											1167	2233	False	False	Inf	0.0761899451219867	Inf	0	0	0.000707651905360176	1	0.999761836368682	1	3) Uncertain significance	3) Uncertain significance	ALL+WHO	3) Uncertain significance	0	0	0	0	1	0	2169	3790	0.000460829493087557	1.16671245580613e-05	0.00256487461233225	1	0.999027154404229	1	1	0.025	1											535	1065	False	False	0	0	0	0	0	0	0	Inf	0.0447829748447436	Inf	0	0	0.0016992827759538	1	0.999027154404229	1								3) Uncertain significance		No change			no			1	3							False					unresolved
Ethionamide	inhA	c.-112C>T	inhA_c.-112C>T	1	upstream_gene_variant	1674090	1	8	0	8	0	10	5212	15477	0	0	0.000707516179821284	0.99935429715245	0.998812851129914	0.999690318343011	0	0	0.30849710781876	0	0	0.369416647552819	0	0	0.30849710781876	0	0	1.74028154337766	0.214450564643988	192	2233	False	False	0	0	1.32532562767373	0	0	0.000707516179821284	0.99935429715245	0.998812851129914	0.999690318343011	3) Uncertain significance	3) Uncertain significance	ALL+WHO	3) Uncertain significance																																0	0	0	0	0	0	0										1							3) Uncertain significance		No change			no			1	3							False					unresolved
Ethionamide	inhA	c.123C>T	inhA_c.123C>T	1	synonymous_variant	"(see ""Genomic_coordinates"" sheet)"	1				0	1	5212	15486	0	0	0.000707516179821284	0.999935429715245	0.999640290494779	0.999998365223265	0	0	0.975													False	False	0	0	115.677422765729							3) Uncertain significance	3) Uncertain significance	ALL+WHO	3) Uncertain significance	1				0	1	2170	3789	0	0	0.00169850036174098	0.999736147757256	0.998530795728906	0.999993319861894	0	0	0.975													False	False	0	0	0	0	0	0	0	0	0	68.0438514794824													Silent mutation	4) Not assoc w R - Interim		Now listed		Silent mutation	no			0	4							False					unresolved
Ethionamide	inhA	c.-127C>A	inhA_c.-127C>A	1	upstream_gene_variant	1674075	0	0	0	0	1	0	5211	15487	0.000191864927091327	4.85758758490123e-06	0.00106853423925776	1	0.999761836368682	1	1	0.025	1											1173	2233	False	False	Inf	0.0761899451219867	Inf	0	0	0.000707651905360176	1	0.999761836368682	1	3) Uncertain significance	3) Uncertain significance	ALL+WHO	3) Uncertain significance	0	0	0	0	1	0	2169	3790	0.000460829493087557	1.16671245580613e-05	0.00256487461233225	1	0.999027154404229	1	1	0.025	1											538	1065	False	False	0	0	0	0	0	0	0	Inf	0.0447829748447436	Inf	0	0	0.0016992827759538	1	0.999027154404229	1								3) Uncertain significance		No change			no			1	3							False					unresolved
Ethionamide	inhA	c.138G>A	inhA_c.138G>A	1	synonymous_variant	"(see ""Genomic_coordinates"" sheet)"	1				0	2	5212	15485	0	0	0.000707516179821284	0.99987085943049	0.99953357854254	0.999984360095269	0	0	0.841886116991581													False	False	0	0	15.8232972540303							3) Uncertain significance	3) Uncertain significance	ALL+WHO	3) Uncertain significance																																0	0	0	0	0	0	0										4						Silent mutation	4) Not assoc w R - Interim		Now listed		Silent mutation	no			0	4							False					unresolved
Ethionamide	inhA	c.-140C>A	inhA_c.-140C>A	1	upstream_gene_variant	1674062	0	0	0	0	1	0	5211	15487	0.000191864927091327	4.85758758490123e-06	0.00106853423925776	1	0.999761836368682	1	1	0.025	1											1175	2233	False	False	Inf	0.0761899451219867	Inf	0	0	0.000707651905360176	1	0.999761836368682	1	3) Uncertain significance	3) Uncertain significance	ALL+WHO	3) Uncertain significance																																0	0	0	0	0	0	0																	3) Uncertain significance		No change			no			1	3							False					unresolved
Ethionamide	inhA	c.150C>T	inhA_c.150C>T	1	synonymous_variant	"(see ""Genomic_coordinates"" sheet)"	1				0	1	5212	15486	0	0	0.000707516179821284	0.999935429715245	0.999640290494779	0.999998365223265	0	0	0.975													False	False	0	0	115.677422765729							3) Uncertain significance	3) Uncertain significance	ALL+WHO	3) Uncertain significance	1				0	1	2170	3789	0	0	0.00169850036174098	0.999736147757256	0.998530795728906	0.999993319861894	0	0	0.975													False	False	0	0	0	0	0	0	0	0	0	68.0438514794824													Silent mutation	4) Not assoc w R - Interim		Now listed		Silent mutation	no			0	4							False					unresolved
Ethionamide	inhA	c.-154G>A	inhA_c.-154G>A	1	upstream_gene_variant	1674048	1	145	67	78	309	138	4903	15349	0.0592862624712202	0.053027196045714	0.0660442979208624	0.991089300703816	0.989481002590938	0.992508815893944	0.691275167785234	0.646166540411946	0.733830544420985	0.462068965517241	0.379002596841842	0.54671676222698	0.326829268292682	0.263113097597972	0.395639744495802	2.68904699895929	1.907183646209	3.78204915895169	8.95171059798654e-09	17	2233	True	False	7.00967021078487	5.70118554505376	8.6548062152978	0.0134808853118712	0.0104623614020083	0.0170890306078758	0.991089300703816	0.989481002590938	0.992508815893944	1) Assoc w R	1) Assoc w R	ALL	3) Uncertain significance	1	60	31	29	146	76	2024	3714	0.0672811059907834	0.0571007822318353	0.0786480006627188	0.979947229551451	0.97496449781135	0.984168974255809	0.657657657657657	0.591199228304917	0.719840756187626	0.516666666666666	0.383946017331596	0.647687069997873	0.289719626168224	0.206075337478444	0.385366260247204	1.96153059833719	1.13986891732338	3.38348850449123	0.00983649969494496	24	1065	False	False	0	0	0	0	0	0	0	3.52509361348034	2.63796806751298	4.74018337414654	0.0150851581508515	0.0102720410919062	0.0213443396545435	0.979947229551451	0.97496449781135	0.984168974255809	459			Assoc w RI			Evidence from ALL dataset only	2) Assoc w R - Interim	Alias fabG1_p.Leu203Leu	No change			yes	ALL only	H	1	2							False					unresolved
Ethionamide	inhA	c.-156C>T	inhA_c.-156C>T	1	upstream_gene_variant	1674046	1	1	0	1	0	1	5212	15486	0	0	0.000707516179821284	0.999935429715245	0.999640290494779	0.999998365223265	0	0	0.975	0	0	0.975	0	0	0.975	0	0	115.677422765729	1	815	2233	False	False	0	0	115.677422765729	0	0	0.000707516179821284	0.999935429715245	0.999640290494779	0.999998365223265	3) Uncertain significance	3) Uncertain significance	ALL+WHO	3) Uncertain significance																																0	0	0	0	0	0	0																	3) Uncertain significance		No change			no			1	3							False					unresolved
Ethionamide	inhA	c.-158C>T	inhA_c.-158C>T	1	upstream_gene_variant	1674044	1	1	0	1	0	1	5212	15486	0	0	0.000707516179821284	0.999935429715245	0.999640290494779	0.999998365223265	0	0	0.975	0	0	0.975	0	0	0.975	0	0	115.677422765729	1	815	2233	False	False	0	0	115.677422765729	0	0	0.000707516179821284	0.999935429715245	0.999640290494779	0.999998365223265	3) Uncertain significance	3) Uncertain significance	ALL+WHO	3) Uncertain significance																																0	0	0	0	0	0	0																	3) Uncertain significance		No change			no			1	3							False					unresolved
Ethionamide	inhA	c.159G>T	inhA_c.159G>T	1	synonymous_variant	"(see ""Genomic_coordinates"" sheet)"	1				0	1	5212	15486	0	0	0.000707516179821284	0.999935429715245	0.999640290494779	0.999998365223265	0	0	0.975													False	False	0	0	115.677422765729							3) Uncertain significance	3) Uncertain significance	ALL+WHO	3) Uncertain significance																																0	0	0	0	0	0	0																Silent mutation	4) Not assoc w R - Interim		Now listed		Silent mutation	no			0	4							False					unresolved
Ethionamide	inhA	c.-160G>A	inhA_c.-160G>A	1	upstream_gene_variant	1674042	1	0	0	0	0	1	5212	15486	0	0	0.000707516179821284	0.999935429715245	0.999640290494779	0.999998365223265	0	0	0.975				0	0	0.975					1146	2233	False	False	0	0	115.677422765729	0	0	0.000707516179821284	0.999935429715245	0.999640290494779	0.999998365223265	3) Uncertain significance	3) Uncertain significance	ALL+WHO	3) Uncertain significance																																0	0	0	0	0	0	0																	3) Uncertain significance		No change			no			1	3							False					unresolved
Ethionamide	inhA	c.-16C>G	inhA_c.-16C>G	1	upstream_gene_variant	1674186	1	0	0	0	0	1	5212	15486	0	0	0.000707516179821284	0.999935429715245	0.999640290494779	0.999998365223265	0	0	0.975				0	0	0.975					1156	2233	False	False	0	0	115.677422765729	0	0	0.000707516179821284	0.999935429715245	0.999640290494779	0.999998365223265	3) Uncertain significance	3) Uncertain significance	ALL+WHO	3) Uncertain significance																																0	0	0	0	0	0	0										1							3) Uncertain significance		No change			no			1	3							False					unresolved
Ethionamide	inhA	c.171G>A	inhA_c.171G>A	1	synonymous_variant	"(see ""Genomic_coordinates"" sheet)"	1				0	1	5212	15486	0	0	0.000707516179821284	0.999935429715245	0.999640290494779	0.999998365223265	0	0	0.975													False	False	0	0	115.677422765729							3) Uncertain significance	3) Uncertain significance	ALL+WHO	3) Uncertain significance																																0	0	0	0	0	0	0										1						Silent mutation	4) Not assoc w R - Interim		Now listed		Silent mutation	no			0	4							False					unresolved
Ethionamide	inhA	c.174C>A	inhA_c.174C>A	1	synonymous_variant	"(see ""Genomic_coordinates"" sheet)"	1				0	1	5212	15486	0	0	0.000707516179821284	0.999935429715245	0.999640290494779	0.999998365223265	0	0	0.975													False	False	0	0	115.677422765729							3) Uncertain significance	3) Uncertain significance	ALL+WHO	3) Uncertain significance																																0	0	0	0	0	0	0										4						Silent mutation	4) Not assoc w R - Interim		Now listed		Silent mutation	no			0	4							False					unresolved
Ethionamide	inhA	c.-176A>C	inhA_c.-176A>C	1	upstream_gene_variant	1674026	1	12	2	10	2	11	5210	15476	0.000383729854182655	4.64748443607068e-05	0.00138546957733054	0.999289726867695	0.998729481387772	0.999645382583254	0.153846153846153	0.0192066719825284	0.454471055676557	0.166666666666666	0.0208625254600923	0.484137748685967	0.153846153846153	0.0192066719825284	0.454471055676557	0.594088291746641	0.0632720625043199	2.78913518186107	0.741848945067072	486	2233	False	False	0.540080265224219	0.0581555408985981	2.47593717799149	0.000383729854182655	4.64748443607068e-05	0.00138546957733054	0.999289726867695	0.998729481387772	0.999645382583254	3) Uncertain significance	3) Uncertain significance	ALL+WHO	3) Uncertain significance	1	4	2	2	2	2	2168	3788	0.000921658986175115	0.000111636674590768	0.0033253435449308	0.999472295514512	0.998095063429584	0.999936086148442	0.5	0.067585986488543	0.932414013511457	0.5	0.067585986488543	0.932414013511457	0.5	0.067585986488543	0.932414013511457	1.74723247232472	0.126540110696744	24.1244851777313	0.625418981130684	278.5	1065	False	False	0	0	0	0	0	0	0	1.74723247232472	0.126540110696744	24.1244851777313	0.000921658986175115	0.000111636674590768	0.0033253435449308	0.999472295514512	0.998095063429584	0.999936086148442	7							3) Uncertain significance		No change			no			1	3							False					unresolved
Ethionamide	inhA	c.-180G>A	inhA_c.-180G>A	1	upstream_gene_variant	1674022	1	0	0	0	0	1	5212	15486	0	0	0.000707516179821284	0.999935429715245	0.999640290494779	0.999998365223265	0	0	0.975				0	0	0.975					1131	2233	False	False	0	0	115.677422765729	0	0	0.000707516179821284	0.999935429715245	0.999640290494779	0.999998365223265	3) Uncertain significance	3) Uncertain significance	ALL+WHO	3) Uncertain significance																																0	0	0	0	0	0	0																	3) Uncertain significance		No change			no			1	3							False					unresolved
Ethionamide	inhA	c.-18C>A	inhA_c.-18C>A	1	upstream_gene_variant	1674184	1	1	0	1	0	1	5212	15486	0	0	0.000707516179821284	0.999935429715245	0.999640290494779	0.999998365223265	0	0	0.975	0	0	0.975	0	0	0.975	0	0	115.677422765729	1	815	2233	False	False	0	0	115.677422765729	0	0	0.000707516179821284	0.999935429715245	0.999640290494779	0.999998365223265	3) Uncertain significance	3) Uncertain significance	ALL+WHO	3) Uncertain significance	1	1	0	1	0	1	2170	3789	0	0	0.00169850036174098	0.999736147757256	0.998530795728906	0.999993319861894	0	0	0.975	0	0	0.975	0	0	0.975	0	0	68.0438514794824	1	405	1065	False	False	0	0	0	0	0	0	0	0	0	68.0438514794824	0	0	0.00169850036174098	0.999736147757256	0.998530795728906	0.999993319861894								3) Uncertain significance		New Uncertain			no			0	3							False					unresolved
Ethionamide	inhA	c.-18C>T	inhA_c.-18C>T	1	upstream_gene_variant	1674184	1	1	0	1	0	2	5212	15485	0	0	0.000707516179821284	0.99987085943049	0.99953357854254	0.999984360095269	0	0	0.841886116991581	0	0	0.975	0	0	0.841886116991581	0	0	115.669966941234	1	815	2233	False	False	0	0	15.8232972540303	0	0	0.000707516179821284	0.99987085943049	0.99953357854254	0.999984360095269	3) Uncertain significance	3) Uncertain significance	ALL+WHO	3) Uncertain significance																																0	0	0	0	0	0	0																	3) Uncertain significance		No change			no			1	3							False					unresolved
Ethionamide	inhA	c.-19_-18insCACAACAC	inhA_c.-19_-18insCACAACAC	1	upstream_gene_variant	1674183	0	0	0	0	1	0	5211	15487	0.000191864927091327	4.85758758490123e-06	0.00106853423925776	1	0.999761836368682	1	1	0.025	1											1140	2233	False	False	Inf	0.0761899451219867	Inf	0	0	0.000707651905360176	1	0.999761836368682	1	3) Uncertain significance	3) Uncertain significance	ALL+WHO	3) Uncertain significance	0	0	0	0	1	0	2169	3790	0.000460829493087557	1.16671245580613e-05	0.00256487461233225	1	0.999027154404229	1	1	0.025	1											524	1065	False	False	0	0	0	0	0	0	0	Inf	0.0447829748447436	Inf	0	0	0.0016992827759538	1	0.999027154404229	1								3) Uncertain significance		New Uncertain			no			0	3							False					unresolved
Ethionamide	inhA	c.-20G>A	inhA_c.-20G>A	1	upstream_gene_variant	1674182	1	3	0	3	0	3	5212	15484	0	0	0.000707516179821284	0.999806289145735	0.999434000080036	0.999960050383188	0	0	0.707598226178713	0	0	0.707598226178713	0	0	0.707598226178713	0	0	7.19247409791798	0.577090863007554	439	2233	False	False	0	0	7.19247409791798	0	0	0.000707516179821284	0.999806289145735	0.999434000080036	0.999960050383188	3) Uncertain significance	3) Uncertain significance	ALL+WHO	3) Uncertain significance	1	3	0	3	0	3	2170	3787	0	0	0.00169850036174098	0.999208443271767	0.997688494809834	0.999836732216022	0	0	0.707598226178713	0	0	0.707598226178713	0	0	0.707598226178713	0	0	4.22663965322398	0.558201069943668	269	1065	False	False	0	0	0	0	0	0	0	0	0	4.22663965322398	0	0	0.00169850036174098	0.999208443271767	0.997688494809834	0.999836732216022								3) Uncertain significance		No change			no			1	3							False					unresolved
Ethionamide	inhA	c.213G>A	inhA_c.213G>A	1	synonymous_variant	"(see ""Genomic_coordinates"" sheet)"	1				0	4	5212	15483	0	0	0.000707516179821284	0.99974171886098	0.999338830952079	0.999929622742193	0	0	0.602364635616474													False	False	0	0	4.5014696306354							3) Uncertain significance	3) Uncertain significance	ALL+WHO	3) Uncertain significance																																0	0	0	0	0	0	0										6						Silent mutation	4) Not assoc w R - Interim		Now listed		Silent mutation	no			0	4							False					unresolved
Ethionamide	inhA	c.-214G>A	inhA_c.-214G>A	1	upstream_gene_variant	1673988	1	2	0	2	0	2	5212	15485	0	0	0.000707516179821284	0.99987085943049	0.99953357854254	0.999984360095269	0	0	0.841886116991581	0	0	0.841886116991581	0	0	0.841886116991581	0	0	15.8232972540303	1	815	2233	False	False	0	0	15.8232972540303	0	0	0.000707516179821284	0.99987085943049	0.99953357854254	0.999984360095269	3) Uncertain significance	3) Uncertain significance	ALL+WHO	3) Uncertain significance																																0	0	0	0	0	0	0										1							3) Uncertain significance		No change			no			1	3							False					unresolved
Ethionamide	inhA	c.222G>A	inhA_c.222G>A	1	synonymous_variant	"(see ""Genomic_coordinates"" sheet)"	1				0	1	5212	15486	0	0	0.000707516179821284	0.999935429715245	0.999640290494779	0.999998365223265	0	0	0.975													False	False	0	0	115.677422765729							3) Uncertain significance	3) Uncertain significance	ALL+WHO	3) Uncertain significance																																0	0	0	0	0	0	0																Silent mutation	4) Not assoc w R - Interim		Now listed		Silent mutation	no			0	4							False					unresolved
Ethionamide	inhA	c.228C>T	inhA_c.228C>T	1	synonymous_variant	"(see ""Genomic_coordinates"" sheet)"	1				0	1	5212	15486	0	0	0.000707516179821284	0.999935429715245	0.999640290494779	0.999998365223265	0	0	0.975													False	False	0	0	115.677422765729							3) Uncertain significance	3) Uncertain significance	ALL+WHO	3) Uncertain significance																																0	0	0	0	0	0	0																Silent mutation	4) Not assoc w R - Interim		Now listed		Silent mutation	no			0	4							False					unresolved
Ethionamide	inhA	c.-235G>A	inhA_c.-235G>A	1	upstream_gene_variant	1673967	1	1	0	1	0	1	5212	15486	0	0	0.000707516179821284	0.999935429715245	0.999640290494779	0.999998365223265	0	0	0.975	0	0	0.975	0	0	0.975	0	0	115.677422765729	1	815	2233	False	False	0	0	115.677422765729	0	0	0.000707516179821284	0.999935429715245	0.999640290494779	0.999998365223265	3) Uncertain significance	3) Uncertain significance	ALL+WHO	3) Uncertain significance																																0	0	0	0	0	0	0																	3) Uncertain significance		No change			no			1	3							False					unresolved
Ethionamide	inhA	c.237C>T	inhA_c.237C>T	1	synonymous_variant	"(see ""Genomic_coordinates"" sheet)"	1				0	1	5212	15486	0	0	0.000707516179821284	0.999935429715245	0.999640290494779	0.999998365223265	0	0	0.975													False	False	0	0	115.677422765729							3) Uncertain significance	3) Uncertain significance	ALL+WHO	3) Uncertain significance																																0	0	0	0	0	0	0																Silent mutation	4) Not assoc w R - Interim		Now listed		Silent mutation	no			0	4							False					unresolved
Ethionamide	inhA	c.-25C>T	inhA_c.-25C>T	1	upstream_gene_variant	1674177	1	1	0	1	0	1	5212	15486	0	0	0.000707516179821284	0.999935429715245	0.999640290494779	0.999998365223265	0	0	0.975	0	0	0.975	0	0	0.975	0	0	115.677422765729	1	815	2233	False	False	0	0	115.677422765729	0	0	0.000707516179821284	0.999935429715245	0.999640290494779	0.999998365223265	3) Uncertain significance	3) Uncertain significance	ALL+WHO	3) Uncertain significance																																0	0	0	0	0	0	0										3							3) Uncertain significance		No change			no			1	3							False					unresolved
Ethionamide	inhA	c.264C>T	inhA_c.264C>T	1	synonymous_variant	"(see ""Genomic_coordinates"" sheet)"	1				1	1	5211	15486	0.000191864927091327	4.85758758490123e-06	0.00106853423925776	0.999935429715245	0.999640290494779	0.999998365223265	0.5	0.012579117093425	0.987420882906574													False	False	2.97179044329303	0.0378514560716107	232.854636669753							3) Uncertain significance	3) Uncertain significance	ALL+WHO	3) Uncertain significance					1	0	2169	3790	0.000460829493087557	1.16671245580613e-05	0.00256487461233225	1	0.999027154404229	1	1	0.025	1													False	False	0	0	0	0	0	0	0	Inf	0.0447829748447436	Inf							8						Silent mutation	4) Not assoc w R - Interim		Now listed		Silent mutation	no			0	4							False					unresolved
Ethionamide	inhA	c.267C>T	inhA_c.267C>T	1	synonymous_variant	"(see ""Genomic_coordinates"" sheet)"	1				0	2	5212	15485	0	0	0.000707516179821284	0.99987085943049	0.99953357854254	0.999984360095269	0	0	0.841886116991581													False	False	0	0	15.8232972540303							3) Uncertain significance	3) Uncertain significance	ALL+WHO	3) Uncertain significance																																0	0	0	0	0	0	0																Silent mutation	4) Not assoc w R - Interim		Now listed		Silent mutation	no			0	4							False					unresolved
Ethionamide	inhA	c.273G>A	inhA_c.273G>A	1	synonymous_variant	"(see ""Genomic_coordinates"" sheet)"	1				0	1	5212	15486	0	0	0.000707516179821284	0.999935429715245	0.999640290494779	0.999998365223265	0	0	0.975													False	False	0	0	115.677422765729							3) Uncertain significance	3) Uncertain significance	ALL+WHO	3) Uncertain significance	1				0	1	2170	3789	0	0	0.00169850036174098	0.999736147757256	0.998530795728906	0.999993319861894	0	0	0.975													False	False	0	0	0	0	0	0	0	0	0	68.0438514794824							1						Silent mutation	4) Not assoc w R - Interim		Now listed		Silent mutation	no			0	4							False					unresolved
Ethionamide	inhA	c.-277C>T	inhA_c.-277C>T	1	upstream_gene_variant	1673925	1	1	0	1	0	1	5212	15486	0	0	0.000707516179821284	0.999935429715245	0.999640290494779	0.999998365223265	0	0	0.975	0	0	0.975	0	0	0.975	0	0	115.677422765729	1	815	2233	False	False	0	0	115.677422765729	0	0	0.000707516179821284	0.999935429715245	0.999640290494779	0.999998365223265	3) Uncertain significance	3) Uncertain significance	ALL+WHO	3) Uncertain significance																																0	0	0	0	0	0	0										1							3) Uncertain significance		No change			no			1	3							False					unresolved
Ethionamide	inhA	c.-282A>G	inhA_c.-282A>G	1	upstream_gene_variant	1673920	0	0	0	0	1	0	5211	15487	0.000191864927091327	4.85758758490123e-06	0.00106853423925776	1	0.999761836368682	1	1	0.025	1											1165	2233	False	False	Inf	0.0761899451219867	Inf	0	0	0.000707651905360176	1	0.999761836368682	1	3) Uncertain significance	3) Uncertain significance	ALL+WHO	3) Uncertain significance	0	0	0	0	1	0	2169	3790	0.000460829493087557	1.16671245580613e-05	0.00256487461233225	1	0.999027154404229	1	1	0.025	1											534	1065	False	False	0	0	0	0	0	0	0	Inf	0.0447829748447436	Inf	0	0	0.0016992827759538	1	0.999027154404229	1								3) Uncertain significance		No change			no			1	3							False					unresolved
Ethionamide	inhA	c.291C>T	inhA_c.291C>T	1	synonymous_variant	"(see ""Genomic_coordinates"" sheet)"	1				0	2	5212	15485	0	0	0.000707516179821284	0.99987085943049	0.99953357854254	0.999984360095269	0	0	0.841886116991581													False	False	0	0	15.8232972540303							3) Uncertain significance	3) Uncertain significance	ALL+WHO	3) Uncertain significance	1				0	1	2170	3789	0	0	0.00169850036174098	0.999736147757256	0.998530795728906	0.999993319861894	0	0	0.975													False	False	0	0	0	0	0	0	0	0	0	68.0438514794824							20						Silent mutation	4) Not assoc w R - Interim		Now listed		Silent mutation	no			0	4							False					unresolved
Ethionamide	inhA	c.303C>T	inhA_c.303C>T	1	synonymous_variant	"(see ""Genomic_coordinates"" sheet)"	1				0	1	5212	15486	0	0	0.000707516179821284	0.999935429715245	0.999640290494779	0.999998365223265	0	0	0.975													False	False	0	0	115.677422765729							3) Uncertain significance	3) Uncertain significance	ALL+WHO	3) Uncertain significance	1				0	1	2170	3789	0	0	0.00169850036174098	0.999736147757256	0.998530795728906	0.999993319861894	0	0	0.975													False	False	0	0	0	0	0	0	0	0	0	68.0438514794824													Silent mutation	4) Not assoc w R - Interim		Now listed		Silent mutation	no			0	4							False					unresolved
Ethionamide	inhA	c.-312G>A	inhA_c.-312G>A	1	upstream_gene_variant	1673890	1	1	0	1	0	1	5212	15486	0	0	0.000707516179821284	0.999935429715245	0.999640290494779	0.999998365223265	0	0	0.975	0	0	0.975	0	0	0.975	0	0	115.677422765729	1	815	2233	False	False	0	0	115.677422765729	0	0	0.000707516179821284	0.999935429715245	0.999640290494779	0.999998365223265	3) Uncertain significance	3) Uncertain significance	ALL+WHO	3) Uncertain significance																																0	0	0	0	0	0	0																	3) Uncertain significance		No change			no			1	3							False					unresolved
Ethionamide	inhA	c.31C>T	inhA_c.31C>T	1	synonymous_variant	"(see ""Genomic_coordinates"" sheet)"	1				0	1	5212	15486	0	0	0.000707516179821284	0.999935429715245	0.999640290494779	0.999998365223265	0	0	0.975													False	False	0	0	115.677422765729							3) Uncertain significance	3) Uncertain significance	ALL+WHO	3) Uncertain significance																																0	0	0	0	0	0	0																Silent mutation	4) Not assoc w R - Interim		Now listed		Silent mutation	no			0	4							False					unresolved
Ethionamide	inhA	c.321G>A	inhA_c.321G>A	1	synonymous_variant	"(see ""Genomic_coordinates"" sheet)"					1	0	5211	15487	0.000191864927091327	4.85758758490123e-06	0.00106853423925776	1	0.999761836368682	1	1	0.025	1													False	False	Inf	0.0761899451219867	Inf							3) Uncertain significance	3) Uncertain significance	ALL+WHO	3) Uncertain significance																																0	0	0	0	0	0	0																Silent mutation	4) Not assoc w R - Interim		Now listed		Silent mutation	no			0	4							False					unresolved
Ethionamide	inhA	c.324C>T	inhA_c.324C>T	1	synonymous_variant	"(see ""Genomic_coordinates"" sheet)"	1				0	1	5212	15486	0	0	0.000707516179821284	0.999935429715245	0.999640290494779	0.999998365223265	0	0	0.975													False	False	0	0	115.677422765729							3) Uncertain significance	3) Uncertain significance	ALL+WHO	3) Uncertain significance	1				0	1	2170	3789	0	0	0.00169850036174098	0.999736147757256	0.998530795728906	0.999993319861894	0	0	0.975													False	False	0	0	0	0	0	0	0	0	0	68.0438514794824													Silent mutation	4) Not assoc w R - Interim		Now listed		Silent mutation	no			0	4							False					unresolved
Ethionamide	inhA	c.-337C>T	inhA_c.-337C>T	1	upstream_gene_variant	1673865	1	19	0	19	7	34	5205	15453	0.00134305448963929	0.000540142673187124	0.00276523543039201	0.997804610318331	0.996933501541924	0.99847916441176	0.170731707317073	0.0715152881522945	0.320560879448909	0	0	0.176466911806965	0	0	0.102817924259012	0	0	0.636475142039068	0.00645379408273318	60	2233	False	False	0.611239193083573	0.228519231932559	1.4019112303642	0	0	0.000708467353397108	0.997804610318331	0.996933501541924	0.99847916441176	3) Uncertain significance	3) Uncertain significance	ALL+WHO	3) Uncertain significance	2	1	0	1	3	1	2167	3789	0.00138248847926267	0.000285193152965682	0.0040348522148252	0.999736147757256	0.998530795728906	0.999993319861894	0.75	0.194120449683243	0.99369053679029	0	0	0.975	0	0	0.975	0	0	68.1379512601278	1	405	1065	False	False	0	0	0	0	0	0	0	5.2455006922012	0.420751345257316	275.029142692281	0	0	0.00170084976888778	0.999736147757256	0.998530795728906	0.999993319861894	15							3) Uncertain significance		No change			no			1	3							False					unresolved
Ethionamide	inhA	c.-351A>G	inhA_c.-351A>G	1	upstream_gene_variant	1673851	1	1	0	1	1	1	5211	15486	0.000191864927091327	4.85758758490123e-06	0.00106853423925776	0.999935429715245	0.999640290494779	0.999998365223265	0.5	0.012579117093425	0.987420882906574	0	0	0.975	0	0	0.975	0	0	115.699581334225	1	815	2233	False	False	2.97179044329303	0.0378514560716107	232.854636669753	0	0	0.000707651905360176	0.999935429715245	0.999640290494779	0.999998365223265	3) Uncertain significance	3) Uncertain significance	ALL+WHO	3) Uncertain significance	0	0	0	0	1	0	2169	3790	0.000460829493087557	1.16671245580613e-05	0.00256487461233225	1	0.999027154404229	1	1	0.025	1											540	1065	False	False	0	0	0	0	0	0	0	Inf	0.0447829748447436	Inf	0	0	0.0016992827759538	1	0.999027154404229	1								3) Uncertain significance		No change			no			1	3							False					unresolved
Ethionamide	inhA	c.351C>T	inhA_c.351C>T	1	synonymous_variant	"(see ""Genomic_coordinates"" sheet)"	1				0	2	5212	15485	0	0	0.000707516179821284	0.99987085943049	0.99953357854254	0.999984360095269	0	0	0.841886116991581													False	False	0	0	15.8232972540303							3) Uncertain significance	3) Uncertain significance	ALL+WHO	3) Uncertain significance																																0	0	0	0	0	0	0																Silent mutation	4) Not assoc w R - Interim		Now listed		Silent mutation	no			0	4							False					unresolved
Ethionamide	inhA	c.354G>A	inhA_c.354G>A	1	synonymous_variant	"(see ""Genomic_coordinates"" sheet)"	1				0	2	5212	15485	0	0	0.000707516179821284	0.99987085943049	0.99953357854254	0.999984360095269	0	0	0.841886116991581													False	False	0	0	15.8232972540303							3) Uncertain significance	3) Uncertain significance	ALL+WHO	3) Uncertain significance																																0	0	0	0	0	0	0										2						Silent mutation	4) Not assoc w R - Interim		Now listed		Silent mutation	no			0	4							False					unresolved
Ethionamide	inhA	c.357C>A	inhA_c.357C>A	1	synonymous_variant	"(see ""Genomic_coordinates"" sheet)"	1				0	2	5212	15485	0	0	0.000707516179821284	0.99987085943049	0.99953357854254	0.999984360095269	0	0	0.841886116991581													False	False	0	0	15.8232972540303							3) Uncertain significance	3) Uncertain significance	ALL+WHO	3) Uncertain significance																																0	0	0	0	0	0	0										1						Silent mutation	4) Not assoc w R - Interim		Now listed		Silent mutation	no			0	4							False					unresolved
Ethionamide	inhA	c.-358G>T	inhA_c.-358G>T	1	upstream_gene_variant	1673844	1	2	0	2	0	2	5212	15485	0	0	0.000707516179821284	0.99987085943049	0.99953357854254	0.999984360095269	0	0	0.841886116991581	0	0	0.841886116991581	0	0	0.841886116991581	0	0	15.8232972540303	1	815	2233	False	False	0	0	15.8232972540303	0	0	0.000707516179821284	0.99987085943049	0.99953357854254	0.999984360095269	3) Uncertain significance	3) Uncertain significance	ALL+WHO	3) Uncertain significance																																0	0	0	0	0	0	0																	3) Uncertain significance		No change			no			1	3							False					unresolved
Ethionamide	inhA	c.-360A>G	inhA_c.-360A>G	1	upstream_gene_variant	1673842	1	0	0	0	0	1	5212	15486	0	0	0.000707516179821284	0.999935429715245	0.999640290494779	0.999998365223265	0	0	0.975				0	0	0.975					1169	2233	False	False	0	0	115.677422765729	0	0	0.000707516179821284	0.999935429715245	0.999640290494779	0.999998365223265	3) Uncertain significance	3) Uncertain significance	ALL+WHO	3) Uncertain significance																																0	0	0	0	0	0	0																	3) Uncertain significance		New Uncertain			no			0	3							False					unresolved
Ethionamide	inhA	c.369G>A	inhA_c.369G>A	1	synonymous_variant	"(see ""Genomic_coordinates"" sheet)"	1				0	3	5212	15484	0	0	0.000707516179821284	0.999806289145735	0.999434000080036	0.999960050383188	0	0	0.707598226178713													False	False	0	0	7.19247409791798							3) Uncertain significance	3) Uncertain significance	ALL+WHO	3) Uncertain significance																																0	0	0	0	0	0	0										1						Silent mutation	4) Not assoc w R - Interim		Now listed		Silent mutation	no			0	4							False					unresolved
Ethionamide	inhA	c.-375A>C	inhA_c.-375A>C	1	upstream_gene_variant	1673827	1	1	0	1	0	1	5212	15486	0	0	0.000707516179821284	0.999935429715245	0.999640290494779	0.999998365223265	0	0	0.975	0	0	0.975	0	0	0.975	0	0	115.677422765729	1	815	2233	False	False	0	0	115.677422765729	0	0	0.000707516179821284	0.999935429715245	0.999640290494779	0.999998365223265	3) Uncertain significance	3) Uncertain significance	ALL+WHO	3) Uncertain significance																																0	0	0	0	0	0	0																	3) Uncertain significance		No change			no			1	3							False					unresolved
Ethionamide	inhA	c.384T>G	inhA_c.384T>G	1	synonymous_variant	"(see ""Genomic_coordinates"" sheet)"	1				0	2	5212	15485	0	0	0.000707516179821284	0.99987085943049	0.99953357854254	0.999984360095269	0	0	0.841886116991581													False	False	0	0	15.8232972540303							3) Uncertain significance	3) Uncertain significance	ALL+WHO	3) Uncertain significance																																0	0	0	0	0	0	0										1						Silent mutation	4) Not assoc w R - Interim		Now listed		Silent mutation	no			0	4							False					unresolved
Ethionamide	inhA	c.-386G>A	inhA_c.-386G>A	1	upstream_gene_variant	1673816	1	13	0	13	0	14	5212	15473	0	0	0.000707516179821284	0.99909601601343	0.998483733164878	0.999505698211522	0	0	0.231635761650116	0	0	0.24705263800047	0	0	0.231635761650116	0	0	0.9745118868448019	0.048203635518804	96	2233	False	False	0	0	0.895402656698445	0	0	0.000707516179821284	0.99909601601343	0.998483733164878	0.999505698211522	3) Uncertain significance	3) Uncertain significance	ALL+WHO	3) Uncertain significance	1	6	0	6	0	6	2170	3784	0	0	0.00169850036174098	0.998416886543535	0.996557436795264	0.999418810659556	0	0	0.4592581264399	0	0	0.4592581264399	0	0	0.4592581264399	0	0	1.48263576179074	0.0927092577734561	46	1065	False	False	0	0	0	0	0	0	0	0	0	1.48263576179074	0	0	0.00169850036174098	0.998416886543535	0.996557436795264	0.999418810659556	24							3) Uncertain significance		No change			no			1	3							False					unresolved
Ethionamide	inhA	c.-391G>T	inhA_c.-391G>T	1	upstream_gene_variant	1673811	1	1	1	0	1	0	5211	15487	0.000191864927091327	4.85758758490123e-06	0.00106853423925776	1	0.999761836368682	1	1	0.025	1	1	0.025	1	1	0.025	1	Inf	0.0761899451219867	Inf	0.251799603845596	276	2233	False	False	Inf	0.0761899451219867	Inf	0.000191864927091327	4.85758758490123e-06	0.00106853423925776	1	0.999761836368682	1	3) Uncertain significance	3) Uncertain significance	ALL+WHO	3) Uncertain significance	1	1	1	0	1	0	2169	3790	0.000460829493087557	1.16671245580613e-05	0.00256487461233225	1	0.999027154404229	1	1	0.025	1	1	0.025	1	1	0.025	1	Inf	0.0447829748447436	Inf	0.364093959731543	164	1065	False	False	0	0	0	0	0	0	0	Inf	0.0447829748447436	Inf	0.000460829493087557	1.16671245580613e-05	0.00256487461233225	1	0.999027154404229	1								3) Uncertain significance		New Uncertain			no			0	3							False					unresolved
Ethionamide	inhA	c.-40C>T	inhA_c.-40C>T	1	upstream_gene_variant	1674162	1	60	2	58	18	64	5194	15423	0.00345356868764389	0.00204804863805522	0.00545265611077246	0.995867501775682	0.994725913994443	0.996816061984566	0.219512195121951	0.135592420770655	0.324554922748219	0.0333333333333333	0.00406262464209349	0.115281044419251	0.0303030303030303	0.00369113896142986	0.105216648579651	0.102392681210415	0.0120867906464564	0.387189324740779	8.88517320509265e-06	24	2233	True	False	0.835140306122448	0.465323856866753	1.42847621075106	0.000384911470361816	4.66179644039043e-05	0.00138973369747892	0.995867501775682	0.994725913994443	0.996816061984566	3) Uncertain significance	3) Uncertain significance	ALL+WHO	3) Uncertain significance	1	24	1	23	14	25	2156	3765	0.0064516129032258	0.00353151253161303	0.0108010403945548	0.993403693931398	0.990277852200461	0.995726803192758	0.358974358974359	0.212037185560799	0.528204886374588	0.0416666666666666	0.00105435244546974	0.211201683456973	0.0384615384615384	0.00097328789333503	0.196369646762539	0.0759256271678631	0.00184650716748434	0.468358512273702	0.000413455103163596	16	1065	True	False	0	0	0	0	0	0	0	0.977922077922078	0.468855039344477	1.95992921546648	0.000463606861381548	1.17374406123622e-05	0.00258031644859463	0.993403693931398	0.990277852200461	0.995726803192758	731							3) Uncertain significance		No change			no			1	3							False					unresolved
Ethionamide	inhA	c.-424C>T	inhA_c.-424C>T	1	upstream_gene_variant	1673778	1	2	0	2	0	2	5212	15485	0	0	0.000707516179821284	0.99987085943049	0.99953357854254	0.999984360095269	0	0	0.841886116991581	0	0	0.841886116991581	0	0	0.841886116991581	0	0	15.8232972540303	1	815	2233	False	False	0	0	15.8232972540303	0	0	0.000707516179821284	0.99987085943049	0.99953357854254	0.999984360095269	3) Uncertain significance	3) Uncertain significance	ALL+WHO	3) Uncertain significance																																0	0	0	0	0	0	0										2							3) Uncertain significance		No change			no			1	3							False					unresolved
Ethionamide	inhA	c.-436C>T	inhA_c.-436C>T	1	upstream_gene_variant	1673766	1	0	0	0	0	1	5212	15486	0	0	0.000707516179821284	0.999935429715245	0.999640290494779	0.999998365223265	0	0	0.975				0	0	0.975					1176	2233	False	False	0	0	115.677422765729	0	0	0.000707516179821284	0.999935429715245	0.999640290494779	0.999998365223265	3) Uncertain significance	3) Uncertain significance	ALL+WHO	3) Uncertain significance																																0	0	0	0	0	0	0										7							3) Uncertain significance		No change			no			1	3							False					unresolved
Ethionamide	inhA	c.-466G>T	inhA_c.-466G>T	1	upstream_gene_variant	1673736	1	1	0	1	0	1	5212	15486	0	0	0.000707516179821284	0.999935429715245	0.999640290494779	0.999998365223265	0	0	0.975	0	0	0.975	0	0	0.975	0	0	115.677422765729	1	815	2233	False	False	0	0	115.677422765729	0	0	0.000707516179821284	0.999935429715245	0.999640290494779	0.999998365223265	3) Uncertain significance	3) Uncertain significance	ALL+WHO	3) Uncertain significance																																0	0	0	0	0	0	0										3							3) Uncertain significance		No change			no			1	3							False					unresolved
Ethionamide	inhA	c.-472C>T	inhA_c.-472C>T	1	upstream_gene_variant	1673730	1	0	0	0	0	1	5212	15486	0	0	0.000707516179821284	0.999935429715245	0.999640290494779	0.999998365223265	0	0	0.975				0	0	0.975					1163	2233	False	False	0	0	115.677422765729	0	0	0.000707516179821284	0.999935429715245	0.999640290494779	0.999998365223265	3) Uncertain significance	3) Uncertain significance	ALL+WHO	3) Uncertain significance																																0	0	0	0	0	0	0																	3) Uncertain significance		No change			no			1	3							False					unresolved
Ethionamide	inhA	c.477C>T	inhA_c.477C>T	1	synonymous_variant	"(see ""Genomic_coordinates"" sheet)"	1				0	3	5212	15484	0	0	0.000707516179821284	0.999806289145735	0.999434000080036	0.999960050383188	0	0	0.707598226178713													False	False	0	0	7.19247409791798							3) Uncertain significance	3) Uncertain significance	ALL+WHO	3) Uncertain significance																																0	0	0	0	0	0	0										6						Silent mutation	4) Not assoc w R - Interim		Now listed		Silent mutation	no			0	4							False					unresolved
Ethionamide	inhA	c.-478A>C	inhA_c.-478A>C	1	upstream_gene_variant	1673724	1	1	0	1	0	1	5212	15486	0	0	0.000707516179821284	0.999935429715245	0.999640290494779	0.999998365223265	0	0	0.975	0	0	0.975	0	0	0.975	0	0	115.677422765729	1	815	2233	False	False	0	0	115.677422765729	0	0	0.000707516179821284	0.999935429715245	0.999640290494779	0.999998365223265	3) Uncertain significance	3) Uncertain significance	ALL+WHO	3) Uncertain significance																																0	0	0	0	0	0	0																	3) Uncertain significance		No change			no			1	3							False					unresolved
Ethionamide	inhA	c.486G>A	inhA_c.486G>A	1	synonymous_variant	"(see ""Genomic_coordinates"" sheet)"	1				0	1	5212	15486	0	0	0.000707516179821284	0.999935429715245	0.999640290494779	0.999998365223265	0	0	0.975													False	False	0	0	115.677422765729							3) Uncertain significance	3) Uncertain significance	ALL+WHO	3) Uncertain significance																																0	0	0	0	0	0	0										3						Silent mutation	4) Not assoc w R - Interim		Now listed		Silent mutation	no			0	4							False					unresolved
Ethionamide	inhA	c.-486G>T	inhA_c.-486G>T	1	upstream_gene_variant	1673716	1	0	0	0	0	1	5212	15486	0	0	0.000707516179821284	0.999935429715245	0.999640290494779	0.999998365223265	0	0	0.975				0	0	0.975					1127	2233	False	False	0	0	115.677422765729	0	0	0.000707516179821284	0.999935429715245	0.999640290494779	0.999998365223265	3) Uncertain significance	3) Uncertain significance	ALL+WHO	3) Uncertain significance																																0	0	0	0	0	0	0																	3) Uncertain significance		New Uncertain			no			0	3							False					unresolved
Ethionamide	inhA	c.-487C>A	inhA_c.-487C>A	1	upstream_gene_variant	1673715	1	1	1	0	1	0	5211	15487	0.000191864927091327	4.85758758490123e-06	0.00106853423925776	1	0.999761836368682	1	1	0.025	1	1	0.025	1	1	0.025	1	Inf	0.0761899451219867	Inf	0.251799603845596	276	2233	False	False	Inf	0.0761899451219867	Inf	0.000191864927091327	4.85758758490123e-06	0.00106853423925776	1	0.999761836368682	1	3) Uncertain significance	3) Uncertain significance	ALL+WHO	3) Uncertain significance	1	1	1	0	1	0	2169	3790	0.000460829493087557	1.16671245580613e-05	0.00256487461233225	1	0.999027154404229	1	1	0.025	1	1	0.025	1	1	0.025	1	Inf	0.0447829748447436	Inf	0.364093959731543	164	1065	False	False	0	0	0	0	0	0	0	Inf	0.0447829748447436	Inf	0.000460829493087557	1.16671245580613e-05	0.00256487461233225	1	0.999027154404229	1								3) Uncertain significance		New Uncertain			no			0	3							False					unresolved
Ethionamide	inhA	c.-487C>G	inhA_c.-487C>G	1	upstream_gene_variant	1673715	1	1	0	1	0	2	5212	15485	0	0	0.000707516179821284	0.99987085943049	0.99953357854254	0.999984360095269	0	0	0.841886116991581	0	0	0.975	0	0	0.841886116991581	0	0	115.669966941234	1	815	2233	False	False	0	0	15.8232972540303	0	0	0.000707516179821284	0.99987085943049	0.99953357854254	0.999984360095269	3) Uncertain significance	3) Uncertain significance	ALL+WHO	3) Uncertain significance																																0	0	0	0	0	0	0										12							3) Uncertain significance		New Uncertain			no			0	3							False					unresolved
Ethionamide	inhA	c.-510C>G	inhA_c.-510C>G	1	upstream_gene_variant	1673692	0	0	0	0	3	0	5209	15487	0.000575594781273983	0.000118717215010897	0.00168120176197813	1	0.999761836368682	1	1	0.292401773821286	1											1161	2233	False	False	Inf	1.22809956796298	Inf	0	0	0.000707923512718415	1	0.999761836368682	1	3) Uncertain significance	3) Uncertain significance	ALL+WHO	3) Uncertain significance																																0	0	0	0	0	0	0										2							3) Uncertain significance		No change			no			1	3							False					unresolved
Ethionamide	inhA	c.-520G>C	inhA_c.-520G>C	1	upstream_gene_variant	1673682	1	1	0	1	0	1	5212	15486	0	0	0.000707516179821284	0.999935429715245	0.999640290494779	0.999998365223265	0	0	0.975	0	0	0.975	0	0	0.975	0	0	115.677422765729	1	815	2233	False	False	0	0	115.677422765729	0	0	0.000707516179821284	0.999935429715245	0.999640290494779	0.999998365223265	3) Uncertain significance	3) Uncertain significance	ALL+WHO	3) Uncertain significance																																0	0	0	0	0	0	0										1							3) Uncertain significance		No change			no			1	3							False					unresolved
Ethionamide	inhA	c.-522C>G	inhA_c.-522C>G	1	upstream_gene_variant	1673680	1	0	0	0	0	14	5212	15473	0	0	0.000707516179821284	0.99909601601343	0.998483733164878	0.999505698211522	0	0	0.231635761650116				0	0	0.231635761650116					1151	2233	False	False	0	0	0.895402656698445	0	0	0.000707516179821284	0.99909601601343	0.998483733164878	0.999505698211522	3) Uncertain significance	3) Uncertain significance	ALL+WHO	3) Uncertain significance	1	0	0	0	0	4	2170	3786	0	0	0.00169850036174098	0.998944591029023	0.997299958285064	0.999712364080324	0	0	0.602364635616474				0	0	0.602364635616474					529	1065	False	False	0	0	0	0	0	0	0	0	0	2.6454264678615	0	0	0.00169850036174098	0.998944591029023	0.997299958285064	0.999712364080324	48							3) Uncertain significance		No change			no			1	3							False					unresolved
Ethionamide	inhA	c.522C>T	inhA_c.522C>T	1	synonymous_variant	"(see ""Genomic_coordinates"" sheet)"					1	0	5211	15487	0.000191864927091327	4.85758758490123e-06	0.00106853423925776	1	0.999761836368682	1	1	0.025	1													False	False	Inf	0.0761899451219867	Inf							3) Uncertain significance	3) Uncertain significance	ALL+WHO	3) Uncertain significance																																0	0	0	0	0	0	0																Silent mutation	4) Not assoc w R - Interim		Now listed		Silent mutation	no			0	4							False					unresolved
Ethionamide	inhA	c.-523T>C	inhA_c.-523T>C	1	upstream_gene_variant	1673679	1	1	0	1	0	1	5212	15486	0	0	0.000707516179821284	0.999935429715245	0.999640290494779	0.999998365223265	0	0	0.975	0	0	0.975	0	0	0.975	0	0	115.677422765729	1	815	2233	False	False	0	0	115.677422765729	0	0	0.000707516179821284	0.999935429715245	0.999640290494779	0.999998365223265	3) Uncertain significance	3) Uncertain significance	ALL+WHO	3) Uncertain significance																																0	0	0	0	0	0	0										2							3) Uncertain significance		No change			no			1	3							False					unresolved
Ethionamide	inhA	c.-526G>T	inhA_c.-526G>T	1	upstream_gene_variant	1673676	1	0	0	0	0	1	5212	15486	0	0	0.000707516179821284	0.999935429715245	0.999640290494779	0.999998365223265	0	0	0.975				0	0	0.975					1157	2233	False	False	0	0	115.677422765729	0	0	0.000707516179821284	0.999935429715245	0.999640290494779	0.999998365223265	3) Uncertain significance	3) Uncertain significance	ALL+WHO	3) Uncertain significance																																0	0	0	0	0	0	0																	3) Uncertain significance		No change			no			1	3							False					unresolved
Ethionamide	inhA	c.-529C>A	inhA_c.-529C>A	1	upstream_gene_variant	1673673	1	2	0	2	0	2	5212	15485	0	0	0.000707516179821284	0.99987085943049	0.99953357854254	0.999984360095269	0	0	0.841886116991581	0	0	0.841886116991581	0	0	0.841886116991581	0	0	15.8232972540303	1	815	2233	False	False	0	0	15.8232972540303	0	0	0.000707516179821284	0.99987085943049	0.99953357854254	0.999984360095269	3) Uncertain significance	3) Uncertain significance	ALL+WHO	3) Uncertain significance																																0	0	0	0	0	0	0																	3) Uncertain significance		No change			no			1	3							False					unresolved
Ethionamide	inhA	c.537C>A	inhA_c.537C>A	1	synonymous_variant	"(see ""Genomic_coordinates"" sheet)"	1				0	1	5212	15486	0	0	0.000707516179821284	0.999935429715245	0.999640290494779	0.999998365223265	0	0	0.975													False	False	0	0	115.677422765729							3) Uncertain significance	3) Uncertain significance	ALL+WHO	3) Uncertain significance																																0	0	0	0	0	0	0																Silent mutation	4) Not assoc w R - Interim		Now listed		Silent mutation	no			0	4							False					unresolved
Ethionamide	inhA	c.-541G>C	inhA_c.-541G>C	1	upstream_gene_variant	1673661	1	1	0	1	0	1	5212	15486	0	0	0.000707516179821284	0.999935429715245	0.999640290494779	0.999998365223265	0	0	0.975	0	0	0.975	0	0	0.975	0	0	115.677422765729	1	815	2233	False	False	0	0	115.677422765729	0	0	0.000707516179821284	0.999935429715245	0.999640290494779	0.999998365223265	3) Uncertain significance	3) Uncertain significance	ALL+WHO	3) Uncertain significance																																0	0	0	0	0	0	0										3							3) Uncertain significance		No change			no			1	3							False					unresolved
Ethionamide	inhA	c.-547C>T	inhA_c.-547C>T	1	upstream_gene_variant	1673655	1	0	0	0	0	1	5212	15486	0	0	0.000707516179821284	0.999935429715245	0.999640290494779	0.999998365223265	0	0	0.975				0	0	0.975					1166	2233	False	False	0	0	115.677422765729	0	0	0.000707516179821284	0.999935429715245	0.999640290494779	0.999998365223265	3) Uncertain significance	3) Uncertain significance	ALL+WHO	3) Uncertain significance																																0	0	0	0	0	0	0										1							3) Uncertain significance		No change			no			1	3							False					unresolved
Ethionamide	inhA	c.549T>A	inhA_c.549T>A	1	synonymous_variant	"(see ""Genomic_coordinates"" sheet)"	1				0	1	5212	15486	0	0	0.000707516179821284	0.999935429715245	0.999640290494779	0.999998365223265	0	0	0.975													False	False	0	0	115.677422765729							3) Uncertain significance	3) Uncertain significance	ALL+WHO	3) Uncertain significance																																0	0	0	0	0	0	0																Silent mutation	4) Not assoc w R - Interim		Now listed		Silent mutation	no			0	4							False					unresolved
Ethionamide	inhA	c.-552G>A	inhA_c.-552G>A	1	upstream_gene_variant	1673650	1	2	0	2	0	2	5212	15485	0	0	0.000707516179821284	0.99987085943049	0.99953357854254	0.999984360095269	0	0	0.841886116991581	0	0	0.841886116991581	0	0	0.841886116991581	0	0	15.8232972540303	1	815	2233	False	False	0	0	15.8232972540303	0	0	0.000707516179821284	0.99987085943049	0.99953357854254	0.999984360095269	3) Uncertain significance	3) Uncertain significance	ALL+WHO	3) Uncertain significance																																0	0	0	0	0	0	0																	3) Uncertain significance		No change			no			1	3							False					unresolved
Ethionamide	inhA	c.555T>C	inhA_c.555T>C	1	synonymous_variant	"(see ""Genomic_coordinates"" sheet)"	1				0	1	5212	15486	0	0	0.000707516179821284	0.999935429715245	0.999640290494779	0.999998365223265	0	0	0.975													False	False	0	0	115.677422765729							3) Uncertain significance	3) Uncertain significance	ALL+WHO	3) Uncertain significance																																0	0	0	0	0	0	0										2						Silent mutation	4) Not assoc w R - Interim		Now listed		Silent mutation	no			0	4							False					unresolved
Ethionamide	inhA	c.567T>G	inhA_c.567T>G	1	synonymous_variant	"(see ""Genomic_coordinates"" sheet)"	1				0	1	5212	15486	0	0	0.000707516179821284	0.999935429715245	0.999640290494779	0.999998365223265	0	0	0.975													False	False	0	0	115.677422765729							3) Uncertain significance	3) Uncertain significance	ALL+WHO	3) Uncertain significance																																0	0	0	0	0	0	0																Silent mutation	4) Not assoc w R - Interim		Now listed		Silent mutation	no			0	4							False					unresolved
Ethionamide	inhA	c.-602G>A	inhA_c.-602G>A	1	upstream_gene_variant	1673600	1	1	0	1	1	1	5211	15486	0.000191864927091327	4.85758758490123e-06	0.00106853423925776	0.999935429715245	0.999640290494779	0.999998365223265	0.5	0.012579117093425	0.987420882906574	0	0	0.975	0	0	0.975	0	0	115.699581334225	1	815	2233	False	False	2.97179044329303	0.0378514560716107	232.854636669753	0	0	0.000707651905360176	0.999935429715245	0.999640290494779	0.999998365223265	3) Uncertain significance	3) Uncertain significance	ALL+WHO	3) Uncertain significance																																0	0	0	0	0	0	0																	3) Uncertain significance		No change			no			1	3							False					unresolved
Ethionamide	inhA	c.603G>C	inhA_c.603G>C	1	synonymous_variant	"(see ""Genomic_coordinates"" sheet)"	1				0	1	5212	15486	0	0	0.000707516179821284	0.999935429715245	0.999640290494779	0.999998365223265	0	0	0.975													False	False	0	0	115.677422765729							3) Uncertain significance	3) Uncertain significance	ALL+WHO	3) Uncertain significance																																0	0	0	0	0	0	0																Silent mutation	4) Not assoc w R - Interim		Now listed		Silent mutation	no			0	4							False					unresolved
Ethionamide	inhA	c.615T>C	inhA_c.615T>C	1	synonymous_variant	"(see ""Genomic_coordinates"" sheet)"	1				0	1	5212	15486	0	0	0.000707516179821284	0.999935429715245	0.999640290494779	0.999998365223265	0	0	0.975													False	False	0	0	115.677422765729							3) Uncertain significance	3) Uncertain significance	ALL+WHO	3) Uncertain significance	1				0	1	2170	3789	0	0	0.00169850036174098	0.999736147757256	0.998530795728906	0.999993319861894	0	0	0.975													False	False	0	0	0	0	0	0	0	0	0	68.0438514794824							8						Silent mutation	4) Not assoc w R - Interim		Now listed		Silent mutation	no			0	4							False					unresolved
Ethionamide	inhA	c.-616C>T	inhA_c.-616C>T	1	upstream_gene_variant	1673586	1	1	0	1	0	1	5212	15486	0	0	0.000707516179821284	0.999935429715245	0.999640290494779	0.999998365223265	0	0	0.975	0	0	0.975	0	0	0.975	0	0	115.677422765729	1	815	2233	False	False	0	0	115.677422765729	0	0	0.000707516179821284	0.999935429715245	0.999640290494779	0.999998365223265	3) Uncertain significance	3) Uncertain significance	ALL+WHO	3) Uncertain significance																																0	0	0	0	0	0	0																	3) Uncertain significance		No change			no			1	3							False					unresolved
Ethionamide	inhA	c.-631C>T	inhA_c.-631C>T	1	upstream_gene_variant	1673571	1	1	0	1	0	1	5212	15486	0	0	0.000707516179821284	0.999935429715245	0.999640290494779	0.999998365223265	0	0	0.975	0	0	0.975	0	0	0.975	0	0	115.677422765729	1	815	2233	False	False	0	0	115.677422765729	0	0	0.000707516179821284	0.999935429715245	0.999640290494779	0.999998365223265	3) Uncertain significance	3) Uncertain significance	ALL+WHO	3) Uncertain significance																																0	0	0	0	0	0	0																	3) Uncertain significance		New Uncertain			no			0	3							False					unresolved
Ethionamide	inhA	c.636C>T	inhA_c.636C>T	1	synonymous_variant	"(see ""Genomic_coordinates"" sheet)"	1				0	1	5212	15486	0	0	0.000707516179821284	0.999935429715245	0.999640290494779	0.999998365223265	0	0	0.975													False	False	0	0	115.677422765729							3) Uncertain significance	3) Uncertain significance	ALL+WHO	3) Uncertain significance																																0	0	0	0	0	0	0										1						Silent mutation	4) Not assoc w R - Interim		Now listed		Silent mutation	no			0	4							False					unresolved
Ethionamide	inhA	c.-636G>A	inhA_c.-636G>A	1	upstream_gene_variant	1673566	1	1	0	1	0	1	5212	15486	0	0	0.000707516179821284	0.999935429715245	0.999640290494779	0.999998365223265	0	0	0.975	0	0	0.975	0	0	0.975	0	0	115.677422765729	1	815	2233	False	False	0	0	115.677422765729	0	0	0.000707516179821284	0.999935429715245	0.999640290494779	0.999998365223265	3) Uncertain significance	3) Uncertain significance	ALL+WHO	3) Uncertain significance																																0	0	0	0	0	0	0																	3) Uncertain significance		No change			no			1	3							False					unresolved
Ethionamide	inhA	c.648G>A	inhA_c.648G>A	1	synonymous_variant	"(see ""Genomic_coordinates"" sheet)"	1				0	1	5212	15486	0	0	0.000707516179821284	0.999935429715245	0.999640290494779	0.999998365223265	0	0	0.975													False	False	0	0	115.677422765729							3) Uncertain significance	3) Uncertain significance	ALL+WHO	3) Uncertain significance																																0	0	0	0	0	0	0																Silent mutation	4) Not assoc w R - Interim		Now listed		Silent mutation	no			0	4							False					unresolved
Ethionamide	inhA	c.649C>T	inhA_c.649C>T	1	synonymous_variant	"(see ""Genomic_coordinates"" sheet)"	1				0	1	5212	15486	0	0	0.000707516179821284	0.999935429715245	0.999640290494779	0.999998365223265	0	0	0.975													False	False	0	0	115.677422765729							3) Uncertain significance	3) Uncertain significance	ALL+WHO	3) Uncertain significance																																0	0	0	0	0	0	0										1						Silent mutation	4) Not assoc w R - Interim		Now listed		Silent mutation	no			0	4							False					unresolved
Ethionamide	inhA	c.663C>T	inhA_c.663C>T	1	synonymous_variant	"(see ""Genomic_coordinates"" sheet)"	1				0	1	5212	15486	0	0	0.000707516179821284	0.999935429715245	0.999640290494779	0.999998365223265	0	0	0.975													False	False	0	0	115.677422765729							3) Uncertain significance	3) Uncertain significance	ALL+WHO	3) Uncertain significance																																0	0	0	0	0	0	0										2						Silent mutation	4) Not assoc w R - Interim		Now listed		Silent mutation	no			0	4							False					unresolved
Ethionamide	inhA	c.-67C>T	inhA_c.-67C>T	1	upstream_gene_variant	1674135	1	7	1	6	4	8	5208	15479	0.00076745970836531	0.000209145270149598	0.00196382534650725	0.99948343772196	0.998982421476308	0.999776959534822	0.333333333333333	0.0992460911495833	0.651124493581186	0.142857142857142	0.00361029686190058	0.578723197043195	0.111111111111111	0.00280913674659921	0.482496514917337	0.495359703020993	0.010770969402106	4.08451580207892	0.687787823497333	477	2233	False	False	1.48607910906298	0.327343181309975	5.54928881094045	0.000191975427145325	4.860385190457e-06	0.00106914936617667	0.99948343772196	0.998982421476308	0.999776959534822	3) Uncertain significance	3) Uncertain significance	ALL+WHO	3) Uncertain significance	1	1	0	1	1	2	2169	3788	0.000460829493087557	1.16671245580613e-05	0.00256487461233225	0.999472295514512	0.998095063429584	0.999936086148442	0.333333333333333	0.00840375865961264	0.905700675949754	0	0	0.975	0	0	0.841886116991581	0	0	68.0572464902929	1	405	1065	False	False	0	0	0	0	0	0	0	0.87321346242508	0.0147995228023146	16.7833115850342	0	0	0.0016992827759538	0.999472295514512	0.998095063429584	0.999936086148442	11							3) Uncertain significance		No change			no			1	3							False					unresolved
Ethionamide	inhA	c.684C>T	inhA_c.684C>T	1	synonymous_variant	"(see ""Genomic_coordinates"" sheet)"	1				0	3	5212	15484	0	0	0.000707516179821284	0.999806289145735	0.999434000080036	0.999960050383188	0	0	0.707598226178713													False	False	0	0	7.19247409791798							3) Uncertain significance	3) Uncertain significance	ALL+WHO	3) Uncertain significance																																0	0	0	0	0	0	0																Silent mutation	4) Not assoc w R - Interim		Now listed		Silent mutation	no			0	4							False					unresolved
Ethionamide	inhA	c.-688G>A	inhA_c.-688G>A	1	upstream_gene_variant	1673514	1	1	0	1	0	1	5212	15486	0	0	0.000707516179821284	0.999935429715245	0.999640290494779	0.999998365223265	0	0	0.975	0	0	0.975	0	0	0.975	0	0	115.677422765729	1	815	2233	False	False	0	0	115.677422765729	0	0	0.000707516179821284	0.999935429715245	0.999640290494779	0.999998365223265	3) Uncertain significance	3) Uncertain significance	ALL+WHO	3) Uncertain significance																																0	0	0	0	0	0	0																	3) Uncertain significance		No change			no			1	3							False					unresolved
Ethionamide	inhA	c.-700C>T	inhA_c.-700C>T	1	upstream_gene_variant	1673502	1	0	0	0	0	1	5212	15486	0	0	0.000707516179821284	0.999935429715245	0.999640290494779	0.999998365223265	0	0	0.975				0	0	0.975					1141	2233	False	False	0	0	115.677422765729	0	0	0.000707516179821284	0.999935429715245	0.999640290494779	0.999998365223265	3) Uncertain significance	3) Uncertain significance	ALL+WHO	3) Uncertain significance																																0	0	0	0	0	0	0										1							3) Uncertain significance		No change			no			1	3							False					unresolved
Ethionamide	inhA	c.-705G>A	inhA_c.-705G>A	1	upstream_gene_variant	1673497	1	2	0	2	0	2	5212	15485	0	0	0.000707516179821284	0.99987085943049	0.99953357854254	0.999984360095269	0	0	0.841886116991581	0	0	0.841886116991581	0	0	0.841886116991581	0	0	15.8232972540303	1	815	2233	False	False	0	0	15.8232972540303	0	0	0.000707516179821284	0.99987085943049	0.99953357854254	0.999984360095269	3) Uncertain significance	3) Uncertain significance	ALL+WHO	3) Uncertain significance																																0	0	0	0	0	0	0										3							3) Uncertain significance		No change			no			1	3							False					unresolved
Ethionamide	inhA	c.-706G>A	inhA_c.-706G>A	1	upstream_gene_variant	1673496	0	0	0	0	1	0	5211	15487	0.000191864927091327	4.85758758490123e-06	0.00106853423925776	1	0.999761836368682	1	1	0.025	1											1170	2233	False	False	Inf	0.0761899451219867	Inf	0	0	0.000707651905360176	1	0.999761836368682	1	3) Uncertain significance	3) Uncertain significance	ALL+WHO	3) Uncertain significance	0	0	0	0	1	0	2169	3790	0.000460829493087557	1.16671245580613e-05	0.00256487461233225	1	0.999027154404229	1	1	0.025	1											536	1065	False	False	0	0	0	0	0	0	0	Inf	0.0447829748447436	Inf	0	0	0.0016992827759538	1	0.999027154404229	1	1							3) Uncertain significance		New Uncertain			no			0	3							False					unresolved
Ethionamide	inhA	c.714C>A	inhA_c.714C>A	1	synonymous_variant	"(see ""Genomic_coordinates"" sheet)"	1				0	1	5212	15486	0	0	0.000707516179821284	0.999935429715245	0.999640290494779	0.999998365223265	0	0	0.975													False	False	0	0	115.677422765729							3) Uncertain significance	3) Uncertain significance	ALL+WHO	3) Uncertain significance																																0	0	0	0	0	0	0																Silent mutation	4) Not assoc w R - Interim		Now listed		Silent mutation	no			0	4							False					unresolved
Ethionamide	inhA	c.-715T>C	inhA_c.-715T>C	1	upstream_gene_variant	1673487	1	1	0	1	0	2	5212	15485	0	0	0.000707516179821284	0.99987085943049	0.99953357854254	0.999984360095269	0	0	0.841886116991581	0	0	0.975	0	0	0.841886116991581	0	0	115.669966941234	1	815	2233	False	False	0	0	15.8232972540303	0	0	0.000707516179821284	0.99987085943049	0.99953357854254	0.999984360095269	3) Uncertain significance	3) Uncertain significance	ALL+WHO	3) Uncertain significance	1	0	0	0	0	1	2170	3789	0	0	0.00169850036174098	0.999736147757256	0.998530795728906	0.999993319861894	0	0	0.975				0	0	0.975					517	1065	False	False	0	0	0	0	0	0	0	0	0	68.0438514794824	0	0	0.00169850036174098	0.999736147757256	0.998530795728906	0.999993319861894	2							3) Uncertain significance		New Uncertain			no			0	3							False					unresolved
Ethionamide	inhA	c.726G>A	inhA_c.726G>A	1	synonymous_variant	"(see ""Genomic_coordinates"" sheet)"	1				0	1	5212	15486	0	0	0.000707516179821284	0.999935429715245	0.999640290494779	0.999998365223265	0	0	0.975													False	False	0	0	115.677422765729							3) Uncertain significance	3) Uncertain significance	ALL+WHO	3) Uncertain significance																																0	0	0	0	0	0	0										1						Silent mutation	4) Not assoc w R - Interim		Now listed		Silent mutation	no			0	4							False					unresolved
Ethionamide	inhA	c.-728C>G	inhA_c.-728C>G	1	upstream_gene_variant	1673474	1	5	1	4	3	4	5209	15483	0.000575594781273983	0.000118717215010897	0.00168120176197813	0.99974171886098	0.999338830952079	0.999929622742193	0.428571428571428	0.0989882784425078	0.815948432359917	0.2	0.00505076337946806	0.716417936118089	0.2	0.00505076337946806	0.716417936118089	0.743088884622768	0.0150900426402587	7.51277951563208	1	496.5	2233	False	False	2.2292666538683	0.326438409930677	13.182222747906	0.00019193857965451	4.85945229729366e-06	0.00106894424519385	0.99974171886098	0.999338830952079	0.999929622742193	3) Uncertain significance	3) Uncertain significance	ALL+WHO	3) Uncertain significance																																0	0	0	0	0	0	0										9							3) Uncertain significance		No change			no			1	3							False					unresolved
Ethionamide	inhA	c.-730C>T	inhA_c.-730C>T	1	upstream_gene_variant	1673472	1	1	0	1	0	1	5212	15486	0	0	0.000707516179821284	0.999935429715245	0.999640290494779	0.999998365223265	0	0	0.975	0	0	0.975	0	0	0.975	0	0	115.677422765729	1	815	2233	False	False	0	0	115.677422765729	0	0	0.000707516179821284	0.999935429715245	0.999640290494779	0.999998365223265	3) Uncertain significance	3) Uncertain significance	ALL+WHO	3) Uncertain significance																																0	0	0	0	0	0	0										1							3) Uncertain significance		No change			no			1	3							False					unresolved
Ethionamide	inhA	c.732G>A	inhA_c.732G>A	1	synonymous_variant	"(see ""Genomic_coordinates"" sheet)"					1	0	5211	15487	0.000191864927091327	4.85758758490123e-06	0.00106853423925776	1	0.999761836368682	1	1	0.025	1													False	False	Inf	0.0761899451219867	Inf							3) Uncertain significance	3) Uncertain significance	ALL+WHO	3) Uncertain significance					1	0	2169	3790	0.000460829493087557	1.16671245580613e-05	0.00256487461233225	1	0.999027154404229	1	1	0.025	1													False	False	0	0	0	0	0	0	0	Inf	0.0447829748447436	Inf													Silent mutation	4) Not assoc w R - Interim		Now listed		Silent mutation	no			0	4							False					unresolved
Ethionamide	inhA	c.-734A>G	inhA_c.-734A>G	1	upstream_gene_variant	1673468	1	1	0	1	0	1	5212	15486	0	0	0.000707516179821284	0.999935429715245	0.999640290494779	0.999998365223265	0	0	0.975	0	0	0.975	0	0	0.975	0	0	115.677422765729	1	815	2233	False	False	0	0	115.677422765729	0	0	0.000707516179821284	0.999935429715245	0.999640290494779	0.999998365223265	3) Uncertain significance	3) Uncertain significance	ALL+WHO	3) Uncertain significance																																0	0	0	0	0	0	0																	3) Uncertain significance		No change			no			1	3							False					unresolved
Ethionamide	inhA	c.738G>A	inhA_c.738G>A	1	synonymous_variant	"(see ""Genomic_coordinates"" sheet)"	1				0	1	5212	15486	0	0	0.000707516179821284	0.999935429715245	0.999640290494779	0.999998365223265	0	0	0.975													False	False	0	0	115.677422765729							3) Uncertain significance	3) Uncertain significance	ALL+WHO	3) Uncertain significance																																0	0	0	0	0	0	0																Silent mutation	4) Not assoc w R - Interim		Now listed		Silent mutation	no			0	4							False					unresolved
Ethionamide	inhA	c.-752C>G	inhA_c.-752C>G	1	upstream_gene_variant	1673450	1	0	0	0	0	1	5212	15486	0	0	0.000707516179821284	0.999935429715245	0.999640290494779	0.999998365223265	0	0	0.975				0	0	0.975					1178	2233	False	False	0	0	115.677422765729	0	0	0.000707516179821284	0.999935429715245	0.999640290494779	0.999998365223265	3) Uncertain significance	3) Uncertain significance	ALL+WHO	3) Uncertain significance	1	0	0	0	0	1	2170	3789	0	0	0.00169850036174098	0.999736147757256	0.998530795728906	0.999993319861894	0	0	0.975				0	0	0.975					541	1065	False	False	0	0	0	0	0	0	0	0	0	68.0438514794824	0	0	0.00169850036174098	0.999736147757256	0.998530795728906	0.999993319861894								3) Uncertain significance		No change			no			1	3							False					unresolved
Ethionamide	inhA	c.-752C>T	inhA_c.-752C>T	1	upstream_gene_variant	1673450	1	5	1	4	1	4	5211	15483	0.000191864927091327	4.85758758490123e-06	0.00106853423925776	0.99974171886098	0.999338830952079	0.999929622742193	0.2	0.00505076337946806	0.716417936118089	0.2	0.00505076337946806	0.716417936118089	0.2	0.00505076337946806	0.716417936118089	0.742803684513529	0.0150842538989179	7.50989306640636	1	815	2233	False	False	0.742803684513529	0.0150842538989179	7.50989306640636	0.000191864927091327	4.85758758490123e-06	0.00106853423925776	0.99974171886098	0.999338830952079	0.999929622742193	3) Uncertain significance	3) Uncertain significance	ALL+WHO	3) Uncertain significance	1	1	0	1	0	1	2170	3789	0	0	0.00169850036174098	0.999736147757256	0.998530795728906	0.999993319861894	0	0	0.975	0	0	0.975	0	0	0.975	0	0	68.0438514794824	1	405	1065	False	False	0	0	0	0	0	0	0	0	0	68.0438514794824	0	0	0.00169850036174098	0.999736147757256	0.998530795728906	0.999993319861894	7							3) Uncertain significance		No change			no			1	3							False					unresolved
Ethionamide	inhA	c.75C>A	inhA_c.75C>A	1	synonymous_variant	"(see ""Genomic_coordinates"" sheet)"	1				0	2	5212	15485	0	0	0.000707516179821284	0.99987085943049	0.99953357854254	0.999984360095269	0	0	0.841886116991581													False	False	0	0	15.8232972540303							3) Uncertain significance	3) Uncertain significance	ALL+WHO	3) Uncertain significance	1				0	2	2170	3788	0	0	0.00169850036174098	0.999472295514512	0.998095063429584	0.999936086148442	0	0	0.841886116991581													False	False	0	0	0	0	0	0	0	0	0	9.2999762698034													Silent mutation	4) Not assoc w R - Interim		Now listed		Silent mutation	no			0	4							False					unresolved
Ethionamide	inhA	c.-764G>A	inhA_c.-764G>A	1	upstream_gene_variant	1673438	1	1	0	1	0	1	5212	15486	0	0	0.000707516179821284	0.999935429715245	0.999640290494779	0.999998365223265	0	0	0.975	0	0	0.975	0	0	0.975	0	0	115.677422765729	1	815	2233	False	False	0	0	115.677422765729	0	0	0.000707516179821284	0.999935429715245	0.999640290494779	0.999998365223265	3) Uncertain significance	3) Uncertain significance	ALL+WHO	3) Uncertain significance																																0	0	0	0	0	0	0										2							3) Uncertain significance		No change			no			1	3							False					unresolved
Ethionamide	inhA	c.-766C>A	inhA_c.-766C>A	1	upstream_gene_variant	1673436	2	1	1	0	1	0	5211	15487	0.000191864927091327	4.85758758490123e-06	0.00106853423925776	1	0.999761836368682	1	1	0.025	1	1	0.025	1	1	0.025	1	Inf	0.0761899451219867	Inf	0.251799603845596	276	2233	False	False	Inf	0.0761899451219867	Inf	0.000191864927091327	4.85758758490123e-06	0.00106853423925776	1	0.999761836368682	1	3) Uncertain significance	3) Uncertain significance	ALL+WHO	3) Uncertain significance	2	1	1	0	1	0	2169	3790	0.000460829493087557	1.16671245580613e-05	0.00256487461233225	1	0.999027154404229	1	1	0.025	1	1	0.025	1	1	0.025	1	Inf	0.0447829748447436	Inf	0.364093959731543	164	1065	False	False	0	0	0	0	0	0	0	Inf	0.0447829748447436	Inf	0.000460829493087557	1.16671245580613e-05	0.00256487461233225	1	0.999027154404229	1	1							3) Uncertain significance		New Uncertain			no			0	3							False					unresolved
Ethionamide	inhA	c.-767T>C	inhA_c.-767T>C	1	upstream_gene_variant	1673435	0	0	0	0	2	0	5210	15487	0.000383729854182655	4.64748443607068e-05	0.00138546957733054	1	0.999761836368682	1	1	0.158113883008419	1											1171	2233	False	False	Inf	0.55810577429468	Inf	0	0	0.000707787682982558	1	0.999761836368682	1	3) Uncertain significance	3) Uncertain significance	ALL+WHO	3) Uncertain significance	0	0	0	0	2	0	2168	3790	0.000921658986175115	0.000111636674590768	0.0033253435449308	1	0.999027154404229	1	1	0.158113883008419	1											537	1065	False	False	0	0	0	0	0	0	0	Inf	0.328088282833639	Inf	0	0	0.00170006591133688	1	0.999027154404229	1								3) Uncertain significance		No change			no			1	3							False					unresolved
Ethionamide	inhA	c.-770T>A	inhA_c.-770T>A	1	upstream_gene_variant	1673432	1	9	3	6	64	20	5148	15467	0.0122793553338449	0.00946909016043202	0.0156537482722407	0.9987085943049	0.998006229813624	0.999211003011252	0.761904761904761	0.656510536260659	0.848093719945216	0.333333333333333	0.0748546314196918	0.700704943791459	0.130434782608695	0.0277515074227932	0.335889137537121	1.50223387723387	0.243001203442086	7.03682952968211	0.699506188560585	480	2233	False	False	9.61429681429681	5.73579818323632	16.7950462755138	0.0005824111822947	0.000120123295662517	0.00170110001322063	0.9987085943049	0.998006229813624	0.999211003011252	3) Uncertain significance	3) Uncertain significance	ALL+WHO	3) Uncertain significance	1	4	2	2	8	5	2162	3785	0.00368663594470046	0.00159293019145598	0.00725115327762171	0.998680738786279	0.996923992057454	0.999571505100005	0.615384615384615	0.315777602914063	0.861420661109839	0.5	0.067585986488543	0.932414013511457	0.285714285714285	0.0366925661760855	0.709579136262657	1.75069380203515	0.12679061198722	24.17217925024	0.625081214446302	276	1065	False	False	0	0	0	0	0	0	0	2.80111008325624	0.806655041319276	10.8938792541651	0.000924214417744916	0.000111946257485536	0.00333455240606835	0.998680738786279	0.996923992057454	0.999571505100005	158			Assoc w RI		Marker of R	WHO-endorsed gDST assay	2) Assoc w R - Interim	Alias fabG1_c.-8T>A	No change			yes	WHO-end. gDST	I	1	2							False					unresolved
Ethionamide	inhA	c.-770T>C	inhA_c.-770T>C	1	upstream_gene_variant	1673432	1	26	9	17	186	164	5026	15323	0.0356868764389869	0.0308161824677721	0.041085995709825	0.989410473300187	0.987670823305089	0.990962408200048	0.531428571428571	0.477645050125461	0.584675975872874	0.346153846153846	0.172144138005666	0.55667192604239	0.0520231213872832	0.0240611351616775	0.0964565919471842	1.61404227429133	0.633505712326662	3.83097663762085	0.256115454246975	334	2233	False	False	3.45772470955907	2.78057239696513	4.30242454287401	0.00178748758689175	0.000817668679558365	0.00339048430108125	0.989410473300187	0.987670823305089	0.990962408200048	3) Uncertain significance	3) Uncertain significance	ALL+WHO	3) Uncertain significance	1	7	3	4	75	65	2095	3725	0.0345622119815668	0.0272804521315503	0.043133185262319	0.982849604221636	0.978192016128404	0.98673939131756	0.535714285714285	0.449540644204989	0.620344949811692	0.428571428571428	0.0989882784425078	0.815948432359917	0.0441176470588235	0.00919219520278738	0.123562624331778	1.3335322195704	0.195145223870607	7.89184736625567	0.707671854393956	283	1065	False	False	0	0	0	0	0	0	0	2.05158803010831	1.44517467025137	2.91815859835252	0.00142993326978074	0.000294983749851961	0.00417313153029698	0.982849604221636	0.978192016128404	0.98673939131756	112			Assoc w RI		Marker of R	WHO-endorsed gDST assay	2) Assoc w R - Interim	Alias fabG1_c.-8T>C	No change			yes	WHO-end. gDST	J	1	2							False					unresolved
Ethionamide	inhA	c.-770T>G	inhA_c.-770T>G	1	upstream_gene_variant	1673432	1	3	2	1	11	1	5201	15486	0.0021105141980046	0.00105401717787221	0.00377314786388412	0.999935429715245	0.999640290494779	0.999998365223265	0.916666666666666	0.615203834849055	0.997892406768139	0.666666666666666	0.0942993240502461	0.991596241340387	0.666666666666666	0.0942993240502461	0.991596241340387	5.95500865218227	0.309917883836641	350.553145630208	0.157898095231856	159	2233	False	False	32.7525475870024	4.75807868864481	1399.79305488175	0.000384393619065923	4.6555241067454e-05	0.00138786491955537	0.999935429715245	0.999640290494779	0.999998365223265	3) Uncertain significance	3) Uncertain significance	ALL+WHO	3) Uncertain significance	0	0	0	0	1	0	2169	3790	0.000460829493087557	1.16671245580613e-05	0.00256487461233225	1	0.999027154404229	1	1	0.025	1											525	1065	False	False	0	0	0	0	0	0	0	Inf	0.0447829748447436	Inf	0	0	0.0016992827759538	1	0.999027154404229	1	9						INH-ETO cross-resistance	2) Assoc w R - Interim	Alias fabG1_c.-8T>G	UP from Uncertain to AwRI			yes	INH-ETH X-R	K	4	2							False					unresolved
Ethionamide	inhA	c.-771G>A	inhA_c.-771G>A	1	upstream_gene_variant	1673431	1	2	0	2	1	3	5211	15484	0.000191864927091327	4.85758758490123e-06	0.00106853423925776	0.999806289145735	0.999434000080036	0.999960050383188	0.25	0.00630946320970987	0.805879550316756	0	0	0.841886116991581	0	0	0.707598226178713	0	0	15.825310980719	1	815	2233	False	False	0.990468879933474	0.0188633706776044	12.3373543450537	0	0	0.000707651905360176	0.999806289145735	0.999434000080036	0.999960050383188	3) Uncertain significance	3) Uncertain significance	ALL+WHO	3) Uncertain significance																																0	0	0	0	0	0	0										3							3) Uncertain significance		No change			no			1	3							False					unresolved
Ethionamide	inhA	c.777C>T	inhA_c.777C>T	1	synonymous_variant	"(see ""Genomic_coordinates"" sheet)"	1				0	1	5212	15486	0	0	0.000707516179821284	0.999935429715245	0.999640290494779	0.999998365223265	0	0	0.975													False	False	0	0	115.677422765729							3) Uncertain significance	3) Uncertain significance	ALL+WHO	3) Uncertain significance	1				0	1	2170	3789	0	0	0.00169850036174098	0.999736147757256	0.998530795728906	0.999993319861894	0	0	0.975													False	False	0	0	0	0	0	0	0	0	0	68.0438514794824													Silent mutation	4) Not assoc w R - Interim		Now listed		Silent mutation	no			0	4							False					unresolved
Ethionamide	inhA	c.-777C>T	inhA_c.-777C>T	1	upstream_gene_variant	1673425	1	1434	939	495	2166	745	3046	14742	0.415579432079815	0.402154552247415	0.429098934739929	0.951895137857558	0.948406796480786	0.955212453308546	0.744074201305393	0.727809777947729	0.75984658159852	0.654811715481171	0.629558288075844	0.679429196911425	0.557600950118764	0.533499216097864	0.581501591466963	9.1809347579538	8.16487317201835	10.3288899222422	0	1	2233	True	False	14.0711206687613	12.8241852539542	15.4448633561313	0.235633626097867	0.222529169206447	0.249126788903333	0.951895137857558	0.948406796480786	0.955212453308546	1) Assoc w R	1) Assoc w R	ALL+WHO	1) Assoc w R	1	478	305	173	906	338	1264	3452	0.417511520737327	0.396655417748371	0.438590742041091	0.910817941952506	0.90129250646168	0.919704155678108	0.728295819935691	0.702654071289621	0.752853802088301	0.638075313807531	0.59319935396765	0.681231269689512	0.474339035769828	0.43515988976348	0.513754768260031	4.81479110265603	3.93544361032117	5.89980224558074	3.06503368207662e-57	3	1065	True	False	0	0	0	0	0	0	0	7.32040671110778	6.34800731277142	8.44939902186405	0.194391332058636	0.175077703463269	0.214855530630583	0.910817941952506	0.90129250646168	0.919704155678108	2348			Assoc w R		Marker of R		1) Assoc w R	Alias fabG1_c.-15C>T	No change			yes		L	1	1							False					unresolved
Ethionamide	inhA	c.-778A>G	inhA_c.-778A>G	1	upstream_gene_variant	1673424	1	0	0	0	0	1	5212	15486	0	0	0.000707516179821284	0.999935429715245	0.999640290494779	0.999998365223265	0	0	0.975				0	0	0.975					1164	2233	False	False	0	0	115.677422765729	0	0	0.000707516179821284	0.999935429715245	0.999640290494779	0.999998365223265	3) Uncertain significance	3) Uncertain significance	ALL+WHO	3) Uncertain significance																																0	0	0	0	0	0	0													Assoc w RI		Marker of R	WHO-endorsed gDST assay	2) Assoc w R - Interim	Alias fabG1_c.-16A>G	no change			yes	WHO-end. gDST	M	1	2							False					unresolved
Ethionamide	inhA	c.-779G>T	inhA_c.-779G>T	1	upstream_gene_variant	1673423	1	61	7	54	122	139	5090	15348	0.0234075211051419	0.0194755121275618	0.0278848860416222	0.991024730419061	0.989411156398639	0.992449564795481	0.46743295019157	0.405660977183976	0.529952806990139	0.114754098360655	0.0474022571464175	0.222249208536497	0.047945205479452	0.0194910086404923	0.0962891497881954	0.390875354726042	0.149983948228451	0.86243769074865	0.0165283315976338	83	2233	False	False	2.64654351175248	2.05352604672703	3.40670829676003	0.00137335687659407	0.000552333341151018	0.00282758003274104	0.991024730419061	0.989411156398639	0.992449564795481	3) Uncertain significance	3) Uncertain significance	ALL+WHO	3) Uncertain significance	1	7	4	3	20	6	2150	3784	0.00921658986175115	0.00563856234802832	0.0141985462722211	0.998416886543535	0.996557436795264	0.999418810659556	0.769230769230769	0.563524903058613	0.910259889115424	0.571428571428571	0.184051567640083	0.901011721557492	0.4	0.121552258119827	0.737621923393055	2.34666666666666	0.396540838126657	16.0354287621201	0.263619737236914	80	1065	False	False	0	0	0	0	0	0	0	5.86666666666666	2.2671794465996	17.8731786289792	0.00185701021355617	0.000506197298913578	0.00474779872787239	0.998416886543535	0.996557436795264	0.999418810659556	287						INH-ETO cross-resistance	2) Assoc w R - Interim	Alias fabG1_c.-17G>T	UP from Uncertain to AwRI			yes	INH-ETH X-R	N	4	2							False					unresolved
Ethionamide	inhA	c.-781G>T	inhA_c.-781G>T	1	upstream_gene_variant	1673421	1	1	0	1	0	1	5212	15486	0	0	0.000707516179821284	0.999935429715245	0.999640290494779	0.999998365223265	0	0	0.975	0	0	0.975	0	0	0.975	0	0	115.677422765729	1	815	2233	False	False	0	0	115.677422765729	0	0	0.000707516179821284	0.999935429715245	0.999640290494779	0.999998365223265	3) Uncertain significance	3) Uncertain significance	ALL+WHO	3) Uncertain significance																																0	0	0	0	0	0	0																	3) Uncertain significance		New Uncertain			no			0	3							False					unresolved
Ethionamide	inhA	c.-782C>T	inhA_c.-782C>T	1	upstream_gene_variant	1673420	1	0	0	0	0	1	5212	15486	0	0	0.000707516179821284	0.999935429715245	0.999640290494779	0.999998365223265	0	0	0.975				0	0	0.975					1152	2233	False	False	0	0	115.677422765729	0	0	0.000707516179821284	0.999935429715245	0.999640290494779	0.999998365223265	3) Uncertain significance	3) Uncertain significance	ALL+WHO	3) Uncertain significance																																0	0	0	0	0	0	0										1							3) Uncertain significance		No change			no			1	3							False					unresolved
Ethionamide	inhA	c.783C>T	inhA_c.783C>T	1	synonymous_variant	"(see ""Genomic_coordinates"" sheet)"	1				0	2	5212	15485	0	0	0.000707516179821284	0.99987085943049	0.99953357854254	0.999984360095269	0	0	0.841886116991581													False	False	0	0	15.8232972540303							3) Uncertain significance	3) Uncertain significance	ALL+WHO	3) Uncertain significance	1				0	1	2170	3789	0	0	0.00169850036174098	0.999736147757256	0.998530795728906	0.999993319861894	0	0	0.975													False	False	0	0	0	0	0	0	0	0	0	68.0438514794824													Silent mutation	4) Not assoc w R - Interim		Now listed		Silent mutation	no			0	4							False					unresolved
Ethionamide	inhA	c.786C>A	inhA_c.786C>A	1	synonymous_variant	"(see ""Genomic_coordinates"" sheet)"	1				1	6	5211	15481	0.000191864927091327	4.85758758490123e-06	0.00106853423925776	0.99961257829147	0.999156938222445	0.999857810215121	0.142857142857142	0.00361029686190058	0.578723197043195													False	False	0.495138489093584	0.0107661625367428	4.08269117192464							3) Uncertain significance	3) Uncertain significance	ALL+WHO	3) Uncertain significance																																0	0	0	0	0	0	0										1						Silent mutation	4) Not assoc w R - Interim		Now listed		Silent mutation	no			0	4							False					unresolved
Ethionamide	inhA	c.-789G>C	inhA_c.-789G>C	1	upstream_gene_variant	1673413	1	1	0	1	0	1	5212	15486	0	0	0.000707516179821284	0.999935429715245	0.999640290494779	0.999998365223265	0	0	0.975	0	0	0.975	0	0	0.975	0	0	115.677422765729	1	815	2233	False	False	0	0	115.677422765729	0	0	0.000707516179821284	0.999935429715245	0.999640290494779	0.999998365223265	3) Uncertain significance	3) Uncertain significance	ALL+WHO	3) Uncertain significance	1	1	0	1	0	1	2170	3789	0	0	0.00169850036174098	0.999736147757256	0.998530795728906	0.999993319861894	0	0	0.975	0	0	0.975	0	0	0.975	0	0	68.0438514794824	1	405	1065	False	False	0	0	0	0	0	0	0	0	0	68.0438514794824	0	0	0.00169850036174098	0.999736147757256	0.998530795728906	0.999993319861894	3							3) Uncertain significance		No change			no			1	3							False					unresolved
Ethionamide	inhA	c.-792C>T	inhA_c.-792C>T	1	upstream_gene_variant	1673410	0	0	0	0	1	0	5211	15487	0.000191864927091327	4.85758758490123e-06	0.00106853423925776	1	0.999761836368682	1	1	0.025	1											1128	2233	False	False	Inf	0.0761899451219867	Inf	0	0	0.000707651905360176	1	0.999761836368682	1	3) Uncertain significance	3) Uncertain significance	ALL+WHO	3) Uncertain significance																																0	0	0	0	0	0	0																	3) Uncertain significance		No change			no			1	3							False					unresolved
Ethionamide	inhA	c.-794G>T	inhA_c.-794G>T	1	upstream_gene_variant	1673408	0	0	0	0	1	0	5211	15487	0.000191864927091327	4.85758758490123e-06	0.00106853423925776	1	0.999761836368682	1	1	0.025	1											1136	2233	False	False	Inf	0.0761899451219867	Inf	0	0	0.000707651905360176	1	0.999761836368682	1	3) Uncertain significance	3) Uncertain significance	ALL+WHO	3) Uncertain significance																																0	0	0	0	0	0	0																	3) Uncertain significance		No change			no			1	3							False					unresolved
Ethionamide	inhA	c.-796C>G	inhA_c.-796C>G	1	upstream_gene_variant	1673406	1	3	1	2	6	2	5206	15485	0.00115118956254796	0.000422579736688136	0.00250395844332671	0.99987085943049	0.99953357854254	0.999984360095269	0.75	0.349144205587175	0.968145973750055	0.333333333333333	0.00840375865961264	0.905700675949754	0.333333333333333	0.00840375865961264	0.905700675949754	1.48722627737226	0.0252035702595515	28.5799676559641	1	815	2233	False	False	8.92335766423357	1.59482419691585	90.4879132424694	0.000192049164586134	4.86225205174921e-06	0.00106955984439844	0.99987085943049	0.99953357854254	0.999984360095269	3) Uncertain significance	3) Uncertain significance	ALL+WHO	3) Uncertain significance	1	1	0	1	1	1	2169	3789	0.000460829493087557	1.16671245580613e-05	0.00256487461233225	0.999736147757256	0.998530795728906	0.999993319861894	0.5	0.012579117093425	0.987420882906574	0	0	0.975	0	0	0.975	0	0	68.0751891811639	1	405	1065	False	False	0	0	0	0	0	0	0	1.74688796680497	0.0222439624669857	137.016358245527	0	0	0.0016992827759538	0.999736147757256	0.998530795728906	0.999993319861894	5							3) Uncertain significance		No change			no			1	3							False					unresolved
Ethionamide	inhA	c.-796C>T	inhA_c.-796C>T	1	upstream_gene_variant	1673406	1	3	1	2	12	7	5200	15480	0.00230237912509593	0.00119022113901414	0.0040183355622907	0.999548008006715	0.999068946905294	0.99981825708278	0.631578947368421	0.383577923314405	0.8371141278449	0.333333333333333	0.00840375865961264	0.905700675949754	0.125	0.0031597235312519	0.526509670875206	1.48846153846153	0.0252244984419113	28.6036308082501	1	815	2233	False	False	5.1032967032967	1.85120631004973	15.3088627140423	0.000192270717169775	4.86786125023104e-06	0.00107079317238176	0.999548008006715	0.999068946905294	0.99981825708278	3) Uncertain significance	3) Uncertain significance	ALL+WHO	3) Uncertain significance	1	3	1	2	9	4	2161	3786	0.00414746543778801	0.00189818564765315	0.00785851894409672	0.998944591029023	0.997299958285064	0.999712364080324	0.692307692307692	0.385738338249294	0.909079605427903	0.333333333333333	0.00840375865961264	0.905700675949754	0.2	0.00505076337946806	0.716417936118089	0.875983341045812	0.0148464237906481	16.8365588108444	1	405	1065	False	False	0	0	0	0	0	0	0	3.94192503470615	1.09832912339552	17.5279190881337	0.000462534690101757	1.17102959040189e-05	0.00257435532747442	0.998944591029023	0.997299958285064	0.999712364080324	18							3) Uncertain significance		No change			no			1	3							False					unresolved
Ethionamide	inhA	c.-796delC	inhA_c.-796delC	1	upstream_gene_variant	1673405	1	2	0	2	7	2	5205	15485	0.00134305448963929	0.000540142673187124	0.00276523543039201	0.99987085943049	0.99953357854254	0.999984360095269	0.777777777777777	0.399906426283687	0.971855026522101	0	0	0.841886116991581	0	0	0.841886116991581	0	0	15.8445676397064	1	815	2233	False	False	10.4125840537944	1.98148385005314	102.77996933635	0	0	0.000708467353397108	0.99987085943049	0.99953357854254	0.999984360095269	3) Uncertain significance	3) Uncertain significance	ALL+WHO	3) Uncertain significance	0	0	0	0	2	0	2168	3790	0.000921658986175115	0.000111636674590768	0.0033253435449308	1	0.999027154404229	1	1	0.158113883008419	1											518	1065	False	False	0	0	0	0	0	0	0	Inf	0.328088282833639	Inf	0	0	0.00170006591133688	1	0.999027154404229	1	3							3) Uncertain significance		No change			no			1	3							False					unresolved
Ethionamide	inhA	c.-800_-787delATTTCGGCCCGGCC	inhA_c.-800_-787delATTTCGGCCCGGCC	1	upstream_gene_variant	1673401	0	0	0	0	1	0	5211	15487	0.000191864927091327	4.85758758490123e-06	0.00106853423925776	1	0.999761836368682	1	1	0.025	1											1148	2233	False	False	Inf	0.0761899451219867	Inf	0	0	0.000707651905360176	1	0.999761836368682	1	3) Uncertain significance	3) Uncertain significance	ALL+WHO	3) Uncertain significance																																0	0	0	0	0	0	0																	3) Uncertain significance		No change			no			1	3							False					unresolved
Ethionamide	inhA	c.-801G>A	inhA_c.-801G>A	1	upstream_gene_variant	1673401	1	3	0	3	0	3	5212	15484	0	0	0.000707516179821284	0.999806289145735	0.999434000080036	0.999960050383188	0	0	0.707598226178713	0	0	0.707598226178713	0	0	0.707598226178713	0	0	7.19247409791798	0.577090863007554	439	2233	False	False	0	0	7.19247409791798	0	0	0.000707516179821284	0.999806289145735	0.999434000080036	0.999960050383188	3) Uncertain significance	3) Uncertain significance	ALL+WHO	3) Uncertain significance	1	1	0	1	0	1	2170	3789	0	0	0.00169850036174098	0.999736147757256	0.998530795728906	0.999993319861894	0	0	0.975	0	0	0.975	0	0	0.975	0	0	68.0438514794824	1	405	1065	False	False	0	0	0	0	0	0	0	0	0	68.0438514794824	0	0	0.00169850036174098	0.999736147757256	0.998530795728906	0.999993319861894	25							3) Uncertain significance		No change			no			1	3							False					unresolved
Ethionamide	inhA	c.-807C>G	inhA_c.-807C>G	1	upstream_gene_variant	1673395	0	0	0	0	1	0	5211	15487	0.000191864927091327	4.85758758490123e-06	0.00106853423925776	1	0.999761836368682	1	1	0.025	1											1174	2233	False	False	Inf	0.0761899451219867	Inf	0	0	0.000707651905360176	1	0.999761836368682	1	3) Uncertain significance	3) Uncertain significance	ALL+WHO	3) Uncertain significance	0	0	0	0	1	0	2169	3790	0.000460829493087557	1.16671245580613e-05	0.00256487461233225	1	0.999027154404229	1	1	0.025	1											539	1065	False	False	0	0	0	0	0	0	0	Inf	0.0447829748447436	Inf	0	0	0.0016992827759538	1	0.999027154404229	1								3) Uncertain significance		No change			no			1	3							False					unresolved
Ethionamide	inhA	c.-809G>A	inhA_c.-809G>A	1	upstream_gene_variant	1673393	1	20	1	19	1	19	5211	15468	0.000191864927091327	4.85758758490123e-06	0.00106853423925776	0.998773164589655	0.998084804605634	0.999261208414407	0.05	0.0012650894979498	0.248732762772027	0.05	0.0012650894979498	0.248732762772027	0.05	0.0012650894979498	0.248732762772027	0.156228221676817	0.00376307557127773	0.983299812298748	0.0378700330449564	92	2233	False	False	0.156228221676817	0.00376307557127773	0.983299812298748	0.000191864927091327	4.85758758490123e-06	0.00106853423925776	0.998773164589655	0.998084804605634	0.999261208414407	3) Uncertain significance	3) Uncertain significance	ALL+WHO	3) Uncertain significance	1	18	0	18	0	18	2170	3772	0	0	0.00169850036174098	0.995250659630606	0.992504342430345	0.997182884315989	0	0	0.185301968137852	0	0	0.185301968137852	0	0	0.185301968137852	0	0	0.395898830848114	0.00034469052180431	15	1065	True	False	0	0	0	0	0	0	0	0	0	0.395898830848114	0	0	0.00169850036174098	0.995250659630606	0.992504342430345	0.997182884315989	8							3) Uncertain significance		New Uncertain			no			0	3							False					unresolved
Ethionamide	inhA	c.-809G>C	inhA_c.-809G>C	1	upstream_gene_variant	1673393	1	14	1	13	1	15	5211	15472	0.000191864927091327	4.85758758490123e-06	0.00106853423925776	0.999031445728675	0.998403019382043	0.999457809400789	0.0625	0.00158111172276588	0.302320738434531	0.0714285714285714	0.00180678065912538	0.338684489931821	0.0625	0.00158111172276588	0.302320738434531	0.228392601449596	0.00537692507538008	1.52133334851373	0.213125267067774	188	2233	False	False	0.19794025458965	0.0047047775576851	1.28724837065904	0.000191864927091327	4.85758758490123e-06	0.00106853423925776	0.999031445728675	0.998403019382043	0.999457809400789	3) Uncertain significance	3) Uncertain significance	ALL+WHO	3) Uncertain significance	1	2	1	1	1	1	2169	3789	0.000460829493087557	1.16671245580613e-05	0.00256487461233225	0.999736147757256	0.998530795728906	0.999993319861894	0.5	0.012579117093425	0.987420882906574	0.5	0.012579117093425	0.987420882906574	0.5	0.012579117093425	0.987420882906574	1.74688796680497	0.0222439624669857	137.016358245527	1	405	1065	False	False	0	0	0	0	0	0	0	1.74688796680497	0.0222439624669857	137.016358245527	0.000460829493087557	1.16671245580613e-05	0.00256487461233225	0.999736147757256	0.998530795728906	0.999993319861894	56							3) Uncertain significance		No change			no			1	3							False					unresolved
Ethionamide	inhA	c.-88T>A	inhA_c.-88T>A	1	upstream_gene_variant	1674114	0	0	0	0	2	0	5210	15487	0.000383729854182655	4.64748443607068e-05	0.00138546957733054	1	0.999761836368682	1	1	0.158113883008419	1											1133	2233	False	False	Inf	0.55810577429468	Inf	0	0	0.000707787682982558	1	0.999761836368682	1	3) Uncertain significance	3) Uncertain significance	ALL+WHO	3) Uncertain significance																																0	0	0	0	0	0	0										1							3) Uncertain significance		No change			no			1	3							False					unresolved
Ethionamide	inhA	c.-93C>T	inhA_c.-93C>T	1	upstream_gene_variant	1674109	1	2	0	2	0	2	5212	15485	0	0	0.000707516179821284	0.99987085943049	0.99953357854254	0.999984360095269	0	0	0.841886116991581	0	0	0.841886116991581	0	0	0.841886116991581	0	0	15.8232972540303	1	815	2233	False	False	0	0	15.8232972540303	0	0	0.000707516179821284	0.99987085943049	0.99953357854254	0.999984360095269	3) Uncertain significance	3) Uncertain significance	ALL+WHO	3) Uncertain significance																																0	0	0	0	0	0	0																	3) Uncertain significance		No change			no			1	3							False					unresolved
Ethionamide	inhA	c.-94C>T	inhA_c.-94C>T	1	upstream_gene_variant	1674108	1	1	0	1	0	1	5212	15486	0	0	0.000707516179821284	0.999935429715245	0.999640290494779	0.999998365223265	0	0	0.975	0	0	0.975	0	0	0.975	0	0	115.677422765729	1	815	2233	False	False	0	0	115.677422765729	0	0	0.000707516179821284	0.999935429715245	0.999640290494779	0.999998365223265	3) Uncertain significance	3) Uncertain significance	ALL+WHO	3) Uncertain significance																																0	0	0	0	0	0	0										1							3) Uncertain significance		No change			no			1	3							False					unresolved
Ethionamide	inhA	c.99C>A	inhA_c.99C>A	1	synonymous_variant	"(see ""Genomic_coordinates"" sheet)"	1				0	2	5212	15485	0	0	0.000707516179821284	0.99987085943049	0.99953357854254	0.999984360095269	0	0	0.841886116991581													False	False	0	0	15.8232972540303							3) Uncertain significance	3) Uncertain significance	ALL+WHO	3) Uncertain significance																																0	0	0	0	0	0	0										1						Silent mutation	4) Not assoc w R - Interim		Now listed		Silent mutation	no			0	4							False					unresolved
Ethionamide	inhA	c.9A>C	inhA_c.9A>C	1	synonymous_variant	"(see ""Genomic_coordinates"" sheet)"	1				5	127	5207	15360	0.000959324635456638	0.000311561141138009	0.0022373118395626	0.99179957383612	0.990250653398216	0.993159220877113	0.0378787878787878	0.0124116283076792	0.0861820016268626													False	False	0.116136817639488	0.0370498041006071	0.278445522429589							3) Uncertain significance	3) Uncertain significance	ALL+WHO	3) Uncertain significance	1				2	5	2168	3785	0.000921658986175115	0.000111636674590768	0.0033253435449308	0.998680738786279	0.996923992057454	0.999571505100005	0.285714285714285	0.0366925661760855	0.709579136262657													False	False	0	0	0	0	0	0	0	0.698339483394834	0.0664358722176252	4.27020900106932							243						Silent mutation	4) Not assoc w R - Interim		Now listed		Silent mutation	no			0	4							False					unresolved
Ethionamide	inhA	p.Ala114Thr	inhA_p.Ala114Thr	1	missense_variant	"(see ""Genomic_coordinates"" sheet)"	1	1	0	1	1	1	5211	15486	0.000191864927091327	4.85758758490123e-06	0.00106853423925776	0.999935429715245	0.999640290494779	0.999998365223265	0.5	0.012579117093425	0.987420882906574	0	0	0.975	0	0	0.975	0	0	115.699581334225	1	815	2233	False	False	2.97179044329303	0.0378514560716107	232.854636669753	0	0	0.000707651905360176	0.999935429715245	0.999640290494779	0.999998365223265	3) Uncertain significance	3) Uncertain significance	ALL+WHO	3) Uncertain significance	1	1	0	1	1	1	2169	3789	0.000460829493087557	1.16671245580613e-05	0.00256487461233225	0.999736147757256	0.998530795728906	0.999993319861894	0.5	0.012579117093425	0.987420882906574	0	0	0.975	0	0	0.975	0	0	68.0751891811639	1	405	1065	False	False	0	0	0	0	0	0	0	1.74688796680497	0.0222439624669857	137.016358245527	0	0	0.0016992827759538	0.999736147757256	0.998530795728906	0.999993319861894								3) Uncertain significance		New Uncertain			no			0	3	[114]	A	T	114.0	114.0	12.516	True	False	False	False	False	distal
Ethionamide	inhA	p.Ala124Val	inhA_p.Ala124Val	1	missense_variant	"(see ""Genomic_coordinates"" sheet)"	0	0	0	0	1	0	5211	15487	0.000191864927091327	4.85758758490123e-06	0.00106853423925776	1	0.999761836368682	1	1	0.025	1											1168	2233	False	False	Inf	0.0761899451219867	Inf	0	0	0.000707651905360176	1	0.999761836368682	1	3) Uncertain significance	3) Uncertain significance	ALL+WHO	3) Uncertain significance																																0	0	0	0	0	0	0																	3) Uncertain significance		New Uncertain			no			0	3	[124]	A	V	124.0	124.0	8.137	True	False	False	False	False	distal
Ethionamide	inhA	p.Ala133Thr	inhA_p.Ala133Thr	1	missense_variant	"(see ""Genomic_coordinates"" sheet)"	1	3	0	3	0	3	5212	15484	0	0	0.000707516179821284	0.999806289145735	0.999434000080036	0.999960050383188	0	0	0.707598226178713	0	0	0.707598226178713	0	0	0.707598226178713	0	0	7.19247409791798	0.577090863007554	439	2233	False	False	0	0	7.19247409791798	0	0	0.000707516179821284	0.999806289145735	0.999434000080036	0.999960050383188	3) Uncertain significance	3) Uncertain significance	ALL+WHO	3) Uncertain significance	1	2	0	2	0	2	2170	3788	0	0	0.00169850036174098	0.999472295514512	0.998095063429584	0.999936086148442	0	0	0.841886116991581	0	0	0.841886116991581	0	0	0.841886116991581	0	0	9.2999762698034	0.53686319604546	244.5	1065	False	False	0	0	0	0	0	0	0	0	0	9.2999762698034	0	0	0.00169850036174098	0.999472295514512	0.998095063429584	0.999936086148442								3) Uncertain significance		No change			no			1	3	[133]	A	T	133.0	133.0	12.467	True	False	False	False	False	distal
Ethionamide	inhA	p.Ala190Ser	inhA_p.Ala190Ser	1	missense_variant	"(see ""Genomic_coordinates"" sheet)"	1	1	0	1	0	1	5212	15486	0	0	0.000707516179821284	0.999935429715245	0.999640290494779	0.999998365223265	0	0	0.975	0	0	0.975	0	0	0.975	0	0	115.677422765729	1	815	2233	False	False	0	0	115.677422765729	0	0	0.000707516179821284	0.999935429715245	0.999640290494779	0.999998365223265	3) Uncertain significance	3) Uncertain significance	ALL+WHO	3) Uncertain significance																																0	0	0	0	0	0	0										6							3) Uncertain significance		No change			no			1	3	[190]	A	S	190.0	190.0	5.64	True	True	False	False	True	shell
Ethionamide	inhA	p.Ala201Thr	inhA_p.Ala201Thr	1	missense_variant	"(see ""Genomic_coordinates"" sheet)"	1	1	0	1	0	1	5212	15486	0	0	0.000707516179821284	0.999935429715245	0.999640290494779	0.999998365223265	0	0	0.975	0	0	0.975	0	0	0.975	0	0	115.677422765729	1	815	2233	False	False	0	0	115.677422765729	0	0	0.000707516179821284	0.999935429715245	0.999640290494779	0.999998365223265	3) Uncertain significance	3) Uncertain significance	ALL+WHO	3) Uncertain significance	1	1	0	1	0	1	2170	3789	0	0	0.00169850036174098	0.999736147757256	0.998530795728906	0.999993319861894	0	0	0.975	0	0	0.975	0	0	0.975	0	0	68.0438514794824	1	405	1065	False	False	0	0	0	0	0	0	0	0	0	68.0438514794824	0	0	0.00169850036174098	0.999736147757256	0.998530795728906	0.999993319861894								3) Uncertain significance		No change			no			1	3	[201]	A	T	201.0	201.0	10.092	True	False	False	False	False	distal
Ethionamide	inhA	p.Ala22Ser	inhA_p.Ala22Ser	1	missense_variant	"(see ""Genomic_coordinates"" sheet)"	1	0	0	0	0	2	5212	15485	0	0	0.000707516179821284	0.99987085943049	0.99953357854254	0.999984360095269	0	0	0.841886116991581				0	0	0.841886116991581					1162	2233	False	False	0	0	15.8232972540303	0	0	0.000707516179821284	0.99987085943049	0.99953357854254	0.999984360095269	3) Uncertain significance	3) Uncertain significance	ALL+WHO	3) Uncertain significance	1	0	0	0	0	1	2170	3789	0	0	0.00169850036174098	0.999736147757256	0.998530795728906	0.999993319861894	0	0	0.975				0	0	0.975					533	1065	False	False	0	0	0	0	0	0	0	0	0	68.0438514794824	0	0	0.00169850036174098	0.999736147757256	0.998530795728906	0.999993319861894	1							3) Uncertain significance		No change			no			1	3	[22]	A	S	22.0	22.0	4.553	True	True	False	False	True	shell
Ethionamide	inhA	p.Ala235Thr	inhA_p.Ala235Thr	1	missense_variant	"(see ""Genomic_coordinates"" sheet)"	1	0	0	0	0	1	5212	15486	0	0	0.000707516179821284	0.999935429715245	0.999640290494779	0.999998365223265	0	0	0.975				0	0	0.975					1153	2233	False	False	0	0	115.677422765729	0	0	0.000707516179821284	0.999935429715245	0.999640290494779	0.999998365223265	3) Uncertain significance	3) Uncertain significance	ALL+WHO	3) Uncertain significance	1	0	0	0	0	1	2170	3789	0	0	0.00169850036174098	0.999736147757256	0.998530795728906	0.999993319861894	0	0	0.975				0	0	0.975					530	1065	False	False	0	0	0	0	0	0	0	0	0	68.0438514794824	0	0	0.00169850036174098	0.999736147757256	0.998530795728906	0.999993319861894								3) Uncertain significance		No change			no			1	3	[235]	A	T	235.0	235.0	7.387	True	True	False	False	True	shell
Ethionamide	inhA	p.Ala235Val	inhA_p.Ala235Val	1	missense_variant	"(see ""Genomic_coordinates"" sheet)"	1	0	0	0	0	1	5212	15486	0	0	0.000707516179821284	0.999935429715245	0.999640290494779	0.999998365223265	0	0	0.975				0	0	0.975					1142	2233	False	False	0	0	115.677422765729	0	0	0.000707516179821284	0.999935429715245	0.999640290494779	0.999998365223265	3) Uncertain significance	3) Uncertain significance	ALL+WHO	3) Uncertain significance																																0	0	0	0	0	0	0										1							3) Uncertain significance		New Uncertain			no			0	3	[235]	A	V	235.0	235.0	7.387	True	True	False	False	True	shell
Ethionamide	inhA	p.Ala239Thr	inhA_p.Ala239Thr	1	missense_variant	"(see ""Genomic_coordinates"" sheet)"	0	0	0	0	2	0	5210	15487	0.000383729854182655	4.64748443607068e-05	0.00138546957733054	1	0.999761836368682	1	1	0.158113883008419	1											1137	2233	False	False	Inf	0.55810577429468	Inf	0	0	0.000707787682982558	1	0.999761836368682	1	3) Uncertain significance	3) Uncertain significance	ALL+WHO	3) Uncertain significance	0	0	0	0	1	0	2169	3790	0.000460829493087557	1.16671245580613e-05	0.00256487461233225	1	0.999027154404229	1	1	0.025	1											521	1065	False	False	0	0	0	0	0	0	0	Inf	0.0447829748447436	Inf	0	0	0.0016992827759538	1	0.999027154404229	1								3) Uncertain significance		No change			no			1	3	[239]	A	T	239.0	239.0	10.054	True	False	False	False	False	distal
Ethionamide	inhA	p.Ala239Val	inhA_p.Ala239Val	1	missense_variant	"(see ""Genomic_coordinates"" sheet)"	0	0	0	0	15	0	5197	15487	0.00287797390636991	0.0016116471700824	0.00474234467149281	1	0.999761836368682	1	1	0.781980639089466	1											1150	2233	False	False	Inf	10.6826468306471	Inf	0	0	0.000709557545345995	1	0.999761836368682	1	3) Uncertain significance	3) Uncertain significance	ALL+WHO	3) Uncertain significance	0	0	0	0	6	0	2164	3790	0.00276497695852534	0.00101535276242503	0.00600840604626057	1	0.999027154404229	1	1	0.540741873560099	1											527	1065	False	False	0	0	0	0	0	0	0	Inf	2.05945731043461	Inf	0	0	0.00170320568455034	1	0.999027154404229	1	7							3) Uncertain significance		No change			no			1	3	[239]	A	V	239.0	239.0	10.054	True	False	False	False	False	distal
Ethionamide	inhA	p.Ala84Thr	inhA_p.Ala84Thr	1	missense_variant	"(see ""Genomic_coordinates"" sheet)"	1	0	0	0	0	1	5212	15486	0	0	0.000707516179821284	0.999935429715245	0.999640290494779	0.999998365223265	0	0	0.975				0	0	0.975					1149	2233	False	False	0	0	115.677422765729	0	0	0.000707516179821284	0.999935429715245	0.999640290494779	0.999998365223265	3) Uncertain significance	3) Uncertain significance	ALL+WHO	3) Uncertain significance																																0	0	0	0	0	0	0																	3) Uncertain significance		No change			no			1	3	[84]	A	T	84.0	84.0	24.053	True	False	False	False	False	distal
Ethionamide	inhA	p.Arg27Trp	inhA_p.Arg27Trp	1	missense_variant	"(see ""Genomic_coordinates"" sheet)"	1	1	0	1	0	1	5212	15486	0	0	0.000707516179821284	0.999935429715245	0.999640290494779	0.999998365223265	0	0	0.975	0	0	0.975	0	0	0.975	0	0	115.677422765729	1	815	2233	False	False	0	0	115.677422765729	0	0	0.000707516179821284	0.999935429715245	0.999640290494779	0.999998365223265	3) Uncertain significance	3) Uncertain significance	ALL+WHO	3) Uncertain significance	1	1	0	1	0	1	2170	3789	0	0	0.00169850036174098	0.999736147757256	0.998530795728906	0.999993319861894	0	0	0.975	0	0	0.975	0	0	0.975	0	0	68.0438514794824	1	405	1065	False	False	0	0	0	0	0	0	0	0	0	68.0438514794824	0	0	0.00169850036174098	0.999736147757256	0.998530795728906	0.999993319861894								3) Uncertain significance		New Uncertain			no			0	3	[27]	R	W	27.0	27.0	12.339	True	False	False	False	False	distal
Ethionamide	inhA	p.Asn231Asp	inhA_p.Asn231Asp	1	missense_variant	"(see ""Genomic_coordinates"" sheet)"	2	1	1	0	1	0	5211	15487	0.000191864927091327	4.85758758490123e-06	0.00106853423925776	1	0.999761836368682	1	1	0.025	1	1	0.025	1	1	0.025	1	Inf	0.0761899451219867	Inf	0.251799603845596	276	2233	False	False	Inf	0.0761899451219867	Inf	0.000191864927091327	4.85758758490123e-06	0.00106853423925776	1	0.999761836368682	1	3) Uncertain significance	3) Uncertain significance	ALL+WHO	3) Uncertain significance	2	1	1	0	1	0	2169	3790	0.000460829493087557	1.16671245580613e-05	0.00256487461233225	1	0.999027154404229	1	1	0.025	1	1	0.025	1	1	0.025	1	Inf	0.0447829748447436	Inf	0.364093959731543	164	1065	False	False	0	0	0	0	0	0	0	Inf	0.0447829748447436	Inf	0.000460829493087557	1.16671245580613e-05	0.00256487461233225	1	0.999027154404229	1	3							3) Uncertain significance		New Uncertain			no			0	3	[231]	N	D	231.0	231.0	8.796	True	False	False	False	False	distal
Ethionamide	inhA	p.Asn231Lys	inhA_p.Asn231Lys	1	missense_variant	"(see ""Genomic_coordinates"" sheet)"	1	1	0	1	0	1	5212	15486	0	0	0.000707516179821284	0.999935429715245	0.999640290494779	0.999998365223265	0	0	0.975	0	0	0.975	0	0	0.975	0	0	115.677422765729	1	815	2233	False	False	0	0	115.677422765729	0	0	0.000707516179821284	0.999935429715245	0.999640290494779	0.999998365223265	3) Uncertain significance	3) Uncertain significance	ALL+WHO	3) Uncertain significance																																0	0	0	0	0	0	0																	3) Uncertain significance		No change			no			1	3	[231]	N	K	231.0	231.0	8.796	True	False	False	False	False	distal
Ethionamide	inhA	p.Asp248Asn	inhA_p.Asp248Asn	1	missense_variant	"(see ""Genomic_coordinates"" sheet)"	1	1	0	1	0	1	5212	15486	0	0	0.000707516179821284	0.999935429715245	0.999640290494779	0.999998365223265	0	0	0.975	0	0	0.975	0	0	0.975	0	0	115.677422765729	1	815	2233	False	False	0	0	115.677422765729	0	0	0.000707516179821284	0.999935429715245	0.999640290494779	0.999998365223265	3) Uncertain significance	3) Uncertain significance	ALL+WHO	3) Uncertain significance																																0	0	0	0	0	0	0										2							3) Uncertain significance		No change			no			1	3	[248]	D	N	248.0	248.0	21.472	True	False	False	False	False	distal
Ethionamide	inhA	p.Asp52Gly	inhA_p.Asp52Gly	1	missense_variant	"(see ""Genomic_coordinates"" sheet)"	1	0	0	0	0	1	5212	15486	0	0	0.000707516179821284	0.999935429715245	0.999640290494779	0.999998365223265	0	0	0.975				0	0	0.975					1134	2233	False	False	0	0	115.677422765729	0	0	0.000707516179821284	0.999935429715245	0.999640290494779	0.999998365223265	3) Uncertain significance	3) Uncertain significance	ALL+WHO	3) Uncertain significance																																0	0	0	0	0	0	0																	3) Uncertain significance		No change			no			1	3	[52]	D	G	52.0	52.0	13.979	True	False	False	False	False	distal
Ethionamide	inhA	p.Asp89Asn	inhA_p.Asp89Asn	1	missense_variant	"(see ""Genomic_coordinates"" sheet)"	1	2	0	2	0	2	5212	15485	0	0	0.000707516179821284	0.99987085943049	0.99953357854254	0.999984360095269	0	0	0.841886116991581	0	0	0.841886116991581	0	0	0.841886116991581	0	0	15.8232972540303	1	815	2233	False	False	0	0	15.8232972540303	0	0	0.000707516179821284	0.99987085943049	0.99953357854254	0.999984360095269	3) Uncertain significance	3) Uncertain significance	ALL+WHO	3) Uncertain significance																																0	0	0	0	0	0	0																	3) Uncertain significance		No change			no			1	3	[89]	D	N	89.0	89.0	18.904	True	False	False	False	False	distal
Ethionamide	inhA	p.Gln35Arg	inhA_p.Gln35Arg	1	missense_variant	"(see ""Genomic_coordinates"" sheet)"	1	0	0	0	0	1	5212	15486	0	0	0.000707516179821284	0.999935429715245	0.999640290494779	0.999998365223265	0	0	0.975				0	0	0.975					1159	2233	False	False	0	0	115.677422765729	0	0	0.000707516179821284	0.999935429715245	0.999640290494779	0.999998365223265	3) Uncertain significance	3) Uncertain significance	ALL+WHO	3) Uncertain significance	1	0	0	0	0	1	2170	3789	0	0	0.00169850036174098	0.999736147757256	0.998530795728906	0.999993319861894	0	0	0.975				0	0	0.975					532	1065	False	False	0	0	0	0	0	0	0	0	0	68.0438514794824	0	0	0.00169850036174098	0.999736147757256	0.998530795728906	0.999993319861894	18							3) Uncertain significance		No change			no			1	3	[35]	Q	R	35.0	35.0	18.231	True	False	False	False	False	distal
Ethionamide	inhA	p.Glu209Gly	inhA_p.Glu209Gly	1	missense_variant	"(see ""Genomic_coordinates"" sheet)"	1	2	0	2	0	2	5212	15485	0	0	0.000707516179821284	0.99987085943049	0.99953357854254	0.999984360095269	0	0	0.841886116991581	0	0	0.841886116991581	0	0	0.841886116991581	0	0	15.8232972540303	1	815	2233	False	False	0	0	15.8232972540303	0	0	0.000707516179821284	0.99987085943049	0.99953357854254	0.999984360095269	3) Uncertain significance	3) Uncertain significance	ALL+WHO	3) Uncertain significance																																0	0	0	0	0	0	0																	3) Uncertain significance		No change			no			1	3	[209]	E	G	209.0	209.0	15.717	True	False	False	False	False	distal
Ethionamide	inhA	p.Glu80Ala	inhA_p.Glu80Ala	1	missense_variant	"(see ""Genomic_coordinates"" sheet)"	1	1	0	1	0	1	5212	15486	0	0	0.000707516179821284	0.999935429715245	0.999640290494779	0.999998365223265	0	0	0.975	0	0	0.975	0	0	0.975	0	0	115.677422765729	1	815	2233	False	False	0	0	115.677422765729	0	0	0.000707516179821284	0.999935429715245	0.999640290494779	0.999998365223265	3) Uncertain significance	3) Uncertain significance	ALL+WHO	3) Uncertain significance																																0	0	0	0	0	0	0																	3) Uncertain significance		No change			no			1	3	[80]	E	A	80.0	80.0	17.558	True	False	False	False	False	distal
Ethionamide	inhA	p.Gly212Ser	inhA_p.Gly212Ser	1	missense_variant	"(see ""Genomic_coordinates"" sheet)"	1	1	0	1	0	1	5212	15486	0	0	0.000707516179821284	0.999935429715245	0.999640290494779	0.999998365223265	0	0	0.975	0	0	0.975	0	0	0.975	0	0	115.677422765729	1	815	2233	False	False	0	0	115.677422765729	0	0	0.000707516179821284	0.999935429715245	0.999640290494779	0.999998365223265	3) Uncertain significance	3) Uncertain significance	ALL+WHO	3) Uncertain significance																																0	0	0	0	0	0	0																	3) Uncertain significance		No change			no			1	3	[212]	G	S	212.0	212.0	12.126	True	False	False	False	False	distal
Ethionamide	inhA	p.Gly221Ser	inhA_p.Gly221Ser	1	missense_variant	"(see ""Genomic_coordinates"" sheet)"	1	1	0	1	0	1	5212	15486	0	0	0.000707516179821284	0.999935429715245	0.999640290494779	0.999998365223265	0	0	0.975	0	0	0.975	0	0	0.975	0	0	115.677422765729	1	815	2233	False	False	0	0	115.677422765729	0	0	0.000707516179821284	0.999935429715245	0.999640290494779	0.999998365223265	3) Uncertain significance	3) Uncertain significance	ALL+WHO	3) Uncertain significance																																0	0	0	0	0	0	0										1							3) Uncertain significance		No change			no			1	3	[221]	G	S	221.0	221.0	10.055	True	False	False	False	False	distal
Ethionamide	inhA	p.Gly40Trp	inhA_p.Gly40Trp	1	missense_variant	"(see ""Genomic_coordinates"" sheet)"	2	2	1	1	1	1	5211	15486	0.000191864927091327	4.85758758490123e-06	0.00106853423925776	0.999935429715245	0.999640290494779	0.999998365223265	0.5	0.012579117093425	0.987420882906574	0.5	0.012579117093425	0.987420882906574	0.5	0.012579117093425	0.987420882906574	2.97179044329303	0.0378514560716107	232.854636669753	0.440205269357083	400.5	2233	False	False	2.97179044329303	0.0378514560716107	232.854636669753	0.000191864927091327	4.85758758490123e-06	0.00106853423925776	0.999935429715245	0.999640290494779	0.999998365223265	3) Uncertain significance	3) Uncertain significance	ALL+WHO	3) Uncertain significance	0	0	0	0	1	0	2169	3790	0.000460829493087557	1.16671245580613e-05	0.00256487461233225	1	0.999027154404229	1	1	0.025	1											528	1065	False	False	0	0	0	0	0	0	0	Inf	0.0447829748447436	Inf	0	0	0.0016992827759538	1	0.999027154404229	1	1							3) Uncertain significance		No change			no			1	3	[40]	G	W	40.0	40.0	4.63	True	True	False	False	True	shell
Ethionamide	inhA	p.Gly76Asp	inhA_p.Gly76Asp	1	missense_variant	"(see ""Genomic_coordinates"" sheet)"	1	0	0	0	0	1	5212	15486	0	0	0.000707516179821284	0.999935429715245	0.999640290494779	0.999998365223265	0	0	0.975				0	0	0.975					1138	2233	False	False	0	0	115.677422765729	0	0	0.000707516179821284	0.999935429715245	0.999640290494779	0.999998365223265	3) Uncertain significance	3) Uncertain significance	ALL+WHO	3) Uncertain significance	1	0	0	0	0	1	2170	3789	0	0	0.00169850036174098	0.999736147757256	0.998530795728906	0.999993319861894	0	0	0.975				0	0	0.975					522	1065	False	False	0	0	0	0	0	0	0	0	0	68.0438514794824	0	0	0.00169850036174098	0.999736147757256	0.998530795728906	0.999993319861894								3) Uncertain significance		No change			no			1	3	[76]	G	D	76.0	76.0	16.579	True	False	False	False	False	distal
Ethionamide	inhA	p.Gly76Ser	inhA_p.Gly76Ser	1	missense_variant	"(see ""Genomic_coordinates"" sheet)"	1	1	0	1	0	1	5212	15486	0	0	0.000707516179821284	0.999935429715245	0.999640290494779	0.999998365223265	0	0	0.975	0	0	0.975	0	0	0.975	0	0	115.677422765729	1	815	2233	False	False	0	0	115.677422765729	0	0	0.000707516179821284	0.999935429715245	0.999640290494779	0.999998365223265	3) Uncertain significance	3) Uncertain significance	ALL+WHO	3) Uncertain significance																																0	0	0	0	0	0	0																	3) Uncertain significance		New Uncertain			no			0	3	[76]	G	S	76.0	76.0	16.579	True	False	False	False	False	distal
Ethionamide	inhA	p.Gly83Arg	inhA_p.Gly83Arg	1	missense_variant	"(see ""Genomic_coordinates"" sheet)"	1	4	0	4	0	4	5212	15483	0	0	0.000707516179821284	0.99974171886098	0.999338830952079	0.999929622742193	0	0	0.602364635616474	0	0	0.602364635616474	0	0	0.602364635616474	0	0	4.5014696306354	0.578098957200874	462.5	2233	False	False	0	0	4.5014696306354	0	0	0.000707516179821284	0.99974171886098	0.999338830952079	0.999929622742193	3) Uncertain significance	3) Uncertain significance	ALL+WHO	3) Uncertain significance	1	3	0	3	0	3	2170	3787	0	0	0.00169850036174098	0.999208443271767	0.997688494809834	0.999836732216022	0	0	0.707598226178713	0	0	0.707598226178713	0	0	0.707598226178713	0	0	4.22663965322398	0.558201069943668	269	1065	False	False	0	0	0	0	0	0	0	0	0	4.22663965322398	0	0	0.00169850036174098	0.999208443271767	0.997688494809834	0.999836732216022	3							3) Uncertain significance		No change			no			1	3	[83]	G	R	83.0	83.0	22.001	True	False	False	False	False	distal
Ethionamide	inhA	p.Ile16Thr	inhA_p.Ile16Thr	1	missense_variant	"(see ""Genomic_coordinates"" sheet)"	1	1	0	1	2	1	5210	15486	0.000383729854182655	4.64748443607068e-05	0.00138546957733054	0.999935429715245	0.999640290494779	0.999998365223265	0.666666666666666	0.0942993240502461	0.991596241340387	0	0	0.975	0	0	0.975	0	0	115.721748393509	1	815	2233	False	False	5.9447216890595	0.309382652589367	349.949104522224	0	0	0.000707787682982558	0.999935429715245	0.999640290494779	0.999998365223265	3) Uncertain significance	3) Uncertain significance	ALL+WHO	3) Uncertain significance	0	0	0	0	1	0	2169	3790	0.000460829493087557	1.16671245580613e-05	0.00256487461233225	1	0.999027154404229	1	1	0.025	1											526	1065	False	False	0	0	0	0	0	0	0	Inf	0.0447829748447436	Inf	0	0	0.0016992827759538	1	0.999027154404229	1								3) Uncertain significance		No change			no			1	3	[16]	I	T	16.0	16.0	3.595	True	True	False	False	True	contact
Ethionamide	inhA	p.Ile194Thr	inhA_p.Ile194Thr	1	missense_variant	"(see ""Genomic_coordinates"" sheet)"	1	1	0	1	123	6	5089	15481	0.0235993860322333	0.0196508803329039	0.0280929648373902	0.99961257829147	0.999156938222445	0.999857810215121	0.953488372093023	0.901512826211628	0.982742285679976	0	0	0.975	0	0	0.4592581264399	0	0	118.429968167212	1	815	2233	False	False	62.3620554136372	27.8079164767528	173.422819306479	0	0	0.000724610491701878	0.99961257829147	0.999156938222445	0.999857810215121	3) Uncertain significance	3) Uncertain significance	ALL+WHO	3) Uncertain significance	2	1	0	1	48	3	2122	3787	0.0221198156682027	0.0163533614937307	0.0292216620167955	0.999208443271767	0.997688494809834	0.999836732216022	0.941176470588235	0.837577781927949	0.98770091174476	0	0	0.975	0	0	0.707598226178713	0	0	69.5446630655853	1	405	1065	False	False	0	0	0	0	0	0	0	28.5541941564561	9.18298130475357	143.507126097239	0	0	0.00173688734303173	0.999208443271767	0.997688494809834	0.999836732216022	241							3) Uncertain significance		No change			no			1	3	[194]	I	T	194.0	194.0	2.941	True	True	False	False	True	contact
Ethionamide	inhA	p.Ile21Met	inhA_p.Ile21Met	1	missense_variant	"(see ""Genomic_coordinates"" sheet)"	1	0	0	0	0	1	5212	15486	0	0	0.000707516179821284	0.999935429715245	0.999640290494779	0.999998365223265	0	0	0.975				0	0	0.975					1129	2233	False	False	0	0	115.677422765729	0	0	0.000707516179821284	0.999935429715245	0.999640290494779	0.999998365223265	3) Uncertain significance	3) Uncertain significance	ALL+WHO	3) Uncertain significance	1	0	0	0	0	1	2170	3789	0	0	0.00169850036174098	0.999736147757256	0.998530795728906	0.999993319861894	0	0	0.975				0	0	0.975					516	1065	False	False	0	0	0	0	0	0	0	0	0	68.0438514794824	0	0	0.00169850036174098	0.999736147757256	0.998530795728906	0.999993319861894	1							3) Uncertain significance		New Uncertain			no			0	3	[21]	I	M	21.0	21.0	2.776	True	True	False	False	True	contact
Ethionamide	inhA	p.Ile21Thr	inhA_p.Ile21Thr	1	missense_variant	"(see ""Genomic_coordinates"" sheet)"	1	2	1	1	110	16	5102	15471	0.021105141980046	0.017377006490642	0.0253820978901805	0.99896687544392	0.998322811196946	0.999409368388177	0.873015873015873	0.80198911878452	0.925643383617712	0.5	0.012579117093425	0.987420882906574	0.0588235294117647	0.00148817439126663	0.28688939666722	3.03234025872206	0.0386225199687882	237.589227634011	0.434534304111135	373	2233	False	False	20.8473392787142	12.2664671084176	37.7387447937342	0.000195963158926121	4.96134532217202e-06	0.0010913478909143	0.99896687544392	0.998322811196946	0.999409368388177	3) Uncertain significance	3) Uncertain significance	ALL+WHO	3) Uncertain significance	1	1	1	0	23	6	2147	3784	0.0105990783410138	0.00673043866200777	0.015861607755458	0.998416886543535	0.996557436795264	0.999418810659556	0.793103448275862	0.60275305077276	0.92005815112392	1	0.025	1	0.142857142857142	0.00361029686190058	0.578723197043195	Inf	0.0451700268352359	Inf	0.36210384356035	103	1065	False	False	0	0	0	0	0	0	0	6.75609377425865	2.66797976254525	20.3079596178679	0.000465549348230912	1.17866195429756e-05	0.00259111632710752	0.998416886543535	0.996557436795264	0.999418810659556	58							3) Uncertain significance		No change			no			1	3	[21]	I	T	21.0	21.0	2.776	True	True	False	False	True	contact
Ethionamide	inhA	p.Ile21Val	inhA_p.Ile21Val	1	missense_variant	"(see ""Genomic_coordinates"" sheet)"	1	2	1	1	30	7	5182	15480	0.00575594781273983	0.00388678380786634	0.00820685679375776	0.999548008006715	0.999068946905294	0.99981825708278	0.81081081081081	0.648447621630745	0.920378879147123	0.5	0.012579117093425	0.987420882906574	0.125	0.0031597235312519	0.526509670875206	2.98726360478579	0.0380484966858561	234.064574990986	0.438742447448948	374	2233	False	False	12.8025583062248	5.50533273511524	34.5305114452526	0.000192938452633609	4.88476676605171e-06	0.00107451028163508	0.999548008006715	0.999068946905294	0.99981825708278	3) Uncertain significance	3) Uncertain significance	ALL+WHO	3) Uncertain significance	2	1	0	1	17	2	2153	3788	0.00783410138248848	0.00457008300677052	0.0125136142049884	0.999472295514512	0.998095063429584	0.999936086148442	0.894736842105263	0.668623335543234	0.986987835628222	0	0	0.975	0	0	0.841886116991581	0	0	68.562471478955	1	405	1065	False	False	0	0	0	0	0	0	0	14.9549465861588	3.54321765114705	133.783044581333	0	0	0.00171190016524938	0.999472295514512	0.998095063429584	0.999936086148442	35							3) Uncertain significance		No change			no			1	3	[21]	I	V	21.0	21.0	2.776	True	True	False	False	True	contact
Ethionamide	inhA	p.Ile228Val	inhA_p.Ile228Val	1	missense_variant	"(see ""Genomic_coordinates"" sheet)"	1	7	0	7	0	9	5212	15478	0	0	0.000707516179821284	0.999418867437205	0.998897117312968	0.999734235852573	0	0	0.336267116879942	0	0	0.409616397225003	0	0	0.336267116879942	0	0	2.06120450429687	0.203401694775548	182	2233	False	False	0	0	1.50519575721189	0	0	0.000707516179821284	0.999418867437205	0.998897117312968	0.999734235852573	3) Uncertain significance	3) Uncertain significance	ALL+WHO	3) Uncertain significance	1	2	0	2	0	2	2170	3788	0	0	0.00169850036174098	0.999472295514512	0.998095063429584	0.999936086148442	0	0	0.841886116991581	0	0	0.841886116991581	0	0	0.841886116991581	0	0	9.2999762698034	0.53686319604546	244.5	1065	False	False	0	0	0	0	0	0	0	0	0	9.2999762698034	0	0	0.00169850036174098	0.999472295514512	0.998095063429584	0.999936086148442	34							3) Uncertain significance		No change			no			1	3	[228]	I	V	228.0	228.0	15.09	True	False	False	False	False	distal
Ethionamide	inhA	p.Ile95Leu	inhA_p.Ile95Leu	1	missense_variant	"(see ""Genomic_coordinates"" sheet)"	0	0	0	0	1	1	5211	15486	0.000191864927091327	4.85758758490123e-06	0.00106853423925776	0.999935429715245	0.999640290494779	0.999998365223265	0.5	0.012579117093425	0.987420882906574				0	0	0.975					1135	2233	False	False	2.97179044329303	0.0378514560716107	232.854636669753	0	0	0.000707651905360176	0.999935429715245	0.999640290494779	0.999998365223265	3) Uncertain significance	3) Uncertain significance	ALL+WHO	3) Uncertain significance	0	0	0	0	1	0	2169	3790	0.000460829493087557	1.16671245580613e-05	0.00256487461233225	1	0.999027154404229	1	1	0.025	1											520	1065	False	False	0	0	0	0	0	0	0	Inf	0.0447829748447436	Inf	0	0	0.0016992827759538	1	0.999027154404229	1	2							3) Uncertain significance		No change			no			1	3	[95]	I	L	95.0	95.0	3.238	True	True	False	False	True	contact
Ethionamide	inhA	p.Ile95Val	inhA_p.Ile95Val	1	missense_variant	"(see ""Genomic_coordinates"" sheet)"	0	0	0	0	1	0	5211	15487	0.000191864927091327	4.85758758490123e-06	0.00106853423925776	1	0.999761836368682	1	1	0.025	1											1172	2233	False	False	Inf	0.0761899451219867	Inf	0	0	0.000707651905360176	1	0.999761836368682	1	3) Uncertain significance	3) Uncertain significance	ALL+WHO	3) Uncertain significance																																0	0	0	0	0	0	0										2							3) Uncertain significance		No change			no			1	3	[95]	I	V	95.0	95.0	3.238	True	True	False	False	True	contact
Ethionamide	inhA	p.Lys233Thr	inhA_p.Lys233Thr	1	missense_variant	"(see ""Genomic_coordinates"" sheet)"	0	0	0	0	1	0	5211	15487	0.000191864927091327	4.85758758490123e-06	0.00106853423925776	1	0.999761836368682	1	1	0.025	1											1179	2233	False	False	Inf	0.0761899451219867	Inf	0	0	0.000707651905360176	1	0.999761836368682	1	3) Uncertain significance	3) Uncertain significance	ALL+WHO	3) Uncertain significance	0	0	0	0	1	0	2169	3790	0.000460829493087557	1.16671245580613e-05	0.00256487461233225	1	0.999027154404229	1	1	0.025	1											542	1065	False	False	0	0	0	0	0	0	0	Inf	0.0447829748447436	Inf	0	0	0.0016992827759538	1	0.999027154404229	1								3) Uncertain significance		New Uncertain			no			0	3	[233]	K	T	233.0	233.0	8.439	True	False	False	False	False	distal
Ethionamide	inhA	p.Met130Val	inhA_p.Met130Val	1	missense_variant	"(see ""Genomic_coordinates"" sheet)"	1	0	0	0	0	1	5212	15486	0	0	0.000707516179821284	0.999935429715245	0.999640290494779	0.999998365223265	0	0	0.975				0	0	0.975					1180	2233	False	False	0	0	115.677422765729	0	0	0.000707516179821284	0.999935429715245	0.999640290494779	0.999998365223265	3) Uncertain significance	3) Uncertain significance	ALL+WHO	3) Uncertain significance	1	0	0	0	0	1	2170	3789	0	0	0.00169850036174098	0.999736147757256	0.998530795728906	0.999993319861894	0	0	0.975				0	0	0.975					543	1065	False	False	0	0	0	0	0	0	0	0	0	68.0438514794824	0	0	0.00169850036174098	0.999736147757256	0.998530795728906	0.999993319861894								3) Uncertain significance		New Uncertain			no			0	3	[130]	M	V	130.0	130.0	7.417	True	True	False	False	True	shell
Ethionamide	inhA	p.Met161Val	inhA_p.Met161Val	1	missense_variant	"(see ""Genomic_coordinates"" sheet)"	0	0	0	0	1	0	5211	15487	0.000191864927091327	4.85758758490123e-06	0.00106853423925776	1	0.999761836368682	1	1	0.025	1											1154	2233	False	False	Inf	0.0761899451219867	Inf	0	0	0.000707651905360176	1	0.999761836368682	1	3) Uncertain significance	3) Uncertain significance	ALL+WHO	3) Uncertain significance																																0	0	0	0	0	0	0																	3) Uncertain significance		No change			no			1	3	[161]	M	V	161.0	161.0	3.595	True	True	False	False	True	contact
Ethionamide	inhA	p.Phe41Ser	inhA_p.Phe41Ser	1	missense_variant	"(see ""Genomic_coordinates"" sheet)"	0	0	0	0	1	0	5211	15487	0.000191864927091327	4.85758758490123e-06	0.00106853423925776	1	0.999761836368682	1	1	0.025	1											1143	2233	False	False	Inf	0.0761899451219867	Inf	0	0	0.000707651905360176	1	0.999761836368682	1	3) Uncertain significance	3) Uncertain significance	ALL+WHO	3) Uncertain significance																																0	0	0	0	0	0	0										1							3) Uncertain significance		No change			no			1	3	[41]	F	S	41.0	41.0	3.403	True	True	False	False	True	contact
Ethionamide	inhA	p.Pro107Ser	inhA_p.Pro107Ser	1	missense_variant	"(see ""Genomic_coordinates"" sheet)"	0	0	0	0	1	0	5211	15487	0.000191864927091327	4.85758758490123e-06	0.00106853423925776	1	0.999761836368682	1	1	0.025	1											1144	2233	False	False	Inf	0.0761899451219867	Inf	0	0	0.000707651905360176	1	0.999761836368682	1	3) Uncertain significance	3) Uncertain significance	ALL+WHO	3) Uncertain significance																																0	0	0	0	0	0	0																	3) Uncertain significance		No change			no			1	3	[107]	P	S	107.0	107.0	16.336	True	False	False	False	False	distal
Ethionamide	inhA	p.Ser94Ala	inhA_p.Ser94Ala	1	missense_variant	"(see ""Genomic_coordinates"" sheet)"	1	28	17	11	118	24	5094	15463	0.0226400613967766	0.0187747722433717	0.0270518464231909	0.998450313165881	0.997695060668636	0.999006841908059	0.830985915492957	0.759038802833922	0.888605192003809	0.607142857142857	0.405768206487563	0.784957170839039	0.414634146341463	0.263167994688662	0.57890385728767	4.69127672484562	2.07104725158286	11.0886982547569	5.91207026109916e-05	30	2233	True	False	14.9246989922784	9.5479466883968	24.240383446298	0.00332615926433183	0.00193876749014402	0.00532017884264175	0.998450313165881	0.997695060668636	0.999006841908059	1) Assoc w R	1) Assoc w R	ALL	3) Uncertain significance	1	8	4	4	50	8	2120	3782	0.0230414746543778	0.0171490447487957	0.0302655431159548	0.997889182058047	0.995845105987758	0.999088271930771	0.862068965517241	0.746190244723521	0.938520337034264	0.5	0.157012770487058	0.842987229512941	0.333333333333333	0.0992460911495833	0.651124493581186	1.78396226415094	0.331897208684845	9.58740364346889	0.469333513766448	222	1065	False	False	0	0	0	0	0	0	0	11.1497641509433	5.22961031842759	27.2578073992493	0.00188323917137476	0.000513350196700463	0.0048147594682355	0.997889182058047	0.995845105987758	0.999088271930771	129			Assoc w RI			Evidence from ALL dataset only	2) Assoc w R - Interim		No change			yes	ALL only		1	2	[94]	S	A	94.0	94.0	3.482	True	True	True	False	True	contact
Ethionamide	inhA	p.Thr162Met	inhA_p.Thr162Met	1	missense_variant	"(see ""Genomic_coordinates"" sheet)"	0	0	0	0	1	1	5211	15486	0.000191864927091327	4.85758758490123e-06	0.00106853423925776	0.999935429715245	0.999640290494779	0.999998365223265	0.5	0.012579117093425	0.987420882906574				0	0	0.975					1132	2233	False	False	2.97179044329303	0.0378514560716107	232.854636669753	0	0	0.000707651905360176	0.999935429715245	0.999640290494779	0.999998365223265	3) Uncertain significance	3) Uncertain significance	ALL+WHO	3) Uncertain significance	1	0	0	0	0	1	2170	3789	0	0	0.00169850036174098	0.999736147757256	0.998530795728906	0.999993319861894	0	0	0.975				0	0	0.975					519	1065	False	False	0	0	0	0	0	0	0	0	0	68.0438514794824	0	0	0.00169850036174098	0.999736147757256	0.998530795728906	0.999993319861894								3) Uncertain significance		No change			no			1	3	[162]	T	M	162.0	162.0	7.054	True	True	False	False	True	shell
Ethionamide	inhA	p.Thr162Ser	inhA_p.Thr162Ser	1	missense_variant	"(see ""Genomic_coordinates"" sheet)"	0	0	0	0	2	16	5210	15471	0.000383729854182655	4.64748443607068e-05	0.00138546957733054	0.99896687544392	0.998322811196946	0.999409368388177	0.111111111111111	0.0137512156643644	0.347120438608672				0	0	0.205907214207822					1158	2233	False	False	0.371185220729366	0.0413928523902508	1.57969796674415	0	0	0.000707787682982558	0.99896687544392	0.998322811196946	0.999409368388177	3) Uncertain significance	3) Uncertain significance	ALL+WHO	3) Uncertain significance																																0	0	0	0	0	0	0										38							3) Uncertain significance		No change			no			1	3	[162]	T	S	162.0	162.0	7.054	True	True	False	False	True	shell
Ethionamide	inhA	p.Thr236Met	inhA_p.Thr236Met	1	missense_variant	"(see ""Genomic_coordinates"" sheet)"	0	0	0	0	4	4	5208	15483	0.00076745970836531	0.000209145270149598	0.00196382534650725	0.99974171886098	0.999338830952079	0.999929622742193	0.5	0.157012770487058	0.842987229512941				0	0	0.602364635616474					1139	2233	False	False	2.9729262672811	0.553517542355507	15.9639231757182	0	0	0.000708059394597755	0.99974171886098	0.999338830952079	0.999929622742193	3) Uncertain significance	3) Uncertain significance	ALL+WHO	3) Uncertain significance	0	0	0	0	3	4	2167	3786	0.00138248847926267	0.000285193152965682	0.0040348522148252	0.998944591029023	0.997299958285064	0.999712364080324	0.428571428571428	0.0989882784425078	0.815948432359917				0	0	0.602364635616474					523	1065	False	False	0	0	0	0	0	0	0	1.31033687125057	0.191756392649407	7.7545860694147	0	0	0.00170084976888778	0.998944591029023	0.997299958285064	0.999712364080324	2							3) Uncertain significance		No change			no			1	3	[236]	T	M	236.0	236.0	10.258	True	False	False	False	False	distal
Ethionamide	inhA	p.Thr2Pro	inhA_p.Thr2Pro	1	missense_variant	"(see ""Genomic_coordinates"" sheet)"	1	0	0	0	0	1	5212	15486	0	0	0.000707516179821284	0.999935429715245	0.999640290494779	0.999998365223265	0	0	0.975				0	0	0.975					1155	2233	False	False	0	0	115.677422765729	0	0	0.000707516179821284	0.999935429715245	0.999640290494779	0.999998365223265	3) Uncertain significance	3) Uncertain significance	ALL+WHO	3) Uncertain significance	1	0	0	0	0	1	2170	3789	0	0	0.00169850036174098	0.999736147757256	0.998530795728906	0.999993319861894	0	0	0.975				0	0	0.975					531	1065	False	False	0	0	0	0	0	0	0	0	0	68.0438514794824	0	0	0.00169850036174098	0.999736147757256	0.998530795728906	0.999993319861894								3) Uncertain significance		No change			no			1	3	[2]	T	P	2.0	2.0	24.905	True	False	False	False	False	distal
Ethionamide	inhA	p.Thr51Ala	inhA_p.Thr51Ala	1	missense_variant	"(see ""Genomic_coordinates"" sheet)"	1	1	1	0	1	0	5211	15487	0.000191864927091327	4.85758758490123e-06	0.00106853423925776	1	0.999761836368682	1	1	0.025	1	1	0.025	1	1	0.025	1	Inf	0.0761899451219867	Inf	0.251799603845596	276	2233	False	False	Inf	0.0761899451219867	Inf	0.000191864927091327	4.85758758490123e-06	0.00106853423925776	1	0.999761836368682	1	3) Uncertain significance	3) Uncertain significance	ALL+WHO	3) Uncertain significance	1	1	1	0	1	0	2169	3790	0.000460829493087557	1.16671245580613e-05	0.00256487461233225	1	0.999027154404229	1	1	0.025	1	1	0.025	1	1	0.025	1	Inf	0.0447829748447436	Inf	0.364093959731543	164	1065	False	False	0	0	0	0	0	0	0	Inf	0.0447829748447436	Inf	0.000460829493087557	1.16671245580613e-05	0.00256487461233225	1	0.999027154404229	1								3) Uncertain significance		No change			no			1	3	[51]	T	A	51.0	51.0	9.786	True	False	False	False	False	distal
Ethionamide	inhA	p.Tyr182His	inhA_p.Tyr182His	1	missense_variant	"(see ""Genomic_coordinates"" sheet)"	1	1	0	1	0	1	5212	15486	0	0	0.000707516179821284	0.999935429715245	0.999640290494779	0.999998365223265	0	0	0.975	0	0	0.975	0	0	0.975	0	0	115.677422765729	1	815	2233	False	False	0	0	115.677422765729	0	0	0.000707516179821284	0.999935429715245	0.999640290494779	0.999998365223265	3) Uncertain significance	3) Uncertain significance	ALL+WHO	3) Uncertain significance																																0	0	0	0	0	0	0																	3) Uncertain significance		No change			no			1	3	[182]	Y	H	182.0	182.0	22.277	True	False	False	False	False	distal
Ethionamide	inhA	p.Val171Ile	inhA_p.Val171Ile	1	missense_variant	"(see ""Genomic_coordinates"" sheet)"	1	0	0	0	0	3	5212	15484	0	0	0.000707516179821284	0.999806289145735	0.999434000080036	0.999960050383188	0	0	0.707598226178713				0	0	0.707598226178713					1160	2233	False	False	0	0	7.19247409791798	0	0	0.000707516179821284	0.999806289145735	0.999434000080036	0.999960050383188	3) Uncertain significance	3) Uncertain significance	ALL+WHO	3) Uncertain significance																																0	0	0	0	0	0	0																	3) Uncertain significance		No change			no			1	3	[171]	V	I	171.0	171.0	12.797	True	False	False	False	False	distal
Ethionamide	inhA	p.Val203Ala	inhA_p.Val203Ala	1	missense_variant	"(see ""Genomic_coordinates"" sheet)"	1	2	0	2	0	2	5212	15485	0	0	0.000707516179821284	0.99987085943049	0.99953357854254	0.999984360095269	0	0	0.841886116991581	0	0	0.841886116991581	0	0	0.841886116991581	0	0	15.8232972540303	1	815	2233	False	False	0	0	15.8232972540303	0	0	0.000707516179821284	0.99987085943049	0.99953357854254	0.999984360095269	3) Uncertain significance	3) Uncertain significance	ALL+WHO	3) Uncertain significance																																0	0	0	0	0	0	0																	3) Uncertain significance		No change			no			1	3	[203]	V	A	203.0	203.0	8.491	True	False	False	False	False	distal
Ethionamide	inhA	p.Val78Ala	inhA_p.Val78Ala	1	missense_variant	"(see ""Genomic_coordinates"" sheet)"	1	0	0	0	0	10	5212	15477	0	0	0.000707516179821284	0.99935429715245	0.998812851129914	0.999690318343011	0	0	0.30849710781876				0	0	0.30849710781876					1147	2233	False	False	0	0	1.32532562767373	0	0	0.000707516179821284	0.99935429715245	0.998812851129914	0.999690318343011	3) Uncertain significance	3) Uncertain significance	ALL+WHO	3) Uncertain significance																																0	0	0	0	0	0	0										63							3) Uncertain significance		No change			no			1	3	[78]	V	A	78.0	78.0	13.392	True	False	False	False	False	distal
Ethionamide	inhA	p.Val91Ala	inhA_p.Val91Ala	1	missense_variant	"(see ""Genomic_coordinates"" sheet)"	1	1	0	1	0	1	5212	15486	0	0	0.000707516179821284	0.999935429715245	0.999640290494779	0.999998365223265	0	0	0.975	0	0	0.975	0	0	0.975	0	0	115.677422765729	1	815	2233	False	False	0	0	115.677422765729	0	0	0.000707516179821284	0.999935429715245	0.999640290494779	0.999998365223265	3) Uncertain significance	3) Uncertain significance	ALL+WHO	3) Uncertain significance																																0	0	0	0	0	0	0																	3) Uncertain significance		No change			no			1	3	[91]	V	A	91.0	91.0	12.008	True	False	False	False	False	distal
Ethionamide	inhA	p.Val92Met	inhA_p.Val92Met	1	missense_variant	"(see ""Genomic_coordinates"" sheet)"	0	0	0	0	1	0	5211	15487	0.000191864927091327	4.85758758490123e-06	0.00106853423925776	1	0.999761836368682	1	1	0.025	1											1145	2233	False	False	Inf	0.0761899451219867	Inf	0	0	0.000707651905360176	1	0.999761836368682	1	3) Uncertain significance	3) Uncertain significance	ALL+WHO	3) Uncertain significance																																0	0	0	0	0	0	0																	3) Uncertain significance		New Uncertain			no			0	3	[92]	V	M	92.0	92.0	8.49	True	False	False	False	False	distal
Isoniazid	inhA	c.-10_-9insAGG	inhA_c.-10_-9insAGG	1	upstream_gene_variant	1674192	0	0	0	0	1	0	20845	27468	4.79708337330902e-05	1.21451561977598e-06	0.000267247072972983	1	0.999865711673152	1	1	0.025	1											2881	5574	False	False	Inf	0.0337859573643402	Inf	0	0	0.000176951454458875	1	0.999865711673152	1	3) Uncertain significance	3) Uncertain significance	ALL+WHO	3) Uncertain significance																																0	0	0	0	0	0	0																	3) Uncertain significance		New Uncertain			no			0	3							False					unresolved
Isoniazid	inhA	c.-100C>A	inhA_c.-100C>A	1	upstream_gene_variant	1674102	1	7	5	2	43	3	20803	27465	0.00206274585052288	0.00149320926905043	0.00277751050043065	0.999890782000873	0.99968085216583	0.999977476056514	0.934782608695652	0.821035611127248	0.986343228086554	0.714285714285714	0.290420863737342	0.963307433823914	0.625	0.244863216366551	0.914766585862746	3.3006056818728	0.540278868117295	34.6675683428112	0.14872770665307	364	5574	False	False	18.9234725760707	6.05502294820299	95.4183802768528	0.000240292195309496	7.80266777100348e-05	0.000560671977360347	0.999890782000873	0.99968085216583	0.999977476056514	3) Uncertain significance	3) Uncertain significance	ALL+WHO	3) Uncertain significance	1	1	1	0	16	0	13358	21313	0.00119635112905637	0.00068396778211822	0.00194207416051199	1	0.999826933785262	1	1	0.794092785792177	1	1	0.025	1	1	0.025	1	Inf	0.0409075713728292	Inf	0.385296492847254	473	4479	False	False	0	0	0	0	0	0	0	Inf	6.15056952060403	Inf	7.48559023879032e-05	1.89518556728124e-06	0.000416999037045297	1	0.999826933785262	1	3							3) Uncertain significance		No change			no			1	3							False					unresolved
Isoniazid	inhA	c.102C>T	inhA_c.102C>T	1	synonymous_variant	"(see ""Genomic_coordinates"" sheet)"	1				0	1	20846	27467	0	0	0.00017694296670111	0.999963594000291	0.999797175631493	0.999999078280314	0	0	0.975													False	False	0	0	51.3484236392164							3) Uncertain significance	3) Uncertain significance	ALL+WHO	3) Uncertain significance	1				0	1	13374	21312	0	0	0.000275786657608973	0.999953080279641	0.999738608085756	0.999998812096234	0	0	0.975													False	False	0	0	0	0	0	0	0	0	0	62.0916370035077													Silent mutation	4) Not assoc w R - Interim		Now listed		Silent mutation	no			0	4							False					unresolved
Isoniazid	inhA	c.-106G>A	inhA_c.-106G>A	1	upstream_gene_variant	1674096	1	2	0	2	0	2	20846	27466	0	0	0.00017694296670111	0.999927188000582	0.999737003036386	0.999991182007438	0	0	0.841886116991581	0	0	0.841886116991581	0	0	0.841886116991581	0	0	7.01598871232251	0.509382802952132	994	5574	False	False	0	0	7.01598871232251	0	0	0.00017694296670111	0.999927188000582	0.999737003036386	0.999991182007438	3) Uncertain significance	3) Uncertain significance	ALL+WHO	3) Uncertain significance	1	2	0	2	0	2	13374	21311	0	0	0.000275786657608973	0.999906160559283	0.999661061221376	0.999988635406343	0	0	0.841886116991581	0	0	0.841886116991581	0	0	0.841886116991581	0	0	8.48535171137227	0.526178307844236	803	4479	False	False	0	0	0	0	0	0	0	0	0	8.48535171137227	0	0	0.000275786657608973	0.999906160559283	0.999661061221376	0.999988635406343								3) Uncertain significance		No change			no			1	3							False					unresolved
Isoniazid	inhA	c.-11_-10insAAG	inhA_c.-11_-10insAAG	1	upstream_gene_variant	1674191	0	0	0	0	1	0	20845	27468	4.79708337330902e-05	1.21451561977598e-06	0.000267247072972983	1	0.999865711673152	1	1	0.025	1											2895	5574	False	False	Inf	0.0337859573643402	Inf	0	0	0.000176951454458875	1	0.999865711673152	1	3) Uncertain significance	3) Uncertain significance	ALL+WHO	3) Uncertain significance																																0	0	0	0	0	0	0																	3) Uncertain significance		New Uncertain			no			0	3							False					unresolved
Isoniazid	inhA	c.-11_-10insAAGG	inhA_c.-11_-10insAAGG	1	upstream_gene_variant	1674191	0	0	0	0	2	0	20844	27468	9.59416674661805e-05	1.16191922227078e-05	0.000346530862189542	1	0.999865711673152	1	1	0.158113883008419	1											2896	5574	False	False	Inf	0.247471899512553	Inf	0	0	0.000176959943030976	1	0.999865711673152	1	3) Uncertain significance	3) Uncertain significance	ALL+WHO	3) Uncertain significance																																0	0	0	0	0	0	0																	3) Uncertain significance		No change			no			1	3							False					unresolved
Isoniazid	inhA	c.-11_-10insAAGGA	inhA_c.-11_-10insAAGGA	1	upstream_gene_variant	1674191	0	0	0	0	1	0	20845	27468	4.79708337330902e-05	1.21451561977598e-06	0.000267247072972983	1	0.999865711673152	1	1	0.025	1											2859	5574	False	False	Inf	0.0337859573643402	Inf	0	0	0.000176951454458875	1	0.999865711673152	1	3) Uncertain significance	3) Uncertain significance	ALL+WHO	3) Uncertain significance	0	0	0	0	1	0	13373	21313	7.47719455660236e-05	1.89305996861207e-06	0.000416531419540481	1	0.999826933785262	1	1	0.025	1											2334	4479	False	False	0	0	0	0	0	0	0	Inf	0.0408616897784423	Inf	0	0	0.000275807277411719	1	0.999826933785262	1								3) Uncertain significance		No change			no			1	3							False					unresolved
Isoniazid	inhA	c.-110C>G	inhA_c.-110C>G	1	upstream_gene_variant	1674092	1	1	0	1	0	1	20846	27467	0	0	0.00017694296670111	0.999963594000291	0.999797175631493	0.999999078280314	0	0	0.975	0	0	0.975	0	0	0.975	0	0	51.3484236392164	1	2027.5	5574	False	False	0	0	51.3484236392164	0	0	0.00017694296670111	0.999963594000291	0.999797175631493	0.999999078280314	3) Uncertain significance	3) Uncertain significance	ALL+WHO	3) Uncertain significance	1	1	0	1	0	1	13374	21312	0	0	0.000275786657608973	0.999953080279641	0.999738608085756	0.999998812096234	0	0	0.975	0	0	0.975	0	0	0.975	0	0	62.0916370035077	1	1642.5	4479	False	False	0	0	0	0	0	0	0	0	0	62.0916370035077	0	0	0.000275786657608973	0.999953080279641	0.999738608085756	0.999998812096234								3) Uncertain significance		No change			no			1	3							False					unresolved
Isoniazid	inhA	c.-112C>T	inhA_c.-112C>T	1	upstream_gene_variant	1674090	1	9	0	9	2	9	20844	27459	9.59416674661805e-05	1.16191922227078e-05	0.000346530862189542	0.999672346002621	0.99937810218515	0.999850165132458	0.181818181818181	0.0228311982999596	0.517755852360172	0	0	0.336267116879942	0	0	0.336267116879942	0	0	0.667512768116361	0.012861862288912	138	5574	False	False	0.292746113989637	0.0307804028975754	1.41460768720699	0	0	0.000176959943030976	0.999672346002621	0.99937810218515	0.999850165132458	3) Uncertain significance	3) Uncertain significance	ALL+WHO	3) Uncertain significance	1	1	0	1	0	1	13374	21312	0	0	0.000275786657608973	0.999953080279641	0.999738608085756	0.999998812096234	0	0	0.975	0	0	0.975	0	0	0.975	0	0	62.0916370035077	1	1642.5	4479	False	False	0	0	0	0	0	0	0	0	0	62.0916370035077	0	0	0.000275786657608973	0.999953080279641	0.999738608085756	0.999998812096234								3) Uncertain significance		No change			no			1	3							False					unresolved
Isoniazid	inhA	c.-11C>A	inhA_c.-11C>A	1	upstream_gene_variant	1674191	1	0	0	0	0	2	20846	27466	0	0	0.00017694296670111	0.999927188000582	0.999737003036386	0.999991182007438	0	0	0.841886116991581				0	0	0.841886116991581					2871	5574	False	False	0	0	7.01598871232251	0	0	0.00017694296670111	0.999927188000582	0.999737003036386	0.999991182007438	3) Uncertain significance	3) Uncertain significance	ALL+WHO	3) Uncertain significance	1	0	0	0	0	2	13374	21311	0	0	0.000275786657608973	0.999906160559283	0.999661061221376	0.999988635406343	0	0	0.841886116991581				0	0	0.841886116991581					2344	4479	False	False	0	0	0	0	0	0	0	0	0	8.48535171137227	0	0	0.000275786657608973	0.999906160559283	0.999661061221376	0.999988635406343								3) Uncertain significance		No change			no			1	3							False					unresolved
Isoniazid	inhA	c.-120G>A	inhA_c.-120G>A	1	upstream_gene_variant	1674082	1	0	0	0	0	1	20846	27467	0	0	0.00017694296670111	0.999963594000291	0.999797175631493	0.999999078280314	0	0	0.975				0	0	0.975					2862	5574	False	False	0	0	51.3484236392164	0	0	0.00017694296670111	0.999963594000291	0.999797175631493	0.999999078280314	3) Uncertain significance	3) Uncertain significance	ALL+WHO	3) Uncertain significance	1	0	0	0	0	1	13374	21312	0	0	0.000275786657608973	0.999953080279641	0.999738608085756	0.999998812096234	0	0	0.975				0	0	0.975					2337	4479	False	False	0	0	0	0	0	0	0	0	0	62.0916370035077	0	0	0.000275786657608973	0.999953080279641	0.999738608085756	0.999998812096234								3) Uncertain significance		No change			no			1	3							False					unresolved
Isoniazid	inhA	c.123C>T	inhA_c.123C>T	1	synonymous_variant	"(see ""Genomic_coordinates"" sheet)"					1	0	20845	27468	4.79708337330902e-05	1.21451561977598e-06	0.000267247072972983	1	0.999865711673152	1	1	0.025	1													False	False	Inf	0.0337859573643402	Inf							3) Uncertain significance	3) Uncertain significance	ALL+WHO	3) Uncertain significance					1	0	13373	21313	7.47719455660236e-05	1.89305996861207e-06	0.000416531419540481	1	0.999826933785262	1	1	0.025	1													False	False	0	0	0	0	0	0	0	Inf	0.0408616897784423	Inf													Silent mutation	4) Not assoc w R - Interim		Now listed		Silent mutation	no			0	4							False					unresolved
Isoniazid	inhA	c.126C>T	inhA_c.126C>T	1	synonymous_variant	"(see ""Genomic_coordinates"" sheet)"	1				0	5	20846	27463	0	0	0.00017694296670111	0.999817970001456	0.999575254267103	0.999940892797913	0	0	0.521823750104981													False	False	0	0	1.43785249906968							3) Uncertain significance	3) Uncertain significance	ALL+WHO	3) Uncertain significance	1				0	5	13374	21308	0	0	0.000275786657608973	0.999765401398207	0.999452610763328	0.999923822225278	0	0	0.521823750104981													False	False	0	0	0	0	0	0	0	0	0	1.73894646374006													Silent mutation	4) Not assoc w R - Interim		Now listed		Silent mutation	no			0	4							False					unresolved
Isoniazid	inhA	c.-127C>A	inhA_c.-127C>A	1	upstream_gene_variant	1674075	0	0	0	0	1	0	20845	27468	4.79708337330902e-05	1.21451561977598e-06	0.000267247072972983	1	0.999865711673152	1	1	0.025	1											2876	5574	False	False	Inf	0.0337859573643402	Inf	0	0	0.000176951454458875	1	0.999865711673152	1	3) Uncertain significance	3) Uncertain significance	ALL+WHO	3) Uncertain significance	0	0	0	0	1	0	13373	21313	7.47719455660236e-05	1.89305996861207e-06	0.000416531419540481	1	0.999826933785262	1	1	0.025	1											2350	4479	False	False	0	0	0	0	0	0	0	Inf	0.0408616897784423	Inf	0	0	0.000275807277411719	1	0.999826933785262	1								3) Uncertain significance		No change			no			1	3							False					unresolved
Isoniazid	inhA	c.138G>A	inhA_c.138G>A	1	synonymous_variant	"(see ""Genomic_coordinates"" sheet)"	1				0	6	20846	27462	0	0	0.00017694296670111	0.999781564001747	0.999524617886493	0.999919833755107	0	0	0.4592581264399													False	False	0	0	1.11900921779861							3) Uncertain significance	3) Uncertain significance	ALL+WHO	3) Uncertain significance	1				0	4	13374	21309	0	0	0.000275786657608973	0.999812321118566	0.999519537882235	0.999948861529775	0	0	0.602364635616474													False	False	0	0	0	0	0	0	0	0	0	2.41420404242617													Silent mutation	4) Not assoc w R - Interim		Now listed		Silent mutation	no			0	4							False					unresolved
Isoniazid	inhA	c.-140C>A	inhA_c.-140C>A	1	upstream_gene_variant	1674062	0	0	0	0	1	0	20845	27468	4.79708337330902e-05	1.21451561977598e-06	0.000267247072972983	1	0.999865711673152	1	1	0.025	1											2878	5574	False	False	Inf	0.0337859573643402	Inf	0	0	0.000176951454458875	1	0.999865711673152	1	3) Uncertain significance	3) Uncertain significance	ALL+WHO	3) Uncertain significance																																0	0	0	0	0	0	0																	3) Uncertain significance		No change			no			1	3							False					unresolved
Isoniazid	inhA	c.-14A>G	inhA_c.-14A>G	1	upstream_gene_variant	1674188	1	1	0	1	0	1	20846	27467	0	0	0.00017694296670111	0.999963594000291	0.999797175631493	0.999999078280314	0	0	0.975	0	0	0.975	0	0	0.975	0	0	51.3484236392164	1	2027.5	5574	False	False	0	0	51.3484236392164	0	0	0.00017694296670111	0.999963594000291	0.999797175631493	0.999999078280314	3) Uncertain significance	3) Uncertain significance	ALL+WHO	3) Uncertain significance	1	1	0	1	0	1	13374	21312	0	0	0.000275786657608973	0.999953080279641	0.999738608085756	0.999998812096234	0	0	0.975	0	0	0.975	0	0	0.975	0	0	62.0916370035077	1	1642.5	4479	False	False	0	0	0	0	0	0	0	0	0	62.0916370035077	0	0	0.000275786657608973	0.999953080279641	0.999738608085756	0.999998812096234								3) Uncertain significance		No change			no			1	3							False					unresolved
Isoniazid	inhA	c.150C>T	inhA_c.150C>T	1	synonymous_variant	"(see ""Genomic_coordinates"" sheet)"					1	0	20845	27468	4.79708337330902e-05	1.21451561977598e-06	0.000267247072972983	1	0.999865711673152	1	1	0.025	1													False	False	Inf	0.0337859573643402	Inf							3) Uncertain significance	3) Uncertain significance	ALL+WHO	3) Uncertain significance					1	0	13373	21313	7.47719455660236e-05	1.89305996861207e-06	0.000416531419540481	1	0.999826933785262	1	1	0.025	1													False	False	0	0	0	0	0	0	0	Inf	0.0408616897784423	Inf													Silent mutation	4) Not assoc w R - Interim		Now listed		Silent mutation	no			0	4							False					unresolved
Isoniazid	inhA	c.-154G>A	inhA_c.-154G>A	1	upstream_gene_variant	1674048	1	194	136	58	745	64	20101	27404	0.0357382711311522	0.0332592068793663	0.0383478644914445	0.99767001601864	0.997025622876796	0.998205180195353	0.92088998763906	0.9000986481111	0.938545299081236	0.701030927835051	0.631298907793497	0.764501149066127	0.68	0.610530114938341	0.744038812360042	3.19673922553175	2.33284665167019	4.42758308447243	7.86238576999484e-15	10	5574	True	False	15.8698416745435	12.2715652601671	20.8315939993026	0.00672036369027029	0.00564132500581181	0.00794454666365718	0.99767001601864	0.997025622876796	0.998205180195353	1) Assoc w R	1) Assoc w R	ALL+WHO	1) Assoc w R	1	161	107	54	520	60	12854	21253	0.0388814116943322	0.035668459407359	0.0422969292912083	0.997184816778492	0.996377766664424	0.9978510520541	0.896551724137931	0.868851087792916	0.920126232555147	0.664596273291925	0.58603415523357	0.736971196432387	0.640718562874251	0.562962560052354	0.713382010212576	3.27621175711264	2.33869636572943	4.63600829924268	2.83713073883097e-13	9	4479	True	False	0	0	0	0	0	0	0	14.3295990871842	10.9390555301988	19.0619834545612	0.00825553583828408	0.0067704024051655	0.00996737619439835	0.997184816778492	0.996377766664424	0.9978510520541	92			Assoc w R		Marker of R		1) Assoc w R	Alias fabG1_p.Leu203Leu. Low-level resistance (multiple, genetically linked low-level resistance mutations are additive and confer high-level resistance)	No change			yes		F, H	1	1							False					unresolved
Isoniazid	inhA	c.156C>T	inhA_c.156C>T	1	synonymous_variant	"(see ""Genomic_coordinates"" sheet)"					1	0	20845	27468	4.79708337330902e-05	1.21451561977598e-06	0.000267247072972983	1	0.999865711673152	1	1	0.025	1													False	False	Inf	0.0337859573643402	Inf							3) Uncertain significance	3) Uncertain significance	ALL+WHO	3) Uncertain significance					1	0	13373	21313	7.47719455660236e-05	1.89305996861207e-06	0.000416531419540481	1	0.999826933785262	1	1	0.025	1													False	False	0	0	0	0	0	0	0	Inf	0.0408616897784423	Inf													Silent mutation	4) Not assoc w R - Interim		Now listed		Silent mutation	no			0	4							False					unresolved
Isoniazid	inhA	c.-156C>T	inhA_c.-156C>T	1	upstream_gene_variant	1674046	1	1	0	1	0	1	20846	27467	0	0	0.00017694296670111	0.999963594000291	0.999797175631493	0.999999078280314	0	0	0.975	0	0	0.975	0	0	0.975	0	0	51.3484236392164	1	2027.5	5574	False	False	0	0	51.3484236392164	0	0	0.00017694296670111	0.999963594000291	0.999797175631493	0.999999078280314	3) Uncertain significance	3) Uncertain significance	ALL+WHO	3) Uncertain significance																																0	0	0	0	0	0	0																	3) Uncertain significance		No change			no			1	3							False					unresolved
Isoniazid	inhA	c.-158C>T	inhA_c.-158C>T	1	upstream_gene_variant	1674044	1	1	0	1	0	1	20846	27467	0	0	0.00017694296670111	0.999963594000291	0.999797175631493	0.999999078280314	0	0	0.975	0	0	0.975	0	0	0.975	0	0	51.3484236392164	1	2027.5	5574	False	False	0	0	51.3484236392164	0	0	0.00017694296670111	0.999963594000291	0.999797175631493	0.999999078280314	3) Uncertain significance	3) Uncertain significance	ALL+WHO	3) Uncertain significance																																0	0	0	0	0	0	0																	3) Uncertain significance		No change			no			1	3							False					unresolved
Isoniazid	inhA	c.159G>T	inhA_c.159G>T	1	synonymous_variant	"(see ""Genomic_coordinates"" sheet)"	1				0	1	20846	27467	0	0	0.00017694296670111	0.999963594000291	0.999797175631493	0.999999078280314	0	0	0.975													False	False	0	0	51.3484236392164							3) Uncertain significance	3) Uncertain significance	ALL+WHO	3) Uncertain significance																																0	0	0	0	0	0	0																Silent mutation	4) Not assoc w R - Interim		Now listed		Silent mutation	no			0	4							False					unresolved
Isoniazid	inhA	c.-159G>T	inhA_c.-159G>T	1	upstream_gene_variant	1674043	1	1	0	1	0	1	20846	27467	0	0	0.00017694296670111	0.999963594000291	0.999797175631493	0.999999078280314	0	0	0.975	0	0	0.975	0	0	0.975	0	0	51.3484236392164	1	2027.5	5574	False	False	0	0	51.3484236392164	0	0	0.00017694296670111	0.999963594000291	0.999797175631493	0.999999078280314	3) Uncertain significance	3) Uncertain significance	ALL+WHO	3) Uncertain significance	1	1	0	1	0	1	13374	21312	0	0	0.000275786657608973	0.999953080279641	0.999738608085756	0.999998812096234	0	0	0.975	0	0	0.975	0	0	0.975	0	0	62.0916370035077	1	1642.5	4479	False	False	0	0	0	0	0	0	0	0	0	62.0916370035077	0	0	0.000275786657608973	0.999953080279641	0.999738608085756	0.999998812096234								3) Uncertain significance		No change			no			1	3							False					unresolved
Isoniazid	inhA	c.-160G>A	inhA_c.-160G>A	1	upstream_gene_variant	1674042	1	1	0	1	0	1	20846	27467	0	0	0.00017694296670111	0.999963594000291	0.999797175631493	0.999999078280314	0	0	0.975	0	0	0.975	0	0	0.975	0	0	51.3484236392164	1	2027.5	5574	False	False	0	0	51.3484236392164	0	0	0.00017694296670111	0.999963594000291	0.999797175631493	0.999999078280314	3) Uncertain significance	3) Uncertain significance	ALL+WHO	3) Uncertain significance																																0	0	0	0	0	0	0																	3) Uncertain significance		No change			no			1	3							False					unresolved
Isoniazid	inhA	c.-160G>C	inhA_c.-160G>C	1	upstream_gene_variant	1674042	1	1	0	1	0	1	20846	27467	0	0	0.00017694296670111	0.999963594000291	0.999797175631493	0.999999078280314	0	0	0.975	0	0	0.975	0	0	0.975	0	0	51.3484236392164	1	2027.5	5574	False	False	0	0	51.3484236392164	0	0	0.00017694296670111	0.999963594000291	0.999797175631493	0.999999078280314	3) Uncertain significance	3) Uncertain significance	ALL+WHO	3) Uncertain significance	1	1	0	1	0	1	13374	21312	0	0	0.000275786657608973	0.999953080279641	0.999738608085756	0.999998812096234	0	0	0.975	0	0	0.975	0	0	0.975	0	0	62.0916370035077	1	1642.5	4479	False	False	0	0	0	0	0	0	0	0	0	62.0916370035077	0	0	0.000275786657608973	0.999953080279641	0.999738608085756	0.999998812096234								3) Uncertain significance		No change			no			1	3							False					unresolved
Isoniazid	inhA	c.162G>T	inhA_c.162G>T	1	synonymous_variant	"(see ""Genomic_coordinates"" sheet)"	1				0	1	20846	27467	0	0	0.00017694296670111	0.999963594000291	0.999797175631493	0.999999078280314	0	0	0.975													False	False	0	0	51.3484236392164							3) Uncertain significance	3) Uncertain significance	ALL+WHO	3) Uncertain significance	1				0	1	13374	21312	0	0	0.000275786657608973	0.999953080279641	0.999738608085756	0.999998812096234	0	0	0.975													False	False	0	0	0	0	0	0	0	0	0	62.0916370035077													Silent mutation	4) Not assoc w R - Interim		Now listed		Silent mutation	no			0	4							False					unresolved
Isoniazid	inhA	c.-16C>G	inhA_c.-16C>G	1	upstream_gene_variant	1674186	1	2	0	2	0	2	20846	27466	0	0	0.00017694296670111	0.999927188000582	0.999737003036386	0.999991182007438	0	0	0.841886116991581	0	0	0.841886116991581	0	0	0.841886116991581	0	0	7.01598871232251	0.509382802952132	994	5574	False	False	0	0	7.01598871232251	0	0	0.00017694296670111	0.999927188000582	0.999737003036386	0.999991182007438	3) Uncertain significance	3) Uncertain significance	ALL+WHO	3) Uncertain significance	1	1	0	1	0	1	13374	21312	0	0	0.000275786657608973	0.999953080279641	0.999738608085756	0.999998812096234	0	0	0.975	0	0	0.975	0	0	0.975	0	0	62.0916370035077	1	1642.5	4479	False	False	0	0	0	0	0	0	0	0	0	62.0916370035077	0	0	0.000275786657608973	0.999953080279641	0.999738608085756	0.999998812096234								3) Uncertain significance		No change			no			1	3							False					unresolved
Isoniazid	inhA	c.171G>A	inhA_c.171G>A	1	synonymous_variant	"(see ""Genomic_coordinates"" sheet)"	1				0	1	20846	27467	0	0	0.00017694296670111	0.999963594000291	0.999797175631493	0.999999078280314	0	0	0.975													False	False	0	0	51.3484236392164							3) Uncertain significance	3) Uncertain significance	ALL+WHO	3) Uncertain significance	1				0	1	13374	21312	0	0	0.000275786657608973	0.999953080279641	0.999738608085756	0.999998812096234	0	0	0.975													False	False	0	0	0	0	0	0	0	0	0	62.0916370035077							1						Silent mutation	4) Not assoc w R - Interim		Now listed		Silent mutation	no			0	4							False					unresolved
Isoniazid	inhA	c.-173G>T	inhA_c.-173G>T	1	upstream_gene_variant	1674029	1	1	0	1	0	1	20846	27467	0	0	0.00017694296670111	0.999963594000291	0.999797175631493	0.999999078280314	0	0	0.975	0	0	0.975	0	0	0.975	0	0	51.3484236392164	1	2027.5	5574	False	False	0	0	51.3484236392164	0	0	0.00017694296670111	0.999963594000291	0.999797175631493	0.999999078280314	3) Uncertain significance	3) Uncertain significance	ALL+WHO	3) Uncertain significance	1	1	0	1	0	1	13374	21312	0	0	0.000275786657608973	0.999953080279641	0.999738608085756	0.999998812096234	0	0	0.975	0	0	0.975	0	0	0.975	0	0	62.0916370035077	1	1642.5	4479	False	False	0	0	0	0	0	0	0	0	0	62.0916370035077	0	0	0.000275786657608973	0.999953080279641	0.999738608085756	0.999998812096234								3) Uncertain significance		No change			no			1	3							False					unresolved
Isoniazid	inhA	c.174C>A	inhA_c.174C>A	1	synonymous_variant	"(see ""Genomic_coordinates"" sheet)"	1				0	3	20846	27465	0	0	0.00017694296670111	0.999890782000873	0.99968085216583	0.999977476056514	0	0	0.707598226178713													False	False	0	0	3.18865318395302							3) Uncertain significance	3) Uncertain significance	ALL+WHO	3) Uncertain significance	1				0	2	13374	21311	0	0	0.000275786657608973	0.999906160559283	0.999661061221376	0.999988635406343	0	0	0.841886116991581													False	False	0	0	0	0	0	0	0	0	0	8.48535171137227							2						Silent mutation	4) Not assoc w R - Interim		Now listed		Silent mutation	no			0	4							False					unresolved
Isoniazid	inhA	c.-176A>C	inhA_c.-176A>C	1	upstream_gene_variant	1674026	1	7	4	3	16	3	20830	27465	0.000767533339729444	0.000438773245501675	0.00124612759964746	0.999890782000873	0.99968085216583	0.999977476056514	0.842105263157894	0.604215448733325	0.966173750998235	0.571428571428571	0.184051567640083	0.901011721557492	0.571428571428571	0.184051567640083	0.901011721557492	1.75804128660585	0.297363805631624	12.0048364266158	0.473899472010738	830	5574	False	False	7.03216514642342	2.0124584049009	37.6639091237025	0.000191993856196601	5.23142622123071e-05	0.000491506894552512	0.999890782000873	0.99968085216583	0.999977476056514	3) Uncertain significance	3) Uncertain significance	ALL+WHO	3) Uncertain significance	1	5	4	1	9	1	13365	21312	0.000672947510094212	0.000307759154923187	0.00127707788784856	0.999953080279641	0.999738608085756	0.999998812096234	0.9	0.554983882971804	0.997471421455538	0.8	0.28358206388191	0.994949236620532	0.8	0.28358206388191	0.994949236620532	6.37845117845117	0.631082524096733	313.630454411632	0.0763366604176468	147	4479	False	False	0	0	0	0	0	0	0	14.3515151515151	1.98814481377699	627.199072547492	0.00029919964096043	8.15276566733007e-05	0.000765891101882231	0.999953080279641	0.999738608085756	0.999998812096234	1							3) Uncertain significance		No change			no			1	3							False					unresolved
Isoniazid	inhA	c.-180G>A	inhA_c.-180G>A	1	upstream_gene_variant	1674022	1	1	0	1	0	1	20846	27467	0	0	0.00017694296670111	0.999963594000291	0.999797175631493	0.999999078280314	0	0	0.975	0	0	0.975	0	0	0.975	0	0	51.3484236392164	1	2027.5	5574	False	False	0	0	51.3484236392164	0	0	0.00017694296670111	0.999963594000291	0.999797175631493	0.999999078280314	3) Uncertain significance	3) Uncertain significance	ALL+WHO	3) Uncertain significance																																0	0	0	0	0	0	0																	3) Uncertain significance		No change			no			1	3							False					unresolved
Isoniazid	inhA	c.-181G>A	inhA_c.-181G>A	1	upstream_gene_variant	1674021	1	2	0	2	0	2	20846	27466	0	0	0.00017694296670111	0.999927188000582	0.999737003036386	0.999991182007438	0	0	0.841886116991581	0	0	0.841886116991581	0	0	0.841886116991581	0	0	7.01598871232251	0.509382802952132	994	5574	False	False	0	0	7.01598871232251	0	0	0.00017694296670111	0.999927188000582	0.999737003036386	0.999991182007438	3) Uncertain significance	3) Uncertain significance	ALL+WHO	3) Uncertain significance	1	2	0	2	0	2	13374	21311	0	0	0.000275786657608973	0.999906160559283	0.999661061221376	0.999988635406343	0	0	0.841886116991581	0	0	0.841886116991581	0	0	0.841886116991581	0	0	8.48535171137227	0.526178307844236	803	4479	False	False	0	0	0	0	0	0	0	0	0	8.48535171137227	0	0	0.000275786657608973	0.999906160559283	0.999661061221376	0.999988635406343								3) Uncertain significance		No change			no			1	3							False					unresolved
Isoniazid	inhA	c.-186G>A	inhA_c.-186G>A	1	upstream_gene_variant	1674016	1	1	0	1	0	1	20846	27467	0	0	0.00017694296670111	0.999963594000291	0.999797175631493	0.999999078280314	0	0	0.975	0	0	0.975	0	0	0.975	0	0	51.3484236392164	1	2027.5	5574	False	False	0	0	51.3484236392164	0	0	0.00017694296670111	0.999963594000291	0.999797175631493	0.999999078280314	3) Uncertain significance	3) Uncertain significance	ALL+WHO	3) Uncertain significance	1	1	0	1	0	1	13374	21312	0	0	0.000275786657608973	0.999953080279641	0.999738608085756	0.999998812096234	0	0	0.975	0	0	0.975	0	0	0.975	0	0	62.0916370035077	1	1642.5	4479	False	False	0	0	0	0	0	0	0	0	0	62.0916370035077	0	0	0.000275786657608973	0.999953080279641	0.999738608085756	0.999998812096234								3) Uncertain significance		No change			no			1	3							False					unresolved
Isoniazid	inhA	c.-187C>T	inhA_c.-187C>T	1	upstream_gene_variant	1674015	1	1	0	1	0	1	20846	27467	0	0	0.00017694296670111	0.999963594000291	0.999797175631493	0.999999078280314	0	0	0.975	0	0	0.975	0	0	0.975	0	0	51.3484236392164	1	2027.5	5574	False	False	0	0	51.3484236392164	0	0	0.00017694296670111	0.999963594000291	0.999797175631493	0.999999078280314	3) Uncertain significance	3) Uncertain significance	ALL+WHO	3) Uncertain significance	1	1	0	1	0	1	13374	21312	0	0	0.000275786657608973	0.999953080279641	0.999738608085756	0.999998812096234	0	0	0.975	0	0	0.975	0	0	0.975	0	0	62.0916370035077	1	1642.5	4479	False	False	0	0	0	0	0	0	0	0	0	62.0916370035077	0	0	0.000275786657608973	0.999953080279641	0.999738608085756	0.999998812096234								3) Uncertain significance		No change			no			1	3							False					unresolved
Isoniazid	inhA	c.-18C>A	inhA_c.-18C>A	1	upstream_gene_variant	1674184	0	0	0	0	1	0	20845	27468	4.79708337330902e-05	1.21451561977598e-06	0.000267247072972983	1	0.999865711673152	1	1	0.025	1											2853	5574	False	False	Inf	0.0337859573643402	Inf	0	0	0.000176951454458875	1	0.999865711673152	1	3) Uncertain significance	3) Uncertain significance	ALL+WHO	3) Uncertain significance	0	0	0	0	1	0	13373	21313	7.47719455660236e-05	1.89305996861207e-06	0.000416531419540481	1	0.999826933785262	1	1	0.025	1											2328	4479	False	False	0	0	0	0	0	0	0	Inf	0.0408616897784423	Inf	0	0	0.000275807277411719	1	0.999826933785262	1								3) Uncertain significance		New Uncertain			no			0	3							False					unresolved
Isoniazid	inhA	c.-18C>T	inhA_c.-18C>T	1	upstream_gene_variant	1674184	0	0	0	0	2	0	20844	27468	9.59416674661805e-05	1.16191922227078e-05	0.000346530862189542	1	0.999865711673152	1	1	0.158113883008419	1											2905	5574	False	False	Inf	0.247471899512553	Inf	0	0	0.000176959943030976	1	0.999865711673152	1	3) Uncertain significance	3) Uncertain significance	ALL+WHO	3) Uncertain significance	0	0	0	0	2	0	13372	21313	0.000149543891132047	1.81109721013608e-05	0.000540098445265982	1	0.999826933785262	1	1	0.158113883008419	1											2369	4479	False	False	0	0	0	0	0	0	0	Inf	0.299307766452077	Inf	0	0	0.000275827900298067	1	0.999826933785262	1								3) Uncertain significance		No change			no			1	3							False					unresolved
Isoniazid	inhA	c.-19_-18insCACAACAC	inhA_c.-19_-18insCACAACAC	1	upstream_gene_variant	1674183	0	0	0	0	1	0	20845	27468	4.79708337330902e-05	1.21451561977598e-06	0.000267247072972983	1	0.999865711673152	1	1	0.025	1											2910	5574	False	False	Inf	0.0337859573643402	Inf	0	0	0.000176951454458875	1	0.999865711673152	1	3) Uncertain significance	3) Uncertain significance	ALL+WHO	3) Uncertain significance	0	0	0	0	1	0	13373	21313	7.47719455660236e-05	1.89305996861207e-06	0.000416531419540481	1	0.999826933785262	1	1	0.025	1											2374	4479	False	False	0	0	0	0	0	0	0	Inf	0.0408616897784423	Inf	0	0	0.000275807277411719	1	0.999826933785262	1								3) Uncertain significance		New Uncertain			no			0	3							False					unresolved
Isoniazid	inhA	c.-1C>T	inhA_c.-1C>T	1	upstream_gene_variant	1674201	1	0	0	0	0	2	20846	27466	0	0	0.00017694296670111	0.999927188000582	0.999737003036386	0.999991182007438	0	0	0.841886116991581				0	0	0.841886116991581					2926	5574	False	False	0	0	7.01598871232251	0	0	0.00017694296670111	0.999927188000582	0.999737003036386	0.999991182007438	3) Uncertain significance	3) Uncertain significance	ALL+WHO	3) Uncertain significance	1	0	0	0	0	2	13374	21311	0	0	0.000275786657608973	0.999906160559283	0.999661061221376	0.999988635406343	0	0	0.841886116991581				0	0	0.841886116991581					2384	4479	False	False	0	0	0	0	0	0	0	0	0	8.48535171137227	0	0	0.000275786657608973	0.999906160559283	0.999661061221376	0.999988635406343								3) Uncertain significance		New Uncertain			no			0	3							False					unresolved
Isoniazid	inhA	c.-202C>T	inhA_c.-202C>T	1	upstream_gene_variant	1674000	1	1	0	1	0	1	20846	27467	0	0	0.00017694296670111	0.999963594000291	0.999797175631493	0.999999078280314	0	0	0.975	0	0	0.975	0	0	0.975	0	0	51.3484236392164	1	2027.5	5574	False	False	0	0	51.3484236392164	0	0	0.00017694296670111	0.999963594000291	0.999797175631493	0.999999078280314	3) Uncertain significance	3) Uncertain significance	ALL+WHO	3) Uncertain significance	1	1	0	1	0	1	13374	21312	0	0	0.000275786657608973	0.999953080279641	0.999738608085756	0.999998812096234	0	0	0.975	0	0	0.975	0	0	0.975	0	0	62.0916370035077	1	1642.5	4479	False	False	0	0	0	0	0	0	0	0	0	62.0916370035077	0	0	0.000275786657608973	0.999953080279641	0.999738608085756	0.999998812096234								3) Uncertain significance		No change			no			1	3							False					unresolved
Isoniazid	inhA	c.-204G>A	inhA_c.-204G>A	1	upstream_gene_variant	1673998	1	1	0	1	0	1	20846	27467	0	0	0.00017694296670111	0.999963594000291	0.999797175631493	0.999999078280314	0	0	0.975	0	0	0.975	0	0	0.975	0	0	51.3484236392164	1	2027.5	5574	False	False	0	0	51.3484236392164	0	0	0.00017694296670111	0.999963594000291	0.999797175631493	0.999999078280314	3) Uncertain significance	3) Uncertain significance	ALL+WHO	3) Uncertain significance	1	1	0	1	0	1	13374	21312	0	0	0.000275786657608973	0.999953080279641	0.999738608085756	0.999998812096234	0	0	0.975	0	0	0.975	0	0	0.975	0	0	62.0916370035077	1	1642.5	4479	False	False	0	0	0	0	0	0	0	0	0	62.0916370035077	0	0	0.000275786657608973	0.999953080279641	0.999738608085756	0.999998812096234								3) Uncertain significance		New Uncertain			no			0	3							False					unresolved
Isoniazid	inhA	c.-205C>T	inhA_c.-205C>T	1	upstream_gene_variant	1673997	0	0	0	0	1	0	20845	27468	4.79708337330902e-05	1.21451561977598e-06	0.000267247072972983	1	0.999865711673152	1	1	0.025	1											2889	5574	False	False	Inf	0.0337859573643402	Inf	0	0	0.000176951454458875	1	0.999865711673152	1	3) Uncertain significance	3) Uncertain significance	ALL+WHO	3) Uncertain significance	0	0	0	0	1	0	13373	21313	7.47719455660236e-05	1.89305996861207e-06	0.000416531419540481	1	0.999826933785262	1	1	0.025	1											2359	4479	False	False	0	0	0	0	0	0	0	Inf	0.0408616897784423	Inf	0	0	0.000275807277411719	1	0.999826933785262	1								3) Uncertain significance		No change			no			1	3							False					unresolved
Isoniazid	inhA	c.-208C>T	inhA_c.-208C>T	1	upstream_gene_variant	1673994	1	2	0	2	0	2	20846	27466	0	0	0.00017694296670111	0.999927188000582	0.999737003036386	0.999991182007438	0	0	0.841886116991581	0	0	0.841886116991581	0	0	0.841886116991581	0	0	7.01598871232251	0.509382802952132	994	5574	False	False	0	0	7.01598871232251	0	0	0.00017694296670111	0.999927188000582	0.999737003036386	0.999991182007438	3) Uncertain significance	3) Uncertain significance	ALL+WHO	3) Uncertain significance	1	2	0	2	0	2	13374	21311	0	0	0.000275786657608973	0.999906160559283	0.999661061221376	0.999988635406343	0	0	0.841886116991581	0	0	0.841886116991581	0	0	0.841886116991581	0	0	8.48535171137227	0.526178307844236	803	4479	False	False	0	0	0	0	0	0	0	0	0	8.48535171137227	0	0	0.000275786657608973	0.999906160559283	0.999661061221376	0.999988635406343								3) Uncertain significance		No change			no			1	3							False					unresolved
Isoniazid	inhA	c.-20G>A	inhA_c.-20G>A	1	upstream_gene_variant	1674182	1	3	0	3	0	3	20846	27465	0	0	0.00017694296670111	0.999890782000873	0.99968085216583	0.999977476056514	0	0	0.707598226178713	0	0	0.707598226178713	0	0	0.707598226178713	0	0	3.18865318395302	0.264074204428198	489	5574	False	False	0	0	3.18865318395302	0	0	0.00017694296670111	0.999890782000873	0.99968085216583	0.999977476056514	3) Uncertain significance	3) Uncertain significance	ALL+WHO	3) Uncertain significance	1	3	0	3	0	3	13374	21310	0	0	0.000275786657608973	0.999859240838924	0.999588697652472	0.999970971136275	0	0	0.707598226178713	0	0	0.707598226178713	0	0	0.707598226178713	0	0	3.85651838973546	0.289267461766355	341	4479	False	False	0	0	0	0	0	0	0	0	0	3.85651838973546	0	0	0.000275786657608973	0.999859240838924	0.999588697652472	0.999970971136275								3) Uncertain significance		No change			no			1	3							False					unresolved
Isoniazid	inhA	c.211C>T	inhA_c.211C>T	1	synonymous_variant	"(see ""Genomic_coordinates"" sheet)"	1				0	1	20846	27467	0	0	0.00017694296670111	0.999963594000291	0.999797175631493	0.999999078280314	0	0	0.975													False	False	0	0	51.3484236392164							3) Uncertain significance	3) Uncertain significance	ALL+WHO	3) Uncertain significance	1				0	1	13374	21312	0	0	0.000275786657608973	0.999953080279641	0.999738608085756	0.999998812096234	0	0	0.975													False	False	0	0	0	0	0	0	0	0	0	62.0916370035077													Silent mutation	4) Not assoc w R - Interim		Now listed		Silent mutation	no			0	4							False					unresolved
Isoniazid	inhA	c.213G>A	inhA_c.213G>A	1	synonymous_variant	"(see ""Genomic_coordinates"" sheet)"	1				7	1	20839	27467	0.000335795836131632	0.000135017659185429	0.000691744589626827	0.999963594000291	0.999797175631493	0.999999078280314	0.875	0.473490329124793	0.996840276468748													False	False	9.22640241854215	1.18513781610454	415.029346412368							3) Uncertain significance	3) Uncertain significance	ALL+WHO	3) Uncertain significance	1				6	1	13368	21312	0.000448631673396141	0.000164657143425453	0.000976224581517196	0.999953080279641	0.999738608085756	0.999998812096234	0.857142857142857	0.421276802956804	0.996389703138099													False	False	0	0	0	0	0	0	0	9.56552962298025	1.16026312817987	439.068355223953							2						Silent mutation	4) Not assoc w R - Interim		Now listed		Silent mutation	no			0	4							False					unresolved
Isoniazid	inhA	c.216C>T	inhA_c.216C>T	1	synonymous_variant	"(see ""Genomic_coordinates"" sheet)"	1				0	1	20846	27467	0	0	0.00017694296670111	0.999963594000291	0.999797175631493	0.999999078280314	0	0	0.975													False	False	0	0	51.3484236392164							3) Uncertain significance	3) Uncertain significance	ALL+WHO	3) Uncertain significance	1				0	1	13374	21312	0	0	0.000275786657608973	0.999953080279641	0.999738608085756	0.999998812096234	0	0	0.975													False	False	0	0	0	0	0	0	0	0	0	62.0916370035077													Silent mutation	4) Not assoc w R - Interim		Now listed		Silent mutation	no			0	4							False					unresolved
Isoniazid	inhA	c.-217C>T	inhA_c.-217C>T	1	upstream_gene_variant	1673985	1	1	0	1	0	1	20846	27467	0	0	0.00017694296670111	0.999963594000291	0.999797175631493	0.999999078280314	0	0	0.975	0	0	0.975	0	0	0.975	0	0	51.3484236392164	1	2027.5	5574	False	False	0	0	51.3484236392164	0	0	0.00017694296670111	0.999963594000291	0.999797175631493	0.999999078280314	3) Uncertain significance	3) Uncertain significance	ALL+WHO	3) Uncertain significance	1	1	0	1	0	1	13374	21312	0	0	0.000275786657608973	0.999953080279641	0.999738608085756	0.999998812096234	0	0	0.975	0	0	0.975	0	0	0.975	0	0	62.0916370035077	1	1642.5	4479	False	False	0	0	0	0	0	0	0	0	0	62.0916370035077	0	0	0.000275786657608973	0.999953080279641	0.999738608085756	0.999998812096234								3) Uncertain significance		New Uncertain			no			0	3							False					unresolved
Isoniazid	inhA	c.222G>A	inhA_c.222G>A	1	synonymous_variant	"(see ""Genomic_coordinates"" sheet)"	1				0	1	20846	27467	0	0	0.00017694296670111	0.999963594000291	0.999797175631493	0.999999078280314	0	0	0.975													False	False	0	0	51.3484236392164							3) Uncertain significance	3) Uncertain significance	ALL+WHO	3) Uncertain significance																																0	0	0	0	0	0	0																Silent mutation	4) Not assoc w R - Interim		Now listed		Silent mutation	no			0	4							False					unresolved
Isoniazid	inhA	c.228C>T	inhA_c.228C>T	1	synonymous_variant	"(see ""Genomic_coordinates"" sheet)"	1				0	1	20846	27467	0	0	0.00017694296670111	0.999963594000291	0.999797175631493	0.999999078280314	0	0	0.975													False	False	0	0	51.3484236392164							3) Uncertain significance	3) Uncertain significance	ALL+WHO	3) Uncertain significance																																0	0	0	0	0	0	0																Silent mutation	4) Not assoc w R - Interim		Now listed		Silent mutation	no			0	4							False					unresolved
Isoniazid	inhA	c.-229G>C	inhA_c.-229G>C	1	upstream_gene_variant	1673973	0	0	0	0	2	0	20844	27468	9.59416674661805e-05	1.16191922227078e-05	0.000346530862189542	1	0.999865711673152	1	1	0.158113883008419	1											2909	5574	False	False	Inf	0.247471899512553	Inf	0	0	0.000176959943030976	1	0.999865711673152	1	3) Uncertain significance	3) Uncertain significance	ALL+WHO	3) Uncertain significance	0	0	0	0	2	0	13372	21313	0.000149543891132047	1.81109721013608e-05	0.000540098445265982	1	0.999826933785262	1	1	0.158113883008419	1											2373	4479	False	False	0	0	0	0	0	0	0	Inf	0.299307766452077	Inf	0	0	0.000275827900298067	1	0.999826933785262	1								3) Uncertain significance		No change			no			1	3							False					unresolved
Isoniazid	inhA	c.-232C>T	inhA_c.-232C>T	1	upstream_gene_variant	1673970	1	1	0	1	0	1	20846	27467	0	0	0.00017694296670111	0.999963594000291	0.999797175631493	0.999999078280314	0	0	0.975	0	0	0.975	0	0	0.975	0	0	51.3484236392164	1	2027.5	5574	False	False	0	0	51.3484236392164	0	0	0.00017694296670111	0.999963594000291	0.999797175631493	0.999999078280314	3) Uncertain significance	3) Uncertain significance	ALL+WHO	3) Uncertain significance	1	1	0	1	0	1	13374	21312	0	0	0.000275786657608973	0.999953080279641	0.999738608085756	0.999998812096234	0	0	0.975	0	0	0.975	0	0	0.975	0	0	62.0916370035077	1	1642.5	4479	False	False	0	0	0	0	0	0	0	0	0	62.0916370035077	0	0	0.000275786657608973	0.999953080279641	0.999738608085756	0.999998812096234								3) Uncertain significance		No change			no			1	3							False					unresolved
Isoniazid	inhA	c.237C>T	inhA_c.237C>T	1	synonymous_variant	"(see ""Genomic_coordinates"" sheet)"	1				0	1	20846	27467	0	0	0.00017694296670111	0.999963594000291	0.999797175631493	0.999999078280314	0	0	0.975													False	False	0	0	51.3484236392164							3) Uncertain significance	3) Uncertain significance	ALL+WHO	3) Uncertain significance																																0	0	0	0	0	0	0																Silent mutation	4) Not assoc w R - Interim		Now listed		Silent mutation	no			0	4							False					unresolved
Isoniazid	inhA	c.240G>A	inhA_c.240G>A	1	synonymous_variant	"(see ""Genomic_coordinates"" sheet)"					1	0	20845	27468	4.79708337330902e-05	1.21451561977598e-06	0.000267247072972983	1	0.999865711673152	1	1	0.025	1													False	False	Inf	0.0337859573643402	Inf							3) Uncertain significance	3) Uncertain significance	ALL+WHO	3) Uncertain significance					1	0	13373	21313	7.47719455660236e-05	1.89305996861207e-06	0.000416531419540481	1	0.999826933785262	1	1	0.025	1													False	False	0	0	0	0	0	0	0	Inf	0.0408616897784423	Inf													Silent mutation	4) Not assoc w R - Interim		Now listed		Silent mutation	no			0	4							False					unresolved
Isoniazid	inhA	c.243G>T	inhA_c.243G>T	1	synonymous_variant	"(see ""Genomic_coordinates"" sheet)"	1				0	1	20846	27467	0	0	0.00017694296670111	0.999963594000291	0.999797175631493	0.999999078280314	0	0	0.975													False	False	0	0	51.3484236392164							3) Uncertain significance	3) Uncertain significance	ALL+WHO	3) Uncertain significance	1				0	1	13374	21312	0	0	0.000275786657608973	0.999953080279641	0.999738608085756	0.999998812096234	0	0	0.975													False	False	0	0	0	0	0	0	0	0	0	62.0916370035077													Silent mutation	4) Not assoc w R - Interim		Now listed		Silent mutation	no			0	4							False					unresolved
Isoniazid	inhA	c.249G>A	inhA_c.249G>A	1	synonymous_variant	"(see ""Genomic_coordinates"" sheet)"	1				0	2	20846	27466	0	0	0.00017694296670111	0.999927188000582	0.999737003036386	0.999991182007438	0	0	0.841886116991581													False	False	0	0	7.01598871232251							3) Uncertain significance	3) Uncertain significance	ALL+WHO	3) Uncertain significance	1				0	2	13374	21311	0	0	0.000275786657608973	0.999906160559283	0.999661061221376	0.999988635406343	0	0	0.841886116991581													False	False	0	0	0	0	0	0	0	0	0	8.48535171137227													Silent mutation	4) Not assoc w R - Interim		Now listed		Silent mutation	no			0	4							False					unresolved
Isoniazid	inhA	c.-25_-24insCACTGACACAACA	inhA_c.-25_-24insCACTGACACAACA	1	upstream_gene_variant	1674177	0	0	0	0	1	0	20845	27468	4.79708337330902e-05	1.21451561977598e-06	0.000267247072972983	1	0.999865711673152	1	1	0.025	1											2924	5574	False	False	Inf	0.0337859573643402	Inf	0	0	0.000176951454458875	1	0.999865711673152	1	3) Uncertain significance	3) Uncertain significance	ALL+WHO	3) Uncertain significance	0	0	0	0	1	0	13373	21313	7.47719455660236e-05	1.89305996861207e-06	0.000416531419540481	1	0.999826933785262	1	1	0.025	1											2383	4479	False	False	0	0	0	0	0	0	0	Inf	0.0408616897784423	Inf	0	0	0.000275807277411719	1	0.999826933785262	1								3) Uncertain significance		New Uncertain			no			0	3							False					unresolved
Isoniazid	inhA	c.-25C>T	inhA_c.-25C>T	1	upstream_gene_variant	1674177	1	3	0	3	0	3	20846	27465	0	0	0.00017694296670111	0.999890782000873	0.99968085216583	0.999977476056514	0	0	0.707598226178713	0	0	0.707598226178713	0	0	0.707598226178713	0	0	3.18865318395302	0.264074204428198	489	5574	False	False	0	0	3.18865318395302	0	0	0.00017694296670111	0.999890782000873	0.99968085216583	0.999977476056514	3) Uncertain significance	3) Uncertain significance	ALL+WHO	3) Uncertain significance	1	2	0	2	0	2	13374	21311	0	0	0.000275786657608973	0.999906160559283	0.999661061221376	0.999988635406343	0	0	0.841886116991581	0	0	0.841886116991581	0	0	0.841886116991581	0	0	8.48535171137227	0.526178307844236	803	4479	False	False	0	0	0	0	0	0	0	0	0	8.48535171137227	0	0	0.000275786657608973	0.999906160559283	0.999661061221376	0.999988635406343								3) Uncertain significance		No change			no			1	3							False					unresolved
Isoniazid	inhA	c.264C>T	inhA_c.264C>T	1	synonymous_variant	"(see ""Genomic_coordinates"" sheet)"	1				2	8	20844	27460	9.59416674661805e-05	1.16191922227078e-05	0.000346530862189542	0.99970875200233	0.999426206431739	0.999874251669172	0.2	0.0252107263268333	0.556095462307641													False	False	0.329351372097486	0.0340635477373695	1.6506834450398							3) Uncertain significance	3) Uncertain significance	ALL+WHO	3) Uncertain significance	1				2	7	13372	21306	0.000149543891132047	1.81109721013608e-05	0.000540098445265982	0.99967156195749	0.999323409938814	0.999867941002665	0.222222222222222	0.0281449734778982	0.600093573716312													False	False	0	0	0	0	0	0	0	0.455236955685654	0.0461387128464925	2.39147917078199													Silent mutation	4) Not assoc w R - Interim		Now listed		Silent mutation	no			0	4							False					unresolved
Isoniazid	inhA	c.267C>T	inhA_c.267C>T	1	synonymous_variant	"(see ""Genomic_coordinates"" sheet)"					2	0	20844	27468	9.59416674661805e-05	1.16191922227078e-05	0.000346530862189542	1	0.999865711673152	1	1	0.158113883008419	1													False	False	Inf	0.247471899512553	Inf							3) Uncertain significance	3) Uncertain significance	ALL+WHO	3) Uncertain significance					1	0	13373	21313	7.47719455660236e-05	1.89305996861207e-06	0.000416531419540481	1	0.999826933785262	1	1	0.025	1													False	False	0	0	0	0	0	0	0	Inf	0.0408616897784423	Inf													Silent mutation	4) Not assoc w R - Interim		Now listed		Silent mutation	no			0	4							False					unresolved
Isoniazid	inhA	c.273G>A	inhA_c.273G>A	1	synonymous_variant	"(see ""Genomic_coordinates"" sheet)"					1	0	20845	27468	4.79708337330902e-05	1.21451561977598e-06	0.000267247072972983	1	0.999865711673152	1	1	0.025	1													False	False	Inf	0.0337859573643402	Inf							3) Uncertain significance	3) Uncertain significance	ALL+WHO	3) Uncertain significance					1	0	13373	21313	7.47719455660236e-05	1.89305996861207e-06	0.000416531419540481	1	0.999826933785262	1	1	0.025	1													False	False	0	0	0	0	0	0	0	Inf	0.0408616897784423	Inf													Silent mutation	4) Not assoc w R - Interim		Now listed		Silent mutation	no			0	4							False					unresolved
Isoniazid	inhA	c.-277C>T	inhA_c.-277C>T	1	upstream_gene_variant	1673925	1	1	0	1	1	1	20845	27467	4.79708337330902e-05	1.21451561977598e-06	0.000267247072972983	0.999963594000291	0.999797175631493	0.999999078280314	0.5	0.012579117093425	0.987420882906574	0	0	0.975	0	0	0.975	0	0	51.3508850075945	1	2027.5	5574	False	False	1.31767810026385	0.0167927522337569	103.35711725526	0	0	0.000176951454458875	0.999963594000291	0.999797175631493	0.999999078280314	3) Uncertain significance	3) Uncertain significance	ALL+WHO	3) Uncertain significance	1	1	0	1	0	1	13374	21312	0	0	0.000275786657608973	0.999953080279641	0.999738608085756	0.999998812096234	0	0	0.975	0	0	0.975	0	0	0.975	0	0	62.0916370035077	1	1642.5	4479	False	False	0	0	0	0	0	0	0	0	0	62.0916370035077	0	0	0.000275786657608973	0.999953080279641	0.999738608085756	0.999998812096234								3) Uncertain significance		No change			no			1	3							False					unresolved
Isoniazid	inhA	c.-282A>G	inhA_c.-282A>G	1	upstream_gene_variant	1673920	0	0	0	0	1	0	20845	27468	4.79708337330902e-05	1.21451561977598e-06	0.000267247072972983	1	0.999865711673152	1	1	0.025	1											2854	5574	False	False	Inf	0.0337859573643402	Inf	0	0	0.000176951454458875	1	0.999865711673152	1	3) Uncertain significance	3) Uncertain significance	ALL+WHO	3) Uncertain significance	0	0	0	0	1	0	13373	21313	7.47719455660236e-05	1.89305996861207e-06	0.000416531419540481	1	0.999826933785262	1	1	0.025	1											2329	4479	False	False	0	0	0	0	0	0	0	Inf	0.0408616897784423	Inf	0	0	0.000275807277411719	1	0.999826933785262	1								3) Uncertain significance		No change			no			1	3							False					unresolved
Isoniazid	inhA	c.-285G>T	inhA_c.-285G>T	1	upstream_gene_variant	1673917	1	1	0	1	0	1	20846	27467	0	0	0.00017694296670111	0.999963594000291	0.999797175631493	0.999999078280314	0	0	0.975	0	0	0.975	0	0	0.975	0	0	51.3484236392164	1	2027.5	5574	False	False	0	0	51.3484236392164	0	0	0.00017694296670111	0.999963594000291	0.999797175631493	0.999999078280314	3) Uncertain significance	3) Uncertain significance	ALL+WHO	3) Uncertain significance	1	1	0	1	0	1	13374	21312	0	0	0.000275786657608973	0.999953080279641	0.999738608085756	0.999998812096234	0	0	0.975	0	0	0.975	0	0	0.975	0	0	62.0916370035077	1	1642.5	4479	False	False	0	0	0	0	0	0	0	0	0	62.0916370035077	0	0	0.000275786657608973	0.999953080279641	0.999738608085756	0.999998812096234								3) Uncertain significance		No change			no			1	3							False					unresolved
Isoniazid	inhA	c.-289C>T	inhA_c.-289C>T	1	upstream_gene_variant	1673913	0	0	0	0	1	0	20845	27468	4.79708337330902e-05	1.21451561977598e-06	0.000267247072972983	1	0.999865711673152	1	1	0.025	1											2879	5574	False	False	Inf	0.0337859573643402	Inf	0	0	0.000176951454458875	1	0.999865711673152	1	3) Uncertain significance	3) Uncertain significance	ALL+WHO	3) Uncertain significance	0	0	0	0	1	0	13373	21313	7.47719455660236e-05	1.89305996861207e-06	0.000416531419540481	1	0.999826933785262	1	1	0.025	1											2352	4479	False	False	0	0	0	0	0	0	0	Inf	0.0408616897784423	Inf	0	0	0.000275807277411719	1	0.999826933785262	1								3) Uncertain significance		New Uncertain			no			0	3							False					unresolved
Isoniazid	inhA	c.291C>T	inhA_c.291C>T	1	synonymous_variant	"(see ""Genomic_coordinates"" sheet)"	1				1	20	20845	27448	4.79708337330902e-05	1.21451561977598e-06	0.000267247072972983	0.999271880005825	0.998875700613314	0.999555190458412	0.0476190476190476	0.00120488344836351	0.238159909936821													False	False	0.0658383305349004	0.00159270996657629	0.411717550396138							3) Uncertain significance	3) Uncertain significance	ALL+WHO	3) Uncertain significance	1				1	15	13373	21298	7.47719455660236e-05	1.89305996861207e-06	0.000416531419540481	0.999296204194623	0.998839461100611	0.999606039023746	0.0625	0.00158111172276588	0.302320738434531													False	False	0	0	0	0	0	0	0	0.106174131957426	0.00252607251575667	0.690295349767496							1						Silent mutation	4) Not assoc w R - Interim		Now listed		Silent mutation	no			0	4							False					unresolved
Isoniazid	inhA	c.-292G>A	inhA_c.-292G>A	1	upstream_gene_variant	1673910	0	0	0	0	2	0	20844	27468	9.59416674661805e-05	1.16191922227078e-05	0.000346530862189542	1	0.999865711673152	1	1	0.158113883008419	1											2863	5574	False	False	Inf	0.247471899512553	Inf	0	0	0.000176959943030976	1	0.999865711673152	1	3) Uncertain significance	3) Uncertain significance	ALL+WHO	3) Uncertain significance	0	0	0	0	2	0	13372	21313	0.000149543891132047	1.81109721013608e-05	0.000540098445265982	1	0.999826933785262	1	1	0.158113883008419	1											2338	4479	False	False	0	0	0	0	0	0	0	Inf	0.299307766452077	Inf	0	0	0.000275827900298067	1	0.999826933785262	1								3) Uncertain significance		New Uncertain			no			0	3							False					unresolved
Isoniazid	inhA	c.-295C>T	inhA_c.-295C>T	1	upstream_gene_variant	1673907	1	1	0	1	0	1	20846	27467	0	0	0.00017694296670111	0.999963594000291	0.999797175631493	0.999999078280314	0	0	0.975	0	0	0.975	0	0	0.975	0	0	51.3484236392164	1	2027.5	5574	False	False	0	0	51.3484236392164	0	0	0.00017694296670111	0.999963594000291	0.999797175631493	0.999999078280314	3) Uncertain significance	3) Uncertain significance	ALL+WHO	3) Uncertain significance	1	1	0	1	0	1	13374	21312	0	0	0.000275786657608973	0.999953080279641	0.999738608085756	0.999998812096234	0	0	0.975	0	0	0.975	0	0	0.975	0	0	62.0916370035077	1	1642.5	4479	False	False	0	0	0	0	0	0	0	0	0	62.0916370035077	0	0	0.000275786657608973	0.999953080279641	0.999738608085756	0.999998812096234								3) Uncertain significance		New Uncertain			no			0	3							False					unresolved
Isoniazid	inhA	c.303C>T	inhA_c.303C>T	1	synonymous_variant	"(see ""Genomic_coordinates"" sheet)"	1				0	1	20846	27467	0	0	0.00017694296670111	0.999963594000291	0.999797175631493	0.999999078280314	0	0	0.975													False	False	0	0	51.3484236392164							3) Uncertain significance	3) Uncertain significance	ALL+WHO	3) Uncertain significance	1				0	1	13374	21312	0	0	0.000275786657608973	0.999953080279641	0.999738608085756	0.999998812096234	0	0	0.975													False	False	0	0	0	0	0	0	0	0	0	62.0916370035077													Silent mutation	4) Not assoc w R - Interim		Now listed		Silent mutation	no			0	4							False					unresolved
Isoniazid	inhA	c.31C>T	inhA_c.31C>T	1	synonymous_variant	"(see ""Genomic_coordinates"" sheet)"	1				0	1	20846	27467	0	0	0.00017694296670111	0.999963594000291	0.999797175631493	0.999999078280314	0	0	0.975													False	False	0	0	51.3484236392164							3) Uncertain significance	3) Uncertain significance	ALL+WHO	3) Uncertain significance																																0	0	0	0	0	0	0																Silent mutation	4) Not assoc w R - Interim		Now listed		Silent mutation	no			0	4							False					unresolved
Isoniazid	inhA	c.321G>A	inhA_c.321G>A	1	synonymous_variant	"(see ""Genomic_coordinates"" sheet)"					1	0	20845	27468	4.79708337330902e-05	1.21451561977598e-06	0.000267247072972983	1	0.999865711673152	1	1	0.025	1													False	False	Inf	0.0337859573643402	Inf							3) Uncertain significance	3) Uncertain significance	ALL+WHO	3) Uncertain significance																																0	0	0	0	0	0	0																Silent mutation	4) Not assoc w R - Interim		Now listed		Silent mutation	no			0	4							False					unresolved
Isoniazid	inhA	c.324C>T	inhA_c.324C>T	1	synonymous_variant	"(see ""Genomic_coordinates"" sheet)"	1				0	1	20846	27467	0	0	0.00017694296670111	0.999963594000291	0.999797175631493	0.999999078280314	0	0	0.975													False	False	0	0	51.3484236392164							3) Uncertain significance	3) Uncertain significance	ALL+WHO	3) Uncertain significance	1				0	1	13374	21312	0	0	0.000275786657608973	0.999953080279641	0.999738608085756	0.999998812096234	0	0	0.975													False	False	0	0	0	0	0	0	0	0	0	62.0916370035077													Silent mutation	4) Not assoc w R - Interim		Now listed		Silent mutation	no			0	4							False					unresolved
Isoniazid	inhA	c.333G>C	inhA_c.333G>C	1	synonymous_variant	"(see ""Genomic_coordinates"" sheet)"	1				0	1	20846	27467	0	0	0.00017694296670111	0.999963594000291	0.999797175631493	0.999999078280314	0	0	0.975													False	False	0	0	51.3484236392164							3) Uncertain significance	3) Uncertain significance	ALL+WHO	3) Uncertain significance	1				0	1	13374	21312	0	0	0.000275786657608973	0.999953080279641	0.999738608085756	0.999998812096234	0	0	0.975													False	False	0	0	0	0	0	0	0	0	0	62.0916370035077													Silent mutation	4) Not assoc w R - Interim		Now listed		Silent mutation	no			0	4							False					unresolved
Isoniazid	inhA	c.-334C>G	inhA_c.-334C>G	1	upstream_gene_variant	1673868	1	1	0	1	0	1	20846	27467	0	0	0.00017694296670111	0.999963594000291	0.999797175631493	0.999999078280314	0	0	0.975	0	0	0.975	0	0	0.975	0	0	51.3484236392164	1	2027.5	5574	False	False	0	0	51.3484236392164	0	0	0.00017694296670111	0.999963594000291	0.999797175631493	0.999999078280314	3) Uncertain significance	3) Uncertain significance	ALL+WHO	3) Uncertain significance	1	1	0	1	0	1	13374	21312	0	0	0.000275786657608973	0.999953080279641	0.999738608085756	0.999998812096234	0	0	0.975	0	0	0.975	0	0	0.975	0	0	62.0916370035077	1	1642.5	4479	False	False	0	0	0	0	0	0	0	0	0	62.0916370035077	0	0	0.000275786657608973	0.999953080279641	0.999738608085756	0.999998812096234								3) Uncertain significance		New Uncertain			no			0	3							False					unresolved
Isoniazid	inhA	c.-337C>T	inhA_c.-337C>T	1	upstream_gene_variant	1673865	1	14	0	14	38	16	20808	27452	0.00182289168185743	0.00129029962509865	0.00250121141611544	0.99941750400466	0.999054234895718	0.999667017718464	0.703703703703703	0.563909270702599	0.82021962548874	0	0	0.231635761650116	0	0	0.205907214207822	0	0	0.397765504621177	0.000520580563155562	70	5574	True	False	3.13333813917723	1.70539667389857	6.02070007723719	0	0	0.000177266074964553	0.99941750400466	0.999054234895718	0.999667017718464	3) Uncertain significance	3) Uncertain significance	ALL+WHO	3) Uncertain significance	1	6	0	6	14	8	13360	21305	0.00104680723792433	0.000572413688832994	0.00175574154681136	0.999624642237132	0.999260530264256	0.999837933676441	0.636363636363636	0.406576668825646	0.828020562353667	0	0	0.4592581264399	0	0	0.369416647552819	0	0	1.35464627999118	0.0885083029073872	191	4479	False	False	0	0	0	0	0	0	0	2.7906998502994	1.09219710430555	7.67982410236522	0	0	0.000276075615707154	0.999624642237132	0.999260530264256	0.999837933676441	2							3) Uncertain significance		No change			no			1	3							False					unresolved
Isoniazid	inhA	c.-343G>T	inhA_c.-343G>T	1	upstream_gene_variant	1673859	1	1	0	1	0	1	20846	27467	0	0	0.00017694296670111	0.999963594000291	0.999797175631493	0.999999078280314	0	0	0.975	0	0	0.975	0	0	0.975	0	0	51.3484236392164	1	2027.5	5574	False	False	0	0	51.3484236392164	0	0	0.00017694296670111	0.999963594000291	0.999797175631493	0.999999078280314	3) Uncertain significance	3) Uncertain significance	ALL+WHO	3) Uncertain significance	1	1	0	1	0	1	13374	21312	0	0	0.000275786657608973	0.999953080279641	0.999738608085756	0.999998812096234	0	0	0.975	0	0	0.975	0	0	0.975	0	0	62.0916370035077	1	1642.5	4479	False	False	0	0	0	0	0	0	0	0	0	62.0916370035077	0	0	0.000275786657608973	0.999953080279641	0.999738608085756	0.999998812096234								3) Uncertain significance		No change			no			1	3							False					unresolved
Isoniazid	inhA	c.-351A>G	inhA_c.-351A>G	1	upstream_gene_variant	1673851	0	0	0	0	2	0	20844	27468	9.59416674661805e-05	1.16191922227078e-05	0.000346530862189542	1	0.999865711673152	1	1	0.158113883008419	1											2880	5574	False	False	Inf	0.247471899512553	Inf	0	0	0.000176959943030976	1	0.999865711673152	1	3) Uncertain significance	3) Uncertain significance	ALL+WHO	3) Uncertain significance	0	0	0	0	1	0	13373	21313	7.47719455660236e-05	1.89305996861207e-06	0.000416531419540481	1	0.999826933785262	1	1	0.025	1											2353	4479	False	False	0	0	0	0	0	0	0	Inf	0.0408616897784423	Inf	0	0	0.000275807277411719	1	0.999826933785262	1								3) Uncertain significance		No change			no			1	3							False					unresolved
Isoniazid	inhA	c.351C>T	inhA_c.351C>T	1	synonymous_variant	"(see ""Genomic_coordinates"" sheet)"	1				0	2	20846	27466	0	0	0.00017694296670111	0.999927188000582	0.999737003036386	0.999991182007438	0	0	0.841886116991581													False	False	0	0	7.01598871232251							3) Uncertain significance	3) Uncertain significance	ALL+WHO	3) Uncertain significance																																0	0	0	0	0	0	0																Silent mutation	4) Not assoc w R - Interim		Now listed		Silent mutation	no			0	4							False					unresolved
Isoniazid	inhA	c.-352C>T	inhA_c.-352C>T	1	upstream_gene_variant	1673850	1	2	0	2	0	2	20846	27466	0	0	0.00017694296670111	0.999927188000582	0.999737003036386	0.999991182007438	0	0	0.841886116991581	0	0	0.841886116991581	0	0	0.841886116991581	0	0	7.01598871232251	0.509382802952132	994	5574	False	False	0	0	7.01598871232251	0	0	0.00017694296670111	0.999927188000582	0.999737003036386	0.999991182007438	3) Uncertain significance	3) Uncertain significance	ALL+WHO	3) Uncertain significance	1	2	0	2	0	2	13374	21311	0	0	0.000275786657608973	0.999906160559283	0.999661061221376	0.999988635406343	0	0	0.841886116991581	0	0	0.841886116991581	0	0	0.841886116991581	0	0	8.48535171137227	0.526178307844236	803	4479	False	False	0	0	0	0	0	0	0	0	0	8.48535171137227	0	0	0.000275786657608973	0.999906160559283	0.999661061221376	0.999988635406343								3) Uncertain significance		New Uncertain			no			0	3							False					unresolved
Isoniazid	inhA	c.354G>A	inhA_c.354G>A	1	synonymous_variant	"(see ""Genomic_coordinates"" sheet)"	1				0	1	20846	27467	0	0	0.00017694296670111	0.999963594000291	0.999797175631493	0.999999078280314	0	0	0.975													False	False	0	0	51.3484236392164							3) Uncertain significance	3) Uncertain significance	ALL+WHO	3) Uncertain significance																																0	0	0	0	0	0	0										1						Silent mutation	4) Not assoc w R - Interim		Now listed		Silent mutation	no			0	4							False					unresolved
Isoniazid	inhA	c.357C>A	inhA_c.357C>A	1	synonymous_variant	"(see ""Genomic_coordinates"" sheet)"	1				1	1	20845	27467	4.79708337330902e-05	1.21451561977598e-06	0.000267247072972983	0.999963594000291	0.999797175631493	0.999999078280314	0.5	0.012579117093425	0.987420882906574													False	False	1.31767810026385	0.0167927522337569	103.35711725526							3) Uncertain significance	3) Uncertain significance	ALL+WHO	3) Uncertain significance																																0	0	0	0	0	0	0										1						Silent mutation	4) Not assoc w R - Interim		Now listed		Silent mutation	no			0	4							False					unresolved
Isoniazid	inhA	c.-358G>T	inhA_c.-358G>T	1	upstream_gene_variant	1673844	1	2	0	2	0	2	20846	27466	0	0	0.00017694296670111	0.999927188000582	0.999737003036386	0.999991182007438	0	0	0.841886116991581	0	0	0.841886116991581	0	0	0.841886116991581	0	0	7.01598871232251	0.509382802952132	994	5574	False	False	0	0	7.01598871232251	0	0	0.00017694296670111	0.999927188000582	0.999737003036386	0.999991182007438	3) Uncertain significance	3) Uncertain significance	ALL+WHO	3) Uncertain significance																																0	0	0	0	0	0	0																	3) Uncertain significance		No change			no			1	3							False					unresolved
Isoniazid	inhA	c.-360A>G	inhA_c.-360A>G	1	upstream_gene_variant	1673842	1	0	0	0	0	1	20846	27467	0	0	0.00017694296670111	0.999963594000291	0.999797175631493	0.999999078280314	0	0	0.975				0	0	0.975					2864	5574	False	False	0	0	51.3484236392164	0	0	0.00017694296670111	0.999963594000291	0.999797175631493	0.999999078280314	3) Uncertain significance	3) Uncertain significance	ALL+WHO	3) Uncertain significance	1	0	0	0	0	1	13374	21312	0	0	0.000275786657608973	0.999953080279641	0.999738608085756	0.999998812096234	0	0	0.975				0	0	0.975					2339	4479	False	False	0	0	0	0	0	0	0	0	0	62.0916370035077	0	0	0.000275786657608973	0.999953080279641	0.999738608085756	0.999998812096234								3) Uncertain significance		New Uncertain			no			0	3							False					unresolved
Isoniazid	inhA	c.363C>T	inhA_c.363C>T	1	synonymous_variant	"(see ""Genomic_coordinates"" sheet)"	1				0	1	20846	27467	0	0	0.00017694296670111	0.999963594000291	0.999797175631493	0.999999078280314	0	0	0.975													False	False	0	0	51.3484236392164							3) Uncertain significance	3) Uncertain significance	ALL+WHO	3) Uncertain significance	1				0	1	13374	21312	0	0	0.000275786657608973	0.999953080279641	0.999738608085756	0.999998812096234	0	0	0.975													False	False	0	0	0	0	0	0	0	0	0	62.0916370035077													Silent mutation	4) Not assoc w R - Interim		Now listed		Silent mutation	no			0	4							False					unresolved
Isoniazid	inhA	c.369G>A	inhA_c.369G>A	1	synonymous_variant	"(see ""Genomic_coordinates"" sheet)"	1				0	4	20846	27464	0	0	0.00017694296670111	0.999854376001165	0.999627187086024	0.999960320981843	0	0	0.602364635616474													False	False	0	0	1.99604811372315							3) Uncertain significance	3) Uncertain significance	ALL+WHO	3) Uncertain significance	1				0	1	13374	21312	0	0	0.000275786657608973	0.999953080279641	0.999738608085756	0.999998812096234	0	0	0.975													False	False	0	0	0	0	0	0	0	0	0	62.0916370035077													Silent mutation	4) Not assoc w R - Interim		Now listed		Silent mutation	no			0	4							False					unresolved
Isoniazid	inhA	c.-375A>C	inhA_c.-375A>C	1	upstream_gene_variant	1673827	1	1	0	1	0	1	20846	27467	0	0	0.00017694296670111	0.999963594000291	0.999797175631493	0.999999078280314	0	0	0.975	0	0	0.975	0	0	0.975	0	0	51.3484236392164	1	2027.5	5574	False	False	0	0	51.3484236392164	0	0	0.00017694296670111	0.999963594000291	0.999797175631493	0.999999078280314	3) Uncertain significance	3) Uncertain significance	ALL+WHO	3) Uncertain significance																																0	0	0	0	0	0	0																	3) Uncertain significance		No change			no			1	3							False					unresolved
Isoniazid	inhA	c.384T>G	inhA_c.384T>G	1	synonymous_variant	"(see ""Genomic_coordinates"" sheet)"					3	0	20843	27468	0.00014391250119927	2.96792008899536e-05	0.000420515224128061	1	0.999865711673152	1	1	0.292401773821286	1													False	False	Inf	0.544526627735454	Inf							3) Uncertain significance	3) Uncertain significance	ALL+WHO	3) Uncertain significance					1	0	13373	21313	7.47719455660236e-05	1.89305996861207e-06	0.000416531419540481	1	0.999826933785262	1	1	0.025	1													False	False	0	0	0	0	0	0	0	Inf	0.0408616897784423	Inf													Silent mutation	4) Not assoc w R - Interim		Now listed		Silent mutation	no			0	4							False					unresolved
Isoniazid	inhA	c.-385C>T	inhA_c.-385C>T	1	upstream_gene_variant	1673817	1	3	0	3	0	3	20846	27465	0	0	0.00017694296670111	0.999890782000873	0.99968085216583	0.999977476056514	0	0	0.707598226178713	0	0	0.707598226178713	0	0	0.707598226178713	0	0	3.18865318395302	0.264074204428198	489	5574	False	False	0	0	3.18865318395302	0	0	0.00017694296670111	0.999890782000873	0.99968085216583	0.999977476056514	3) Uncertain significance	3) Uncertain significance	ALL+WHO	3) Uncertain significance	1	3	0	3	0	3	13374	21310	0	0	0.000275786657608973	0.999859240838924	0.999588697652472	0.999970971136275	0	0	0.707598226178713	0	0	0.707598226178713	0	0	0.707598226178713	0	0	3.85651838973546	0.289267461766355	341	4479	False	False	0	0	0	0	0	0	0	0	0	3.85651838973546	0	0	0.000275786657608973	0.999859240838924	0.999588697652472	0.999970971136275								3) Uncertain significance		New Uncertain			no			0	3							False					unresolved
Isoniazid	inhA	c.-386G>A	inhA_c.-386G>A	1	upstream_gene_variant	1673816	1	29	1	28	5	30	20841	27438	0.000239854168665451	7.78844354195375e-05	0.000559650096554077	0.998907820008737	0.998441209231564	0.999262993209016	0.142857142857142	0.0480607784036389	0.302571351690951	0.0344827586206896	0.000872646883579922	0.177644295488722	0.032258064516129	0.000816370071846613	0.167021116230227	0.0470192683378231	0.00115421726255467	0.284455262670615	2.00394248883356e-06	37	5574	True	False	0.219423252243174	0.0664559910248107	0.571313285464559	4.79800403032338e-05	1.21474870966795e-06	0.000267298357449221	0.998907820008737	0.998441209231564	0.999262993209016	3) Uncertain significance	3) Uncertain significance	ALL+WHO	3) Uncertain significance	1	25	1	24	5	25	13369	21288	0.000373859727830118	0.000121402023062639	0.000872246401868143	0.998827006991038	0.998268914575298	0.99924076142744	0.166666666666666	0.0564216964680715	0.347211698834143	0.04	0.00101219969931084	0.203516913922414	0.0384615384615384	0.00097328789333503	0.196369646762539	0.0663475203829755	0.0016175337257616	0.406990451727268	0.000114171928504944	38	4479	True	False	0	0	0	0	0	0	0	0.318468097838282	0.0951927654928965	0.847254697510498	7.47943156320119e-05	1.89362632857505e-06	0.000416656014965588	0.998827006991038	0.998268914575298	0.99924076142744	3							3) Uncertain significance		No change			no			1	3							False					unresolved
Isoniazid	inhA	c.-391G>T	inhA_c.-391G>T	1	upstream_gene_variant	1673811	0	0	0	0	1	0	20845	27468	4.79708337330902e-05	1.21451561977598e-06	0.000267247072972983	1	0.999865711673152	1	1	0.025	1											2887	5574	False	False	Inf	0.0337859573643402	Inf	0	0	0.000176951454458875	1	0.999865711673152	1	3) Uncertain significance	3) Uncertain significance	ALL+WHO	3) Uncertain significance	0	0	0	0	1	0	13373	21313	7.47719455660236e-05	1.89305996861207e-06	0.000416531419540481	1	0.999826933785262	1	1	0.025	1											2357	4479	False	False	0	0	0	0	0	0	0	Inf	0.0408616897784423	Inf	0	0	0.000275807277411719	1	0.999826933785262	1								3) Uncertain significance		New Uncertain			no			0	3							False					unresolved
Isoniazid	inhA	c.-395C>T	inhA_c.-395C>T	1	upstream_gene_variant	1673807	0	0	0	0	1	0	20845	27468	4.79708337330902e-05	1.21451561977598e-06	0.000267247072972983	1	0.999865711673152	1	1	0.025	1											2932	5574	False	False	Inf	0.0337859573643402	Inf	0	0	0.000176951454458875	1	0.999865711673152	1	3) Uncertain significance	3) Uncertain significance	ALL+WHO	3) Uncertain significance	0	0	0	0	1	0	13373	21313	7.47719455660236e-05	1.89305996861207e-06	0.000416531419540481	1	0.999826933785262	1	1	0.025	1											2388	4479	False	False	0	0	0	0	0	0	0	Inf	0.0408616897784423	Inf	0	0	0.000275807277411719	1	0.999826933785262	1								3) Uncertain significance		No change			no			1	3							False					unresolved
Isoniazid	inhA	c.-3C>G	inhA_c.-3C>G	1	upstream_gene_variant	1674199	1	1	0	1	0	3	20846	27465	0	0	0.00017694296670111	0.999890782000873	0.99968085216583	0.999977476056514	0	0	0.707598226178713	0	0	0.975	0	0	0.707598226178713	0	0	51.3446878573018	1	2027.5	5574	False	False	0	0	3.18865318395302	0	0	0.00017694296670111	0.999890782000873	0.99968085216583	0.999977476056514	3) Uncertain significance	3) Uncertain significance	ALL+WHO	3) Uncertain significance	1	1	0	1	0	3	13374	21310	0	0	0.000275786657608973	0.999859240838924	0.999588697652472	0.999970971136275	0	0	0.707598226178713	0	0	0.975	0	0	0.707598226178713	0	0	62.0858160113928	1	1642.5	4479	False	False	0	0	0	0	0	0	0	0	0	3.85651838973546	0	0	0.000275786657608973	0.999859240838924	0.999588697652472	0.999970971136275								3) Uncertain significance		No change			no			1	3							False					unresolved
Isoniazid	inhA	c.-40C>T	inhA_c.-40C>T	1	upstream_gene_variant	1674162	1	2	0	2	153	636	20693	26832	0.00733953756116281	0.0062259742733587	0.00859360757996474	0.976845784185233	0.974997782113564	0.978591943886018	0.193916349809885	0.16688099280778	0.223260634519746	0	0	0.841886116991581	0	0	0.00578333667692927	0	0	6.90472494755409	0.508337365907367			False	True	0.311934853550877	0.259491292159151	0.373099505416586	0	0	0.000178251131826064	0.976845784185233	0.974997782113564	0.978591943886018	5) Not assoc w R	5) Not assoc w R	WHO	5) Not assoc w R	1	1	0	1	136	604	13238	20709	0.0101689845969792	0.0085384987052836	0.0120175640337082	0.971660488903486	0.969343858211453	0.973847245657524	0.183783783783783	0.156508149515206	0.213606367709306	0	0	0.975	0	0	0.00608880395815097	0	0	60.9558344295608	1			False	True	0	1	1	0	0	1	1	0.352240039460953	0.289879614549857	0.425511309701317	0	0	0.000278619544741647	0.971660488903486	0.969343858211453	0.973847245657524	22			Not assoc w R				5) Not assoc w R		No change			yes			1	5							False					unresolved
Isoniazid	inhA	c.-415G>A	inhA_c.-415G>A	1	upstream_gene_variant	1673787	1	1	0	1	0	2	20846	27466	0	0	0.00017694296670111	0.999927188000582	0.999737003036386	0.999991182007438	0	0	0.841886116991581	0	0	0.975	0	0	0.841886116991581	0	0	51.3465557483136	1	2027.5	5574	False	False	0	0	7.01598871232251	0	0	0.00017694296670111	0.999927188000582	0.999737003036386	0.999991182007438	3) Uncertain significance	3) Uncertain significance	ALL+WHO	3) Uncertain significance	1	1	0	1	0	2	13374	21311	0	0	0.000275786657608973	0.999906160559283	0.999661061221376	0.999988635406343	0	0	0.841886116991581	0	0	0.975	0	0	0.841886116991581	0	0	62.0887265075828	1	1642.5	4479	False	False	0	0	0	0	0	0	0	0	0	8.48535171137227	0	0	0.000275786657608973	0.999906160559283	0.999661061221376	0.999988635406343								3) Uncertain significance		No change			no			1	3							False					unresolved
Isoniazid	inhA	c.-415G>T	inhA_c.-415G>T	1	upstream_gene_variant	1673787	0	0	0	0	1	0	20845	27468	4.79708337330902e-05	1.21451561977598e-06	0.000267247072972983	1	0.999865711673152	1	1	0.025	1											2913	5574	False	False	Inf	0.0337859573643402	Inf	0	0	0.000176951454458875	1	0.999865711673152	1	3) Uncertain significance	3) Uncertain significance	ALL+WHO	3) Uncertain significance	0	0	0	0	1	0	13373	21313	7.47719455660236e-05	1.89305996861207e-06	0.000416531419540481	1	0.999826933785262	1	1	0.025	1											2376	4479	False	False	0	0	0	0	0	0	0	Inf	0.0408616897784423	Inf	0	0	0.000275807277411719	1	0.999826933785262	1								3) Uncertain significance		No change			no			1	3							False					unresolved
Isoniazid	inhA	c.420C>A	inhA_c.420C>A	1	synonymous_variant	"(see ""Genomic_coordinates"" sheet)"	1				0	1	20846	27467	0	0	0.00017694296670111	0.999963594000291	0.999797175631493	0.999999078280314	0	0	0.975													False	False	0	0	51.3484236392164							3) Uncertain significance	3) Uncertain significance	ALL+WHO	3) Uncertain significance	1				0	1	13374	21312	0	0	0.000275786657608973	0.999953080279641	0.999738608085756	0.999998812096234	0	0	0.975													False	False	0	0	0	0	0	0	0	0	0	62.0916370035077													Silent mutation	4) Not assoc w R - Interim		Now listed		Silent mutation	no			0	4							False					unresolved
Isoniazid	inhA	c.420C>T	inhA_c.420C>T	1	synonymous_variant	"(see ""Genomic_coordinates"" sheet)"	1				0	2	20846	27466	0	0	0.00017694296670111	0.999927188000582	0.999737003036386	0.999991182007438	0	0	0.841886116991581													False	False	0	0	7.01598871232251							3) Uncertain significance	3) Uncertain significance	ALL+WHO	3) Uncertain significance	1				0	2	13374	21311	0	0	0.000275786657608973	0.999906160559283	0.999661061221376	0.999988635406343	0	0	0.841886116991581													False	False	0	0	0	0	0	0	0	0	0	8.48535171137227													Silent mutation	4) Not assoc w R - Interim		Now listed		Silent mutation	no			0	4							False					unresolved
Isoniazid	inhA	c.-424C>T	inhA_c.-424C>T	1	upstream_gene_variant	1673778	2	1	0	1	2	1	20844	27467	9.59416674661805e-05	1.16191922227078e-05	0.000346530862189542	0.999963594000291	0.999797175631493	0.999999078280314	0.666666666666666	0.0942993240502461	0.991596241340387	0	0	0.975	0	0	0.975	0	0	51.3533466119536	1	2027.5	5574	False	False	2.63548263289195	0.137183409715989	155.34952410964	0	0	0.000176959943030976	0.999963594000291	0.999797175631493	0.999999078280314	3) Uncertain significance	3) Uncertain significance	ALL+WHO	3) Uncertain significance	2	1	0	1	2	1	13372	21312	0.000149543891132047	1.81109721013608e-05	0.000540098445265982	0.999953080279641	0.999738608085756	0.999998812096234	0.666666666666666	0.0942993240502461	0.991596241340387	0	0	0.975	0	0	0.975	0	0	62.1009148060541	1	1642.5	4479	False	False	0	0	0	0	0	0	0	3.18755608734669	0.165916091907768	187.852707212672	0	0	0.000275827900298067	0.999953080279641	0.999738608085756	0.999998812096234	1							3) Uncertain significance		No change			no			1	3							False					unresolved
Isoniazid	inhA	c.-431C>T	inhA_c.-431C>T	1	upstream_gene_variant	1673771	1	0	0	0	0	1	20846	27467	0	0	0.00017694296670111	0.999963594000291	0.999797175631493	0.999999078280314	0	0	0.975				0	0	0.975					2872	5574	False	False	0	0	51.3484236392164	0	0	0.00017694296670111	0.999963594000291	0.999797175631493	0.999999078280314	3) Uncertain significance	3) Uncertain significance	ALL+WHO	3) Uncertain significance	1	0	0	0	0	1	13374	21312	0	0	0.000275786657608973	0.999953080279641	0.999738608085756	0.999998812096234	0	0	0.975				0	0	0.975					2345	4479	False	False	0	0	0	0	0	0	0	0	0	62.0916370035077	0	0	0.000275786657608973	0.999953080279641	0.999738608085756	0.999998812096234								3) Uncertain significance		No change			no			1	3							False					unresolved
Isoniazid	inhA	c.-436C>T	inhA_c.-436C>T	1	upstream_gene_variant	1673766	1	5	0	5	0	8	20846	27460	0	0	0.00017694296670111	0.99970875200233	0.999426206431739	0.999874251669172	0	0	0.369416647552819	0	0	0.521823750104981	0	0	0.369416647552819	0	0	1.43769496985327	0.0743287213697913	227.5	5574	False	False	0	0	0.771808536885009	0	0	0.00017694296670111	0.99970875200233	0.999426206431739	0.999874251669172	3) Uncertain significance	3) Uncertain significance	ALL+WHO	3) Uncertain significance	1	5	0	5	0	7	13374	21306	0	0	0.000275786657608973	0.99967156195749	0.999323409938814	0.999867941002665	0	0	0.409616397225003	0	0	0.521823750104981	0	0	0.409616397225003	0	0	1.73878331464646	0.163959837077221	234.5	4479	False	False	0	0	0	0	0	0	0	0	0	1.10552510564584	0	0	0.000275786657608973	0.99967156195749	0.999323409938814	0.999867941002665								3) Uncertain significance		No change			no			1	3							False					unresolved
Isoniazid	inhA	c.-438A>G	inhA_c.-438A>G	1	upstream_gene_variant	1673764	1	1	0	1	0	2	20846	27466	0	0	0.00017694296670111	0.999927188000582	0.999737003036386	0.999991182007438	0	0	0.841886116991581	0	0	0.975	0	0	0.841886116991581	0	0	51.3465557483136	1	2027.5	5574	False	False	0	0	7.01598871232251	0	0	0.00017694296670111	0.999927188000582	0.999737003036386	0.999991182007438	3) Uncertain significance	3) Uncertain significance	ALL+WHO	3) Uncertain significance	1	1	0	1	0	2	13374	21311	0	0	0.000275786657608973	0.999906160559283	0.999661061221376	0.999988635406343	0	0	0.841886116991581	0	0	0.975	0	0	0.841886116991581	0	0	62.0887265075828	1	1642.5	4479	False	False	0	0	0	0	0	0	0	0	0	8.48535171137227	0	0	0.000275786657608973	0.999906160559283	0.999661061221376	0.999988635406343								3) Uncertain significance		New Uncertain			no			0	3							False					unresolved
Isoniazid	inhA	c.-460C>T	inhA_c.-460C>T	1	upstream_gene_variant	1673742	1	1	0	1	0	2	20846	27466	0	0	0.00017694296670111	0.999927188000582	0.999737003036386	0.999991182007438	0	0	0.841886116991581	0	0	0.975	0	0	0.841886116991581	0	0	51.3465557483136	1	2027.5	5574	False	False	0	0	7.01598871232251	0	0	0.00017694296670111	0.999927188000582	0.999737003036386	0.999991182007438	3) Uncertain significance	3) Uncertain significance	ALL+WHO	3) Uncertain significance	1	1	0	1	0	2	13374	21311	0	0	0.000275786657608973	0.999906160559283	0.999661061221376	0.999988635406343	0	0	0.841886116991581	0	0	0.975	0	0	0.841886116991581	0	0	62.0887265075828	1	1642.5	4479	False	False	0	0	0	0	0	0	0	0	0	8.48535171137227	0	0	0.000275786657608973	0.999906160559283	0.999661061221376	0.999988635406343								3) Uncertain significance		No change			no			1	3							False					unresolved
Isoniazid	inhA	c.-466G>T	inhA_c.-466G>T	1	upstream_gene_variant	1673736	1	4	0	4	0	4	20846	27464	0	0	0.00017694296670111	0.999854376001165	0.999627187086024	0.999960320981843	0	0	0.602364635616474	0	0	0.602364635616474	0	0	0.602364635616474	0	0	1.99604811372315	0.139118032244638	322.5	5574	False	False	0	0	1.99604811372315	0	0	0.00017694296670111	0.999854376001165	0.999627187086024	0.999960320981843	3) Uncertain significance	3) Uncertain significance	ALL+WHO	3) Uncertain significance	1	3	0	3	0	3	13374	21310	0	0	0.000275786657608973	0.999859240838924	0.999588697652472	0.999970971136275	0	0	0.707598226178713	0	0	0.707598226178713	0	0	0.707598226178713	0	0	3.85651838973546	0.289267461766355	341	4479	False	False	0	0	0	0	0	0	0	0	0	3.85651838973546	0	0	0.000275786657608973	0.999859240838924	0.999588697652472	0.999970971136275								3) Uncertain significance		No change			no			1	3							False					unresolved
Isoniazid	inhA	c.471C>T	inhA_c.471C>T	1	synonymous_variant	"(see ""Genomic_coordinates"" sheet)"	1				0	1	20846	27467	0	0	0.00017694296670111	0.999963594000291	0.999797175631493	0.999999078280314	0	0	0.975													False	False	0	0	51.3484236392164							3) Uncertain significance	3) Uncertain significance	ALL+WHO	3) Uncertain significance	1				0	1	13374	21312	0	0	0.000275786657608973	0.999953080279641	0.999738608085756	0.999998812096234	0	0	0.975													False	False	0	0	0	0	0	0	0	0	0	62.0916370035077													Silent mutation	4) Not assoc w R - Interim		Now listed		Silent mutation	no			0	4							False					unresolved
Isoniazid	inhA	c.-472C>T	inhA_c.-472C>T	1	upstream_gene_variant	1673730	1	1	0	1	0	1	20846	27467	0	0	0.00017694296670111	0.999963594000291	0.999797175631493	0.999999078280314	0	0	0.975	0	0	0.975	0	0	0.975	0	0	51.3484236392164	1	2027.5	5574	False	False	0	0	51.3484236392164	0	0	0.00017694296670111	0.999963594000291	0.999797175631493	0.999999078280314	3) Uncertain significance	3) Uncertain significance	ALL+WHO	3) Uncertain significance																																0	0	0	0	0	0	0																	3) Uncertain significance		No change			no			1	3							False					unresolved
Isoniazid	inhA	c.474C>T	inhA_c.474C>T	1	synonymous_variant	"(see ""Genomic_coordinates"" sheet)"	1				0	1	20846	27467	0	0	0.00017694296670111	0.999963594000291	0.999797175631493	0.999999078280314	0	0	0.975													False	False	0	0	51.3484236392164							3) Uncertain significance	3) Uncertain significance	ALL+WHO	3) Uncertain significance	1				0	1	13374	21312	0	0	0.000275786657608973	0.999953080279641	0.999738608085756	0.999998812096234	0	0	0.975													False	False	0	0	0	0	0	0	0	0	0	62.0916370035077													Silent mutation	4) Not assoc w R - Interim		Now listed		Silent mutation	no			0	4							False					unresolved
Isoniazid	inhA	c.-475C>T	inhA_c.-475C>T	1	upstream_gene_variant	1673727	1	1	0	1	0	1	20846	27467	0	0	0.00017694296670111	0.999963594000291	0.999797175631493	0.999999078280314	0	0	0.975	0	0	0.975	0	0	0.975	0	0	51.3484236392164	1	2027.5	5574	False	False	0	0	51.3484236392164	0	0	0.00017694296670111	0.999963594000291	0.999797175631493	0.999999078280314	3) Uncertain significance	3) Uncertain significance	ALL+WHO	3) Uncertain significance	1	1	0	1	0	1	13374	21312	0	0	0.000275786657608973	0.999953080279641	0.999738608085756	0.999998812096234	0	0	0.975	0	0	0.975	0	0	0.975	0	0	62.0916370035077	1	1642.5	4479	False	False	0	0	0	0	0	0	0	0	0	62.0916370035077	0	0	0.000275786657608973	0.999953080279641	0.999738608085756	0.999998812096234								3) Uncertain significance		New Uncertain			no			0	3							False					unresolved
Isoniazid	inhA	c.477C>T	inhA_c.477C>T	1	synonymous_variant	"(see ""Genomic_coordinates"" sheet)"	1				2	7	20844	27461	9.59416674661805e-05	1.16191922227078e-05	0.000346530862189542	0.999745158002038	0.999474999027776	0.999897534357495	0.222222222222222	0.0281449734778982	0.600093573716312													False	False	0.376415275379005	0.0381509889597215	1.97729867984898							3) Uncertain significance	3) Uncertain significance	ALL+WHO	3) Uncertain significance	1				1	4	13373	21309	7.47719455660236e-05	1.89305996861207e-06	0.000416531419540481	0.999812321118566	0.999519537882235	0.999948861529775	0.2	0.00505076337946806	0.716417936118089													False	False	0	0	0	0	0	0	0	0.398358633066626	0.00809276091420046	4.02622197901862													Silent mutation	4) Not assoc w R - Interim		Now listed		Silent mutation	no			0	4							False					unresolved
Isoniazid	inhA	c.-478A>C	inhA_c.-478A>C	1	upstream_gene_variant	1673724	1	1	0	1	0	1	20846	27467	0	0	0.00017694296670111	0.999963594000291	0.999797175631493	0.999999078280314	0	0	0.975	0	0	0.975	0	0	0.975	0	0	51.3484236392164	1	2027.5	5574	False	False	0	0	51.3484236392164	0	0	0.00017694296670111	0.999963594000291	0.999797175631493	0.999999078280314	3) Uncertain significance	3) Uncertain significance	ALL+WHO	3) Uncertain significance																																0	0	0	0	0	0	0																	3) Uncertain significance		No change			no			1	3							False					unresolved
Isoniazid	inhA	c.486G>A	inhA_c.486G>A	1	synonymous_variant	"(see ""Genomic_coordinates"" sheet)"	1				0	4	20846	27464	0	0	0.00017694296670111	0.999854376001165	0.999627187086024	0.999960320981843	0	0	0.602364635616474													False	False	0	0	1.99604811372315							3) Uncertain significance	3) Uncertain significance	ALL+WHO	3) Uncertain significance	1				0	3	13374	21310	0	0	0.000275786657608973	0.999859240838924	0.999588697652472	0.999970971136275	0	0	0.707598226178713													False	False	0	0	0	0	0	0	0	0	0	3.85651838973546													Silent mutation	4) Not assoc w R - Interim		Now listed		Silent mutation	no			0	4							False					unresolved
Isoniazid	inhA	c.-486G>A	inhA_c.-486G>A	1	upstream_gene_variant	1673716	1	0	0	0	0	1	20846	27467	0	0	0.00017694296670111	0.999963594000291	0.999797175631493	0.999999078280314	0	0	0.975				0	0	0.975					2928	5574	False	False	0	0	51.3484236392164	0	0	0.00017694296670111	0.999963594000291	0.999797175631493	0.999999078280314	3) Uncertain significance	3) Uncertain significance	ALL+WHO	3) Uncertain significance	1	0	0	0	0	1	13374	21312	0	0	0.000275786657608973	0.999953080279641	0.999738608085756	0.999998812096234	0	0	0.975				0	0	0.975					2386	4479	False	False	0	0	0	0	0	0	0	0	0	62.0916370035077	0	0	0.000275786657608973	0.999953080279641	0.999738608085756	0.999998812096234								3) Uncertain significance		No change			no			1	3							False					unresolved
Isoniazid	inhA	c.-486G>T	inhA_c.-486G>T	1	upstream_gene_variant	1673716	0	0	0	0	1	0	20845	27468	4.79708337330902e-05	1.21451561977598e-06	0.000267247072972983	1	0.999865711673152	1	1	0.025	1											2885	5574	False	False	Inf	0.0337859573643402	Inf	0	0	0.000176951454458875	1	0.999865711673152	1	3) Uncertain significance	3) Uncertain significance	ALL+WHO	3) Uncertain significance																																0	0	0	0	0	0	0																	3) Uncertain significance		New Uncertain			no			0	3							False					unresolved
Isoniazid	inhA	c.-487C>G	inhA_c.-487C>G	1	upstream_gene_variant	1673715	1	11	0	11	2	11	20844	27457	9.59416674661805e-05	1.16191922227078e-05	0.000346530862189542	0.999599534003203	0.9992835689522	0.999800072407065	0.153846153846153	0.0192066719825284	0.454471055676557	0	0	0.284914152918154	0	0	0.284914152918154	0	0	0.524919694855171	0.00349760191700632	102.5	5574	False	False	0.239502102196402	0.02578903914769	1.09755702800922	0	0	0.000176959943030976	0.999599534003203	0.9992835689522	0.999800072407065	3) Uncertain significance	3) Uncertain significance	ALL+WHO	3) Uncertain significance	1	11	0	11	1	11	13373	21302	7.47719455660236e-05	1.89305996861207e-06	0.000416531419540481	0.999483883076056	0.999076712346733	0.999742329032819	0.0833333333333333	0.00210759323186022	0.384796165150944	0	0	0.284914152918154	0	0	0.284914152918154	0	0	0.634818992426303	0.0091309212802995	88	4479	False	False	0	0	0	0	0	0	0	0.144810099046246	0.00336819644582784	0.996572767671761	0	0	0.000275807277411719	0.999483883076056	0.999076712346733	0.999742329032819								3) Uncertain significance		No change			no			1	3							False					unresolved
Isoniazid	inhA	c.489C>A	inhA_c.489C>A	1	synonymous_variant	"(see ""Genomic_coordinates"" sheet)"	1				0	1	20846	27467	0	0	0.00017694296670111	0.999963594000291	0.999797175631493	0.999999078280314	0	0	0.975													False	False	0	0	51.3484236392164							3) Uncertain significance	3) Uncertain significance	ALL+WHO	3) Uncertain significance	1				0	1	13374	21312	0	0	0.000275786657608973	0.999953080279641	0.999738608085756	0.999998812096234	0	0	0.975													False	False	0	0	0	0	0	0	0	0	0	62.0916370035077													Silent mutation	4) Not assoc w R - Interim		Now listed		Silent mutation	no			0	4							False					unresolved
Isoniazid	inhA	c.489C>T	inhA_c.489C>T	1	synonymous_variant	"(see ""Genomic_coordinates"" sheet)"	1				1	2	20845	27466	4.79708337330902e-05	1.21451561977598e-06	0.000267247072972983	0.999927188000582	0.999737003036386	0.999991182007438	0.333333333333333	0.00840375865961264	0.905700675949754													False	False	0.658815063564403	0.011171855707321	12.6567401482543							3) Uncertain significance	3) Uncertain significance	ALL+WHO	3) Uncertain significance	1				1	2	13373	21311	7.47719455660236e-05	1.89305996861207e-06	0.000416531419540481	0.999906160559283	0.999661061221376	0.999988635406343	0.333333333333333	0.00840375865961264	0.905700675949754													False	False	0	0	0	0	0	0	0	0.796792043670081	0.0135099696349484	15.307558728263													Silent mutation	4) Not assoc w R - Interim		Now listed		Silent mutation	no			0	4							False					unresolved
Isoniazid	inhA	c.-489T>G	inhA_c.-489T>G	1	upstream_gene_variant	1673713	1	1	0	1	0	1	20846	27467	0	0	0.00017694296670111	0.999963594000291	0.999797175631493	0.999999078280314	0	0	0.975	0	0	0.975	0	0	0.975	0	0	51.3484236392164	1	2027.5	5574	False	False	0	0	51.3484236392164	0	0	0.00017694296670111	0.999963594000291	0.999797175631493	0.999999078280314	3) Uncertain significance	3) Uncertain significance	ALL+WHO	3) Uncertain significance	1	1	0	1	0	1	13374	21312	0	0	0.000275786657608973	0.999953080279641	0.999738608085756	0.999998812096234	0	0	0.975	0	0	0.975	0	0	0.975	0	0	62.0916370035077	1	1642.5	4479	False	False	0	0	0	0	0	0	0	0	0	62.0916370035077	0	0	0.000275786657608973	0.999953080279641	0.999738608085756	0.999998812096234								3) Uncertain significance		New Uncertain			no			0	3							False					unresolved
Isoniazid	inhA	c.-490A>C	inhA_c.-490A>C	1	upstream_gene_variant	1673712	1	1	0	1	0	1	20846	27467	0	0	0.00017694296670111	0.999963594000291	0.999797175631493	0.999999078280314	0	0	0.975	0	0	0.975	0	0	0.975	0	0	51.3484236392164	1	2027.5	5574	False	False	0	0	51.3484236392164	0	0	0.00017694296670111	0.999963594000291	0.999797175631493	0.999999078280314	3) Uncertain significance	3) Uncertain significance	ALL+WHO	3) Uncertain significance	1	1	0	1	0	1	13374	21312	0	0	0.000275786657608973	0.999953080279641	0.999738608085756	0.999998812096234	0	0	0.975	0	0	0.975	0	0	0.975	0	0	62.0916370035077	1	1642.5	4479	False	False	0	0	0	0	0	0	0	0	0	62.0916370035077	0	0	0.000275786657608973	0.999953080279641	0.999738608085756	0.999998812096234								3) Uncertain significance		New Uncertain			no			0	3							False					unresolved
Isoniazid	inhA	c.-49G>A	inhA_c.-49G>A	1	upstream_gene_variant	1674153	1	1	0	1	0	1	20846	27467	0	0	0.00017694296670111	0.999963594000291	0.999797175631493	0.999999078280314	0	0	0.975	0	0	0.975	0	0	0.975	0	0	51.3484236392164	1	2027.5	5574	False	False	0	0	51.3484236392164	0	0	0.00017694296670111	0.999963594000291	0.999797175631493	0.999999078280314	3) Uncertain significance	3) Uncertain significance	ALL+WHO	3) Uncertain significance	1	1	0	1	0	1	13374	21312	0	0	0.000275786657608973	0.999953080279641	0.999738608085756	0.999998812096234	0	0	0.975	0	0	0.975	0	0	0.975	0	0	62.0916370035077	1	1642.5	4479	False	False	0	0	0	0	0	0	0	0	0	62.0916370035077	0	0	0.000275786657608973	0.999953080279641	0.999738608085756	0.999998812096234								3) Uncertain significance		New Uncertain			no			0	3							False					unresolved
Isoniazid	inhA	c.-510C>G	inhA_c.-510C>G	1	upstream_gene_variant	1673692	0	0	0	0	5	0	20841	27468	0.000239854168665451	7.78844354195375e-05	0.000559650096554077	1	0.999865711673152	1	1	0.478176249895018	1											2907	5574	False	False	Inf	1.20760984683633	Inf	0	0	0.000176985413634466	1	0.999865711673152	1	3) Uncertain significance	3) Uncertain significance	ALL+WHO	3) Uncertain significance	0	0	0	0	2	0	13372	21313	0.000149543891132047	1.81109721013608e-05	0.000540098445265982	1	0.999826933785262	1	1	0.158113883008419	1											2371	4479	False	False	0	0	0	0	0	0	0	Inf	0.299307766452077	Inf	0	0	0.000275827900298067	1	0.999826933785262	1								3) Uncertain significance		No change			no			1	3							False					unresolved
Isoniazid	inhA	c.-511G>A	inhA_c.-511G>A	1	upstream_gene_variant	1673691	1	1	0	1	0	1	20846	27467	0	0	0.00017694296670111	0.999963594000291	0.999797175631493	0.999999078280314	0	0	0.975	0	0	0.975	0	0	0.975	0	0	51.3484236392164	1	2027.5	5574	False	False	0	0	51.3484236392164	0	0	0.00017694296670111	0.999963594000291	0.999797175631493	0.999999078280314	3) Uncertain significance	3) Uncertain significance	ALL+WHO	3) Uncertain significance	1	1	0	1	0	1	13374	21312	0	0	0.000275786657608973	0.999953080279641	0.999738608085756	0.999998812096234	0	0	0.975	0	0	0.975	0	0	0.975	0	0	62.0916370035077	1	1642.5	4479	False	False	0	0	0	0	0	0	0	0	0	62.0916370035077	0	0	0.000275786657608973	0.999953080279641	0.999738608085756	0.999998812096234								3) Uncertain significance		No change			no			1	3							False					unresolved
Isoniazid	inhA	c.-517C>G	inhA_c.-517C>G	1	upstream_gene_variant	1673685	1	1	0	1	0	1	20846	27467	0	0	0.00017694296670111	0.999963594000291	0.999797175631493	0.999999078280314	0	0	0.975	0	0	0.975	0	0	0.975	0	0	51.3484236392164	1	2027.5	5574	False	False	0	0	51.3484236392164	0	0	0.00017694296670111	0.999963594000291	0.999797175631493	0.999999078280314	3) Uncertain significance	3) Uncertain significance	ALL+WHO	3) Uncertain significance	1	1	0	1	0	1	13374	21312	0	0	0.000275786657608973	0.999953080279641	0.999738608085756	0.999998812096234	0	0	0.975	0	0	0.975	0	0	0.975	0	0	62.0916370035077	1	1642.5	4479	False	False	0	0	0	0	0	0	0	0	0	62.0916370035077	0	0	0.000275786657608973	0.999953080279641	0.999738608085756	0.999998812096234								3) Uncertain significance		No change			no			1	3							False					unresolved
Isoniazid	inhA	c.51C>G	inhA_c.51C>G	1	synonymous_variant	"(see ""Genomic_coordinates"" sheet)"	1				0	1	20846	27467	0	0	0.00017694296670111	0.999963594000291	0.999797175631493	0.999999078280314	0	0	0.975													False	False	0	0	51.3484236392164							3) Uncertain significance	3) Uncertain significance	ALL+WHO	3) Uncertain significance	1				0	1	13374	21312	0	0	0.000275786657608973	0.999953080279641	0.999738608085756	0.999998812096234	0	0	0.975													False	False	0	0	0	0	0	0	0	0	0	62.0916370035077													Silent mutation	4) Not assoc w R - Interim		Now listed		Silent mutation	no			0	4							False					unresolved
Isoniazid	inhA	c.-520G>C	inhA_c.-520G>C	1	upstream_gene_variant	1673682	1	1	0	1	0	1	20846	27467	0	0	0.00017694296670111	0.999963594000291	0.999797175631493	0.999999078280314	0	0	0.975	0	0	0.975	0	0	0.975	0	0	51.3484236392164	1	2027.5	5574	False	False	0	0	51.3484236392164	0	0	0.00017694296670111	0.999963594000291	0.999797175631493	0.999999078280314	3) Uncertain significance	3) Uncertain significance	ALL+WHO	3) Uncertain significance																																0	0	0	0	0	0	0																	3) Uncertain significance		No change			no			1	3							False					unresolved
Isoniazid	inhA	c.-520G>T	inhA_c.-520G>T	1	upstream_gene_variant	1673682	1	1	0	1	0	1	20846	27467	0	0	0.00017694296670111	0.999963594000291	0.999797175631493	0.999999078280314	0	0	0.975	0	0	0.975	0	0	0.975	0	0	51.3484236392164	1	2027.5	5574	False	False	0	0	51.3484236392164	0	0	0.00017694296670111	0.999963594000291	0.999797175631493	0.999999078280314	3) Uncertain significance	3) Uncertain significance	ALL+WHO	3) Uncertain significance	1	1	0	1	0	1	13374	21312	0	0	0.000275786657608973	0.999953080279641	0.999738608085756	0.999998812096234	0	0	0.975	0	0	0.975	0	0	0.975	0	0	62.0916370035077	1	1642.5	4479	False	False	0	0	0	0	0	0	0	0	0	62.0916370035077	0	0	0.000275786657608973	0.999953080279641	0.999738608085756	0.999998812096234								3) Uncertain significance		No change			no			1	3							False					unresolved
Isoniazid	inhA	c.-522C>G	inhA_c.-522C>G	1	upstream_gene_variant	1673680	0	0	0	0	0	55	20846	27413	0	0	0.00017694296670111	0.997997670016018	0.997394479593214	0.99849122574834	0	0	0.0648707608254246				0	0	0.0648707608254246							False	True	0	0	0.0912386929334179	0	0	0.00017694296670111	0.997997670016018	0.997394479593214	0.99849122574834	5) Not assoc w R	5) Not assoc w R	WHO	5) Not assoc w R	0	0	0	0	0	45	13374	21268	0	0	0.000275786657608973	0.997888612583869	0.997175806123482	0.998459535429248	0	0	0.078705100406843				0	0	0.078705100406843							False	True	1	1	1	0	0	1	0	0	0	0.135875272375293	0	0	0.000275786657608973	0.997888612583869	0.997175806123482	0.998459535429248	7			Not assoc w R				5) Not assoc w R		No change			yes			1	5							False					unresolved
Isoniazid	inhA	c.522C>T	inhA_c.522C>T	1	synonymous_variant	"(see ""Genomic_coordinates"" sheet)"					1	0	20845	27468	4.79708337330902e-05	1.21451561977598e-06	0.000267247072972983	1	0.999865711673152	1	1	0.025	1													False	False	Inf	0.0337859573643402	Inf							3) Uncertain significance	3) Uncertain significance	ALL+WHO	3) Uncertain significance																																0	0	0	0	0	0	0																Silent mutation	4) Not assoc w R - Interim		Now listed		Silent mutation	no			0	4							False					unresolved
Isoniazid	inhA	c.-523T>C	inhA_c.-523T>C	1	upstream_gene_variant	1673679	1	1	0	1	0	1	20846	27467	0	0	0.00017694296670111	0.999963594000291	0.999797175631493	0.999999078280314	0	0	0.975	0	0	0.975	0	0	0.975	0	0	51.3484236392164	1	2027.5	5574	False	False	0	0	51.3484236392164	0	0	0.00017694296670111	0.999963594000291	0.999797175631493	0.999999078280314	3) Uncertain significance	3) Uncertain significance	ALL+WHO	3) Uncertain significance																																0	0	0	0	0	0	0																	3) Uncertain significance		No change			no			1	3							False					unresolved
Isoniazid	inhA	c.-529C>A	inhA_c.-529C>A	1	upstream_gene_variant	1673673	1	2	0	2	0	2	20846	27466	0	0	0.00017694296670111	0.999927188000582	0.999737003036386	0.999991182007438	0	0	0.841886116991581	0	0	0.841886116991581	0	0	0.841886116991581	0	0	7.01598871232251	0.509382802952132	994	5574	False	False	0	0	7.01598871232251	0	0	0.00017694296670111	0.999927188000582	0.999737003036386	0.999991182007438	3) Uncertain significance	3) Uncertain significance	ALL+WHO	3) Uncertain significance																																0	0	0	0	0	0	0																	3) Uncertain significance		No change			no			1	3							False					unresolved
Isoniazid	inhA	c.537C>A	inhA_c.537C>A	1	synonymous_variant	"(see ""Genomic_coordinates"" sheet)"	1				0	1	20846	27467	0	0	0.00017694296670111	0.999963594000291	0.999797175631493	0.999999078280314	0	0	0.975													False	False	0	0	51.3484236392164							3) Uncertain significance	3) Uncertain significance	ALL+WHO	3) Uncertain significance																																0	0	0	0	0	0	0																Silent mutation	4) Not assoc w R - Interim		Now listed		Silent mutation	no			0	4							False					unresolved
Isoniazid	inhA	c.537C>T	inhA_c.537C>T	1	synonymous_variant	"(see ""Genomic_coordinates"" sheet)"	1				0	3	20846	27465	0	0	0.00017694296670111	0.999890782000873	0.99968085216583	0.999977476056514	0	0	0.707598226178713													False	False	0	0	3.18865318395302							3) Uncertain significance	3) Uncertain significance	ALL+WHO	3) Uncertain significance	1				0	3	13374	21310	0	0	0.000275786657608973	0.999859240838924	0.999588697652472	0.999970971136275	0	0	0.707598226178713													False	False	0	0	0	0	0	0	0	0	0	3.85651838973546													Silent mutation	4) Not assoc w R - Interim		Now listed		Silent mutation	no			0	4							False					unresolved
Isoniazid	inhA	c.540C>T	inhA_c.540C>T	1	synonymous_variant	"(see ""Genomic_coordinates"" sheet)"	1				0	1	20846	27467	0	0	0.00017694296670111	0.999963594000291	0.999797175631493	0.999999078280314	0	0	0.975													False	False	0	0	51.3484236392164							3) Uncertain significance	3) Uncertain significance	ALL+WHO	3) Uncertain significance	1				0	1	13374	21312	0	0	0.000275786657608973	0.999953080279641	0.999738608085756	0.999998812096234	0	0	0.975													False	False	0	0	0	0	0	0	0	0	0	62.0916370035077													Silent mutation	4) Not assoc w R - Interim		Now listed		Silent mutation	no			0	4							False					unresolved
Isoniazid	inhA	c.-541G>A	inhA_c.-541G>A	1	upstream_gene_variant	1673661	1	1	0	1	0	1	20846	27467	0	0	0.00017694296670111	0.999963594000291	0.999797175631493	0.999999078280314	0	0	0.975	0	0	0.975	0	0	0.975	0	0	51.3484236392164	1	2027.5	5574	False	False	0	0	51.3484236392164	0	0	0.00017694296670111	0.999963594000291	0.999797175631493	0.999999078280314	3) Uncertain significance	3) Uncertain significance	ALL+WHO	3) Uncertain significance																																0	0	0	0	0	0	0																	3) Uncertain significance		No change			no			1	3							False					unresolved
Isoniazid	inhA	c.-541G>C	inhA_c.-541G>C	1	upstream_gene_variant	1673661	1	1	0	1	1	2	20845	27466	4.79708337330902e-05	1.21451561977598e-06	0.000267247072972983	0.999927188000582	0.999737003036386	0.999991182007438	0.333333333333333	0.00840375865961264	0.905700675949754	0	0	0.975	0	0	0.841886116991581	0	0	51.349017027227	1	2027.5	5574	False	False	0.658815063564403	0.011171855707321	12.6567401482543	0	0	0.000176951454458875	0.999927188000582	0.999737003036386	0.999991182007438	3) Uncertain significance	3) Uncertain significance	ALL+WHO	3) Uncertain significance	2	1	0	1	1	1	13373	21312	7.47719455660236e-05	1.89305996861207e-06	0.000416531419540481	0.999953080279641	0.999738608085756	0.999998812096234	0.5	0.012579117093425	0.987420882906574	0	0	0.975	0	0	0.975	0	0	62.0962755582318	1	1642.5	4479	False	False	0	0	0	0	0	0	0	1.59365886487699	0.0203005577541163	124.983813232444	0	0	0.000275807277411719	0.999953080279641	0.999738608085756	0.999998812096234	1							3) Uncertain significance		No change			no			1	3							False					unresolved
Isoniazid	inhA	c.-542C>T	inhA_c.-542C>T	1	upstream_gene_variant	1673660	1	1	0	1	1	1	20845	27467	4.79708337330902e-05	1.21451561977598e-06	0.000267247072972983	0.999963594000291	0.999797175631493	0.999999078280314	0.5	0.012579117093425	0.987420882906574	0	0	0.975	0	0	0.975	0	0	51.3508850075945	1	2027.5	5574	False	False	1.31767810026385	0.0167927522337569	103.35711725526	0	0	0.000176951454458875	0.999963594000291	0.999797175631493	0.999999078280314	3) Uncertain significance	3) Uncertain significance	ALL+WHO	3) Uncertain significance	1	1	0	1	1	1	13373	21312	7.47719455660236e-05	1.89305996861207e-06	0.000416531419540481	0.999953080279641	0.999738608085756	0.999998812096234	0.5	0.012579117093425	0.987420882906574	0	0	0.975	0	0	0.975	0	0	62.0962755582318	1	1642.5	4479	False	False	0	0	0	0	0	0	0	1.59365886487699	0.0203005577541163	124.983813232444	0	0	0.000275807277411719	0.999953080279641	0.999738608085756	0.999998812096234								3) Uncertain significance		No change			no			1	3							False					unresolved
Isoniazid	inhA	c.-545C>T	inhA_c.-545C>T	1	upstream_gene_variant	1673657	1	0	0	0	0	1	20846	27467	0	0	0.00017694296670111	0.999963594000291	0.999797175631493	0.999999078280314	0	0	0.975				0	0	0.975					2873	5574	False	False	0	0	51.3484236392164	0	0	0.00017694296670111	0.999963594000291	0.999797175631493	0.999999078280314	3) Uncertain significance	3) Uncertain significance	ALL+WHO	3) Uncertain significance	1	0	0	0	0	1	13374	21312	0	0	0.000275786657608973	0.999953080279641	0.999738608085756	0.999998812096234	0	0	0.975				0	0	0.975					2346	4479	False	False	0	0	0	0	0	0	0	0	0	62.0916370035077	0	0	0.000275786657608973	0.999953080279641	0.999738608085756	0.999998812096234								3) Uncertain significance		New Uncertain			no			0	3							False					unresolved
Isoniazid	inhA	c.-547C>T	inhA_c.-547C>T	1	upstream_gene_variant	1673655	1	0	0	0	0	2	20846	27466	0	0	0.00017694296670111	0.999927188000582	0.999737003036386	0.999991182007438	0	0	0.841886116991581				0	0	0.841886116991581					2855	5574	False	False	0	0	7.01598871232251	0	0	0.00017694296670111	0.999927188000582	0.999737003036386	0.999991182007438	3) Uncertain significance	3) Uncertain significance	ALL+WHO	3) Uncertain significance	1	0	0	0	0	1	13374	21312	0	0	0.000275786657608973	0.999953080279641	0.999738608085756	0.999998812096234	0	0	0.975				0	0	0.975					2330	4479	False	False	0	0	0	0	0	0	0	0	0	62.0916370035077	0	0	0.000275786657608973	0.999953080279641	0.999738608085756	0.999998812096234								3) Uncertain significance		No change			no			1	3							False					unresolved
Isoniazid	inhA	c.549T>A	inhA_c.549T>A	1	synonymous_variant	"(see ""Genomic_coordinates"" sheet)"	1				0	1	20846	27467	0	0	0.00017694296670111	0.999963594000291	0.999797175631493	0.999999078280314	0	0	0.975													False	False	0	0	51.3484236392164							3) Uncertain significance	3) Uncertain significance	ALL+WHO	3) Uncertain significance																																0	0	0	0	0	0	0																Silent mutation	4) Not assoc w R - Interim		Now listed		Silent mutation	no			0	4							False					unresolved
Isoniazid	inhA	c.-552G>A	inhA_c.-552G>A	1	upstream_gene_variant	1673650	1	1	0	1	1	1	20845	27467	4.79708337330902e-05	1.21451561977598e-06	0.000267247072972983	0.999963594000291	0.999797175631493	0.999999078280314	0.5	0.012579117093425	0.987420882906574	0	0	0.975	0	0	0.975	0	0	51.3508850075945	1	2027.5	5574	False	False	1.31767810026385	0.0167927522337569	103.35711725526	0	0	0.000176951454458875	0.999963594000291	0.999797175631493	0.999999078280314	3) Uncertain significance	3) Uncertain significance	ALL+WHO	3) Uncertain significance	1	1	0	1	1	1	13373	21312	7.47719455660236e-05	1.89305996861207e-06	0.000416531419540481	0.999953080279641	0.999738608085756	0.999998812096234	0.5	0.012579117093425	0.987420882906574	0	0	0.975	0	0	0.975	0	0	62.0962755582318	1	1642.5	4479	False	False	0	0	0	0	0	0	0	1.59365886487699	0.0203005577541163	124.983813232444	0	0	0.000275807277411719	0.999953080279641	0.999738608085756	0.999998812096234								3) Uncertain significance		No change			no			1	3							False					unresolved
Isoniazid	inhA	c.555T>C	inhA_c.555T>C	1	synonymous_variant	"(see ""Genomic_coordinates"" sheet)"	1				1	0	20845	27468	4.79708337330902e-05	1.21451561977598e-06	0.000267247072972983	1	0.999865711673152	1	1	0.025	1													False	False	Inf	0.0337859573643402	Inf							3) Uncertain significance	3) Uncertain significance	ALL+WHO	3) Uncertain significance																																0	0	0	0	0	0	0																Silent mutation	4) Not assoc w R - Interim		Now listed		Silent mutation	no			0	4							False					unresolved
Isoniazid	inhA	c.567T>G	inhA_c.567T>G	1	synonymous_variant	"(see ""Genomic_coordinates"" sheet)"	1				0	1	20846	27467	0	0	0.00017694296670111	0.999963594000291	0.999797175631493	0.999999078280314	0	0	0.975													False	False	0	0	51.3484236392164							3) Uncertain significance	3) Uncertain significance	ALL+WHO	3) Uncertain significance	1				0	1	13374	21312	0	0	0.000275786657608973	0.999953080279641	0.999738608085756	0.999998812096234	0	0	0.975													False	False	0	0	0	0	0	0	0	0	0	62.0916370035077													Silent mutation	4) Not assoc w R - Interim		Now listed		Silent mutation	no			0	4							False					unresolved
Isoniazid	inhA	c.-574C>T	inhA_c.-574C>T	1	upstream_gene_variant	1673628	0	0	0	0	1	0	20845	27468	4.79708337330902e-05	1.21451561977598e-06	0.000267247072972983	1	0.999865711673152	1	1	0.025	1											2856	5574	False	False	Inf	0.0337859573643402	Inf	0	0	0.000176951454458875	1	0.999865711673152	1	3) Uncertain significance	3) Uncertain significance	ALL+WHO	3) Uncertain significance	0	0	0	0	1	0	13373	21313	7.47719455660236e-05	1.89305996861207e-06	0.000416531419540481	1	0.999826933785262	1	1	0.025	1											2331	4479	False	False	0	0	0	0	0	0	0	Inf	0.0408616897784423	Inf	0	0	0.000275807277411719	1	0.999826933785262	1								3) Uncertain significance		New Uncertain			no			0	3							False					unresolved
Isoniazid	inhA	c.-580C>G	inhA_c.-580C>G	1	upstream_gene_variant	1673622	1	1	0	1	0	1	20846	27467	0	0	0.00017694296670111	0.999963594000291	0.999797175631493	0.999999078280314	0	0	0.975	0	0	0.975	0	0	0.975	0	0	51.3484236392164	1	2027.5	5574	False	False	0	0	51.3484236392164	0	0	0.00017694296670111	0.999963594000291	0.999797175631493	0.999999078280314	3) Uncertain significance	3) Uncertain significance	ALL+WHO	3) Uncertain significance																																0	0	0	0	0	0	0																	3) Uncertain significance		No change			no			1	3							False					unresolved
Isoniazid	inhA	c.582C>T	inhA_c.582C>T	1	synonymous_variant	"(see ""Genomic_coordinates"" sheet)"	1				0	1	20846	27467	0	0	0.00017694296670111	0.999963594000291	0.999797175631493	0.999999078280314	0	0	0.975													False	False	0	0	51.3484236392164							3) Uncertain significance	3) Uncertain significance	ALL+WHO	3) Uncertain significance	1				0	1	13374	21312	0	0	0.000275786657608973	0.999953080279641	0.999738608085756	0.999998812096234	0	0	0.975													False	False	0	0	0	0	0	0	0	0	0	62.0916370035077													Silent mutation	4) Not assoc w R - Interim		Now listed		Silent mutation	no			0	4							False					unresolved
Isoniazid	inhA	c.-589C>T	inhA_c.-589C>T	1	upstream_gene_variant	1673613	1	1	0	1	0	1	20846	27467	0	0	0.00017694296670111	0.999963594000291	0.999797175631493	0.999999078280314	0	0	0.975	0	0	0.975	0	0	0.975	0	0	51.3484236392164	1	2027.5	5574	False	False	0	0	51.3484236392164	0	0	0.00017694296670111	0.999963594000291	0.999797175631493	0.999999078280314	3) Uncertain significance	3) Uncertain significance	ALL+WHO	3) Uncertain significance	1	1	0	1	0	1	13374	21312	0	0	0.000275786657608973	0.999953080279641	0.999738608085756	0.999998812096234	0	0	0.975	0	0	0.975	0	0	0.975	0	0	62.0916370035077	1	1642.5	4479	False	False	0	0	0	0	0	0	0	0	0	62.0916370035077	0	0	0.000275786657608973	0.999953080279641	0.999738608085756	0.999998812096234								3) Uncertain significance		No change			no			1	3							False					unresolved
Isoniazid	inhA	c.591G>A	inhA_c.591G>A	1	synonymous_variant	"(see ""Genomic_coordinates"" sheet)"	1				0	1	20846	27467	0	0	0.00017694296670111	0.999963594000291	0.999797175631493	0.999999078280314	0	0	0.975													False	False	0	0	51.3484236392164							3) Uncertain significance	3) Uncertain significance	ALL+WHO	3) Uncertain significance	1				0	1	13374	21312	0	0	0.000275786657608973	0.999953080279641	0.999738608085756	0.999998812096234	0	0	0.975													False	False	0	0	0	0	0	0	0	0	0	62.0916370035077													Silent mutation	4) Not assoc w R - Interim		Now listed		Silent mutation	no			0	4							False					unresolved
Isoniazid	inhA	c.-594G>A	inhA_c.-594G>A	1	upstream_gene_variant	1673608	1	1	0	1	0	1	20846	27467	0	0	0.00017694296670111	0.999963594000291	0.999797175631493	0.999999078280314	0	0	0.975	0	0	0.975	0	0	0.975	0	0	51.3484236392164	1	2027.5	5574	False	False	0	0	51.3484236392164	0	0	0.00017694296670111	0.999963594000291	0.999797175631493	0.999999078280314	3) Uncertain significance	3) Uncertain significance	ALL+WHO	3) Uncertain significance	1	1	0	1	0	1	13374	21312	0	0	0.000275786657608973	0.999953080279641	0.999738608085756	0.999998812096234	0	0	0.975	0	0	0.975	0	0	0.975	0	0	62.0916370035077	1	1642.5	4479	False	False	0	0	0	0	0	0	0	0	0	62.0916370035077	0	0	0.000275786657608973	0.999953080279641	0.999738608085756	0.999998812096234								3) Uncertain significance		New Uncertain			no			0	3							False					unresolved
Isoniazid	inhA	c.-598G>A	inhA_c.-598G>A	1	upstream_gene_variant	1673604	1	3	0	3	0	3	20846	27465	0	0	0.00017694296670111	0.999890782000873	0.99968085216583	0.999977476056514	0	0	0.707598226178713	0	0	0.707598226178713	0	0	0.707598226178713	0	0	3.18865318395302	0.264074204428198	489	5574	False	False	0	0	3.18865318395302	0	0	0.00017694296670111	0.999890782000873	0.99968085216583	0.999977476056514	3) Uncertain significance	3) Uncertain significance	ALL+WHO	3) Uncertain significance	1	2	0	2	0	2	13374	21311	0	0	0.000275786657608973	0.999906160559283	0.999661061221376	0.999988635406343	0	0	0.841886116991581	0	0	0.841886116991581	0	0	0.841886116991581	0	0	8.48535171137227	0.526178307844236	803	4479	False	False	0	0	0	0	0	0	0	0	0	8.48535171137227	0	0	0.000275786657608973	0.999906160559283	0.999661061221376	0.999988635406343								3) Uncertain significance		No change			no			1	3							False					unresolved
Isoniazid	inhA	c.-602G>A	inhA_c.-602G>A	1	upstream_gene_variant	1673600	0	0	0	0	2	0	20844	27468	9.59416674661805e-05	1.16191922227078e-05	0.000346530862189542	1	0.999865711673152	1	1	0.158113883008419	1											2865	5574	False	False	Inf	0.247471899512553	Inf	0	0	0.000176959943030976	1	0.999865711673152	1	3) Uncertain significance	3) Uncertain significance	ALL+WHO	3) Uncertain significance																																0	0	0	0	0	0	0																	3) Uncertain significance		No change			no			1	3							False					unresolved
Isoniazid	inhA	c.-611C>T	inhA_c.-611C>T	1	upstream_gene_variant	1673591	1	1	0	1	0	1	20846	27467	0	0	0.00017694296670111	0.999963594000291	0.999797175631493	0.999999078280314	0	0	0.975	0	0	0.975	0	0	0.975	0	0	51.3484236392164	1	2027.5	5574	False	False	0	0	51.3484236392164	0	0	0.00017694296670111	0.999963594000291	0.999797175631493	0.999999078280314	3) Uncertain significance	3) Uncertain significance	ALL+WHO	3) Uncertain significance	1	1	0	1	0	1	13374	21312	0	0	0.000275786657608973	0.999953080279641	0.999738608085756	0.999998812096234	0	0	0.975	0	0	0.975	0	0	0.975	0	0	62.0916370035077	1	1642.5	4479	False	False	0	0	0	0	0	0	0	0	0	62.0916370035077	0	0	0.000275786657608973	0.999953080279641	0.999738608085756	0.999998812096234	1							3) Uncertain significance		No change			no			1	3							False					unresolved
Isoniazid	inhA	c.-612G>A	inhA_c.-612G>A	1	upstream_gene_variant	1673590	1	1	0	1	0	1	20846	27467	0	0	0.00017694296670111	0.999963594000291	0.999797175631493	0.999999078280314	0	0	0.975	0	0	0.975	0	0	0.975	0	0	51.3484236392164	1	2027.5	5574	False	False	0	0	51.3484236392164	0	0	0.00017694296670111	0.999963594000291	0.999797175631493	0.999999078280314	3) Uncertain significance	3) Uncertain significance	ALL+WHO	3) Uncertain significance	1	1	0	1	0	1	13374	21312	0	0	0.000275786657608973	0.999953080279641	0.999738608085756	0.999998812096234	0	0	0.975	0	0	0.975	0	0	0.975	0	0	62.0916370035077	1	1642.5	4479	False	False	0	0	0	0	0	0	0	0	0	62.0916370035077	0	0	0.000275786657608973	0.999953080279641	0.999738608085756	0.999998812096234								3) Uncertain significance		No change			no			1	3							False					unresolved
Isoniazid	inhA	c.615T>C	inhA_c.615T>C	1	synonymous_variant	"(see ""Genomic_coordinates"" sheet)"	1				0	4	20846	27464	0	0	0.00017694296670111	0.999854376001165	0.999627187086024	0.999960320981843	0	0	0.602364635616474													False	False	0	0	1.99604811372315							3) Uncertain significance	3) Uncertain significance	ALL+WHO	3) Uncertain significance	1				0	4	13374	21309	0	0	0.000275786657608973	0.999812321118566	0.999519537882235	0.999948861529775	0	0	0.602364635616474													False	False	0	0	0	0	0	0	0	0	0	2.41420404242617							4						Silent mutation	4) Not assoc w R - Interim		Now listed		Silent mutation	no			0	4							False					unresolved
Isoniazid	inhA	c.-616C>T	inhA_c.-616C>T	1	upstream_gene_variant	1673586	1	0	0	0	0	1	20846	27467	0	0	0.00017694296670111	0.999963594000291	0.999797175631493	0.999999078280314	0	0	0.975				0	0	0.975					2866	5574	False	False	0	0	51.3484236392164	0	0	0.00017694296670111	0.999963594000291	0.999797175631493	0.999999078280314	3) Uncertain significance	3) Uncertain significance	ALL+WHO	3) Uncertain significance																																0	0	0	0	0	0	0																	3) Uncertain significance		No change			no			1	3							False					unresolved
Isoniazid	inhA	c.-618T>C	inhA_c.-618T>C	1	upstream_gene_variant	1673584	0	0	0	0	1	0	20845	27468	4.79708337330902e-05	1.21451561977598e-06	0.000267247072972983	1	0.999865711673152	1	1	0.025	1											2897	5574	False	False	Inf	0.0337859573643402	Inf	0	0	0.000176951454458875	1	0.999865711673152	1	3) Uncertain significance	3) Uncertain significance	ALL+WHO	3) Uncertain significance																																0	0	0	0	0	0	0																	3) Uncertain significance		No change			no			1	3							False					unresolved
Isoniazid	inhA	c.-622T>C	inhA_c.-622T>C	1	upstream_gene_variant	1673580	1	1	0	1	0	1	20846	27467	0	0	0.00017694296670111	0.999963594000291	0.999797175631493	0.999999078280314	0	0	0.975	0	0	0.975	0	0	0.975	0	0	51.3484236392164	1	2027.5	5574	False	False	0	0	51.3484236392164	0	0	0.00017694296670111	0.999963594000291	0.999797175631493	0.999999078280314	3) Uncertain significance	3) Uncertain significance	ALL+WHO	3) Uncertain significance	1	1	0	1	0	1	13374	21312	0	0	0.000275786657608973	0.999953080279641	0.999738608085756	0.999998812096234	0	0	0.975	0	0	0.975	0	0	0.975	0	0	62.0916370035077	1	1642.5	4479	False	False	0	0	0	0	0	0	0	0	0	62.0916370035077	0	0	0.000275786657608973	0.999953080279641	0.999738608085756	0.999998812096234	1							3) Uncertain significance		No change			no			1	3							False					unresolved
Isoniazid	inhA	c.-622T>G	inhA_c.-622T>G	1	upstream_gene_variant	1673580	0	0	0	0	1	0	20845	27468	4.79708337330902e-05	1.21451561977598e-06	0.000267247072972983	1	0.999865711673152	1	1	0.025	1											2927	5574	False	False	Inf	0.0337859573643402	Inf	0	0	0.000176951454458875	1	0.999865711673152	1	3) Uncertain significance	3) Uncertain significance	ALL+WHO	3) Uncertain significance	0	0	0	0	1	0	13373	21313	7.47719455660236e-05	1.89305996861207e-06	0.000416531419540481	1	0.999826933785262	1	1	0.025	1											2385	4479	False	False	0	0	0	0	0	0	0	Inf	0.0408616897784423	Inf	0	0	0.000275807277411719	1	0.999826933785262	1								3) Uncertain significance		New Uncertain			no			0	3							False					unresolved
Isoniazid	inhA	c.624C>T	inhA_c.624C>T	1	synonymous_variant	"(see ""Genomic_coordinates"" sheet)"	1				0	1	20846	27467	0	0	0.00017694296670111	0.999963594000291	0.999797175631493	0.999999078280314	0	0	0.975													False	False	0	0	51.3484236392164							3) Uncertain significance	3) Uncertain significance	ALL+WHO	3) Uncertain significance	1				0	1	13374	21312	0	0	0.000275786657608973	0.999953080279641	0.999738608085756	0.999998812096234	0	0	0.975													False	False	0	0	0	0	0	0	0	0	0	62.0916370035077													Silent mutation	4) Not assoc w R - Interim		Now listed		Silent mutation	no			0	4							False					unresolved
Isoniazid	inhA	c.-628C>T	inhA_c.-628C>T	1	upstream_gene_variant	1673574	1	2	0	2	0	2	20846	27466	0	0	0.00017694296670111	0.999927188000582	0.999737003036386	0.999991182007438	0	0	0.841886116991581	0	0	0.841886116991581	0	0	0.841886116991581	0	0	7.01598871232251	0.509382802952132	994	5574	False	False	0	0	7.01598871232251	0	0	0.00017694296670111	0.999927188000582	0.999737003036386	0.999991182007438	3) Uncertain significance	3) Uncertain significance	ALL+WHO	3) Uncertain significance	1	2	0	2	0	2	13374	21311	0	0	0.000275786657608973	0.999906160559283	0.999661061221376	0.999988635406343	0	0	0.841886116991581	0	0	0.841886116991581	0	0	0.841886116991581	0	0	8.48535171137227	0.526178307844236	803	4479	False	False	0	0	0	0	0	0	0	0	0	8.48535171137227	0	0	0.000275786657608973	0.999906160559283	0.999661061221376	0.999988635406343								3) Uncertain significance		New Uncertain			no			0	3							False					unresolved
Isoniazid	inhA	c.-631C>T	inhA_c.-631C>T	1	upstream_gene_variant	1673571	1	1	0	1	0	1	20846	27467	0	0	0.00017694296670111	0.999963594000291	0.999797175631493	0.999999078280314	0	0	0.975	0	0	0.975	0	0	0.975	0	0	51.3484236392164	1	2027.5	5574	False	False	0	0	51.3484236392164	0	0	0.00017694296670111	0.999963594000291	0.999797175631493	0.999999078280314	3) Uncertain significance	3) Uncertain significance	ALL+WHO	3) Uncertain significance																																0	0	0	0	0	0	0																	3) Uncertain significance		New Uncertain			no			0	3							False					unresolved
Isoniazid	inhA	c.636C>T	inhA_c.636C>T	1	synonymous_variant	"(see ""Genomic_coordinates"" sheet)"	1				0	2	20846	27466	0	0	0.00017694296670111	0.999927188000582	0.999737003036386	0.999991182007438	0	0	0.841886116991581													False	False	0	0	7.01598871232251							3) Uncertain significance	3) Uncertain significance	ALL+WHO	3) Uncertain significance	1				0	1	13374	21312	0	0	0.000275786657608973	0.999953080279641	0.999738608085756	0.999998812096234	0	0	0.975													False	False	0	0	0	0	0	0	0	0	0	62.0916370035077													Silent mutation	4) Not assoc w R - Interim		Now listed		Silent mutation	no			0	4							False					unresolved
Isoniazid	inhA	c.639C>T	inhA_c.639C>T	1	synonymous_variant	"(see ""Genomic_coordinates"" sheet)"	1				0	1	20846	27467	0	0	0.00017694296670111	0.999963594000291	0.999797175631493	0.999999078280314	0	0	0.975													False	False	0	0	51.3484236392164							3) Uncertain significance	3) Uncertain significance	ALL+WHO	3) Uncertain significance	1				0	1	13374	21312	0	0	0.000275786657608973	0.999953080279641	0.999738608085756	0.999998812096234	0	0	0.975													False	False	0	0	0	0	0	0	0	0	0	62.0916370035077													Silent mutation	4) Not assoc w R - Interim		Now listed		Silent mutation	no			0	4							False					unresolved
Isoniazid	inhA	c.-641A>G	inhA_c.-641A>G	1	upstream_gene_variant	1673561	1	1	0	1	0	1	20846	27467	0	0	0.00017694296670111	0.999963594000291	0.999797175631493	0.999999078280314	0	0	0.975	0	0	0.975	0	0	0.975	0	0	51.3484236392164	1	2027.5	5574	False	False	0	0	51.3484236392164	0	0	0.00017694296670111	0.999963594000291	0.999797175631493	0.999999078280314	3) Uncertain significance	3) Uncertain significance	ALL+WHO	3) Uncertain significance	1	1	0	1	0	1	13374	21312	0	0	0.000275786657608973	0.999953080279641	0.999738608085756	0.999998812096234	0	0	0.975	0	0	0.975	0	0	0.975	0	0	62.0916370035077	1	1642.5	4479	False	False	0	0	0	0	0	0	0	0	0	62.0916370035077	0	0	0.000275786657608973	0.999953080279641	0.999738608085756	0.999998812096234								3) Uncertain significance		No change			no			1	3							False					unresolved
Isoniazid	inhA	c.-646C>T	inhA_c.-646C>T	1	upstream_gene_variant	1673556	1	0	0	0	0	1	20846	27467	0	0	0.00017694296670111	0.999963594000291	0.999797175631493	0.999999078280314	0	0	0.975				0	0	0.975					2937	5574	False	False	0	0	51.3484236392164	0	0	0.00017694296670111	0.999963594000291	0.999797175631493	0.999999078280314	3) Uncertain significance	3) Uncertain significance	ALL+WHO	3) Uncertain significance	1	0	0	0	0	1	13374	21312	0	0	0.000275786657608973	0.999953080279641	0.999738608085756	0.999998812096234	0	0	0.975				0	0	0.975					2390	4479	False	False	0	0	0	0	0	0	0	0	0	62.0916370035077	0	0	0.000275786657608973	0.999953080279641	0.999738608085756	0.999998812096234								3) Uncertain significance		New Uncertain			no			0	3							False					unresolved
Isoniazid	inhA	c.648G>A	inhA_c.648G>A	1	synonymous_variant	"(see ""Genomic_coordinates"" sheet)"					1	0	20845	27468	4.79708337330902e-05	1.21451561977598e-06	0.000267247072972983	1	0.999865711673152	1	1	0.025	1													False	False	Inf	0.0337859573643402	Inf							3) Uncertain significance	3) Uncertain significance	ALL+WHO	3) Uncertain significance																																0	0	0	0	0	0	0																Silent mutation	4) Not assoc w R - Interim		Now listed		Silent mutation	no			0	4							False					unresolved
Isoniazid	inhA	c.-648G>T	inhA_c.-648G>T	1	upstream_gene_variant	1673554	0	0	0	0	1	0	20845	27468	4.79708337330902e-05	1.21451561977598e-06	0.000267247072972983	1	0.999865711673152	1	1	0.025	1											2857	5574	False	False	Inf	0.0337859573643402	Inf	0	0	0.000176951454458875	1	0.999865711673152	1	3) Uncertain significance	3) Uncertain significance	ALL+WHO	3) Uncertain significance	0	0	0	0	1	0	13373	21313	7.47719455660236e-05	1.89305996861207e-06	0.000416531419540481	1	0.999826933785262	1	1	0.025	1											2332	4479	False	False	0	0	0	0	0	0	0	Inf	0.0408616897784423	Inf	0	0	0.000275807277411719	1	0.999826933785262	1								3) Uncertain significance		New Uncertain			no			0	3							False					unresolved
Isoniazid	inhA	c.649C>T	inhA_c.649C>T	1	synonymous_variant	"(see ""Genomic_coordinates"" sheet)"					1	0	20845	27468	4.79708337330902e-05	1.21451561977598e-06	0.000267247072972983	1	0.999865711673152	1	1	0.025	1													False	False	Inf	0.0337859573643402	Inf							3) Uncertain significance	3) Uncertain significance	ALL+WHO	3) Uncertain significance					1	0	13373	21313	7.47719455660236e-05	1.89305996861207e-06	0.000416531419540481	1	0.999826933785262	1	1	0.025	1													False	False	0	0	0	0	0	0	0	Inf	0.0408616897784423	Inf													Silent mutation	4) Not assoc w R - Interim		Now listed		Silent mutation	no			0	4							False					unresolved
Isoniazid	inhA	c.-649C>T	inhA_c.-649C>T	1	upstream_gene_variant	1673553	1	2	0	2	0	2	20846	27466	0	0	0.00017694296670111	0.999927188000582	0.999737003036386	0.999991182007438	0	0	0.841886116991581	0	0	0.841886116991581	0	0	0.841886116991581	0	0	7.01598871232251	0.509382802952132	994	5574	False	False	0	0	7.01598871232251	0	0	0.00017694296670111	0.999927188000582	0.999737003036386	0.999991182007438	3) Uncertain significance	3) Uncertain significance	ALL+WHO	3) Uncertain significance	1	2	0	2	0	2	13374	21311	0	0	0.000275786657608973	0.999906160559283	0.999661061221376	0.999988635406343	0	0	0.841886116991581	0	0	0.841886116991581	0	0	0.841886116991581	0	0	8.48535171137227	0.526178307844236	803	4479	False	False	0	0	0	0	0	0	0	0	0	8.48535171137227	0	0	0.000275786657608973	0.999906160559283	0.999661061221376	0.999988635406343								3) Uncertain significance		No change			no			1	3							False					unresolved
Isoniazid	inhA	c.654C>G	inhA_c.654C>G	1	synonymous_variant	"(see ""Genomic_coordinates"" sheet)"	1				0	1	20846	27467	0	0	0.00017694296670111	0.999963594000291	0.999797175631493	0.999999078280314	0	0	0.975													False	False	0	0	51.3484236392164							3) Uncertain significance	3) Uncertain significance	ALL+WHO	3) Uncertain significance	1				0	1	13374	21312	0	0	0.000275786657608973	0.999953080279641	0.999738608085756	0.999998812096234	0	0	0.975													False	False	0	0	0	0	0	0	0	0	0	62.0916370035077													Silent mutation	4) Not assoc w R - Interim		Now listed		Silent mutation	no			0	4							False					unresolved
Isoniazid	inhA	c.654C>T	inhA_c.654C>T	1	synonymous_variant	"(see ""Genomic_coordinates"" sheet)"					1	0	20845	27468	4.79708337330902e-05	1.21451561977598e-06	0.000267247072972983	1	0.999865711673152	1	1	0.025	1													False	False	Inf	0.0337859573643402	Inf							3) Uncertain significance	3) Uncertain significance	ALL+WHO	3) Uncertain significance					1	0	13373	21313	7.47719455660236e-05	1.89305996861207e-06	0.000416531419540481	1	0.999826933785262	1	1	0.025	1													False	False	0	0	0	0	0	0	0	Inf	0.0408616897784423	Inf													Silent mutation	4) Not assoc w R - Interim		Now listed		Silent mutation	no			0	4							False					unresolved
Isoniazid	inhA	c.-661G>A	inhA_c.-661G>A	1	upstream_gene_variant	1673541	1	1	0	1	1	2	20845	27466	4.79708337330902e-05	1.21451561977598e-06	0.000267247072972983	0.999927188000582	0.999737003036386	0.999991182007438	0.333333333333333	0.00840375865961264	0.905700675949754	0	0	0.975	0	0	0.841886116991581	0	0	51.349017027227	1	2027.5	5574	False	False	0.658815063564403	0.011171855707321	12.6567401482543	0	0	0.000176951454458875	0.999927188000582	0.999737003036386	0.999991182007438	3) Uncertain significance	3) Uncertain significance	ALL+WHO	3) Uncertain significance	1	1	0	1	1	2	13373	21311	7.47719455660236e-05	1.89305996861207e-06	0.000416531419540481	0.999906160559283	0.999661061221376	0.999988635406343	0.333333333333333	0.00840375865961264	0.905700675949754	0	0	0.975	0	0	0.841886116991581	0	0	62.0933648450895	1	1642.5	4479	False	False	0	0	0	0	0	0	0	0.796792043670081	0.0135099696349484	15.307558728263	0	0	0.000275807277411719	0.999906160559283	0.999661061221376	0.999988635406343								3) Uncertain significance		New Uncertain			no			0	3							False					unresolved
Isoniazid	inhA	c.663C>T	inhA_c.663C>T	1	synonymous_variant	"(see ""Genomic_coordinates"" sheet)"	1				0	1	20846	27467	0	0	0.00017694296670111	0.999963594000291	0.999797175631493	0.999999078280314	0	0	0.975													False	False	0	0	51.3484236392164							3) Uncertain significance	3) Uncertain significance	ALL+WHO	3) Uncertain significance	1				0	1	13374	21312	0	0	0.000275786657608973	0.999953080279641	0.999738608085756	0.999998812096234	0	0	0.975													False	False	0	0	0	0	0	0	0	0	0	62.0916370035077							1						Silent mutation	4) Not assoc w R - Interim		Now listed		Silent mutation	no			0	4							False					unresolved
Isoniazid	inhA	c.-664G>A	inhA_c.-664G>A	1	upstream_gene_variant	1673538	2	1	0	1	1	1	20845	27467	4.79708337330902e-05	1.21451561977598e-06	0.000267247072972983	0.999963594000291	0.999797175631493	0.999999078280314	0.5	0.012579117093425	0.987420882906574	0	0	0.975	0	0	0.975	0	0	51.3508850075945	1	2027.5	5574	False	False	1.31767810026385	0.0167927522337569	103.35711725526	0	0	0.000176951454458875	0.999963594000291	0.999797175631493	0.999999078280314	3) Uncertain significance	3) Uncertain significance	ALL+WHO	3) Uncertain significance	2	1	0	1	1	1	13373	21312	7.47719455660236e-05	1.89305996861207e-06	0.000416531419540481	0.999953080279641	0.999738608085756	0.999998812096234	0.5	0.012579117093425	0.987420882906574	0	0	0.975	0	0	0.975	0	0	62.0962755582318	1	1642.5	4479	False	False	0	0	0	0	0	0	0	1.59365886487699	0.0203005577541163	124.983813232444	0	0	0.000275807277411719	0.999953080279641	0.999738608085756	0.999998812096234								3) Uncertain significance		No change			no			1	3							False					unresolved
Isoniazid	inhA	c.-674C>A	inhA_c.-674C>A	1	upstream_gene_variant	1673528	1	1	0	1	0	1	20846	27467	0	0	0.00017694296670111	0.999963594000291	0.999797175631493	0.999999078280314	0	0	0.975	0	0	0.975	0	0	0.975	0	0	51.3484236392164	1	2027.5	5574	False	False	0	0	51.3484236392164	0	0	0.00017694296670111	0.999963594000291	0.999797175631493	0.999999078280314	3) Uncertain significance	3) Uncertain significance	ALL+WHO	3) Uncertain significance	1	1	0	1	0	1	13374	21312	0	0	0.000275786657608973	0.999953080279641	0.999738608085756	0.999998812096234	0	0	0.975	0	0	0.975	0	0	0.975	0	0	62.0916370035077	1	1642.5	4479	False	False	0	0	0	0	0	0	0	0	0	62.0916370035077	0	0	0.000275786657608973	0.999953080279641	0.999738608085756	0.999998812096234								3) Uncertain significance		No change			no			1	3							False					unresolved
Isoniazid	inhA	c.-676G>A	inhA_c.-676G>A	1	upstream_gene_variant	1673526	1	3	0	3	2	3	20844	27465	9.59416674661805e-05	1.16191922227078e-05	0.000346530862189542	0.999890782000873	0.99968085216583	0.999977476056514	0.4	0.0527449505263169	0.853367200365326	0	0	0.707598226178713	0	0	0.707598226178713	0	0	3.18895916093986	0.264083883232833	556.5	5574	False	False	0.878430243715217	0.0733354884838472	7.66963698207431	0	0	0.000176959943030976	0.999890782000873	0.99968085216583	0.999977476056514	3) Uncertain significance	3) Uncertain significance	ALL+WHO	3) Uncertain significance	1	3	0	3	2	3	13372	21310	0.000149543891132047	1.81109721013608e-05	0.000540098445265982	0.999859240838924	0.999588697652472	0.999970971136275	0.4	0.0527449505263169	0.853367200365326	0	0	0.707598226178713	0	0	0.707598226178713	0	0	3.85709530412199	0.289291791934617	400.5	4479	False	False	0	0	0	0	0	0	0	1.06241898494366	0.0886985485353837	9.27715037564111	0	0	0.000275827900298067	0.999859240838924	0.999588697652472	0.999970971136275								3) Uncertain significance		No change			no			1	3							False					unresolved
Isoniazid	inhA	c.-67C>T	inhA_c.-67C>T	1	upstream_gene_variant	1674135	1	2	1	1	16	1	20830	27467	0.000767533339729444	0.000438773245501675	0.00124612759964746	0.999963594000291	0.999797175631493	0.999999078280314	0.941176470588235	0.713110603332779	0.998511825608733	0.5	0.012579117093425	0.987420882906574	0.5	0.012579117093425	0.987420882906574	1.31862698031685	0.0168048388018241	103.431483666134	1	1253.5	5574	False	False	21.0980316850696	3.27696052461101	881.196612561466	4.80053766021794e-05	1.21539016844027e-06	0.000267439491302368	0.999963594000291	0.999797175631493	0.999999078280314	3) Uncertain significance	3) Uncertain significance	ALL+WHO	3) Uncertain significance	1	2	1	1	8	1	13366	21312	0.000598175564528189	0.000258283997825234	0.00117830226263269	0.999953080279641	0.999738608085756	0.999998812096234	0.888888888888888	0.517503485082663	0.9971908632534	0.5	0.012579117093425	0.987420882906574	0.5	0.012579117093425	0.987420882906574	1.59449349094717	0.020311188872658	125.049201658061	1	1642.5	4479	False	False	0	0	0	0	0	0	0	12.7559479275774	1.70975577844451	564.516212294525	7.48111019675319e-05	1.89405132098963e-06	0.000416749510461935	0.999953080279641	0.999738608085756	0.999998812096234	6							3) Uncertain significance		No change			no			1	3							False					unresolved
Isoniazid	inhA	c.684C>T	inhA_c.684C>T	1	synonymous_variant	"(see ""Genomic_coordinates"" sheet)"	1				0	3	20846	27465	0	0	0.00017694296670111	0.999890782000873	0.99968085216583	0.999977476056514	0	0	0.707598226178713													False	False	0	0	3.18865318395302							3) Uncertain significance	3) Uncertain significance	ALL+WHO	3) Uncertain significance																																0	0	0	0	0	0	0																Silent mutation	4) Not assoc w R - Interim		Now listed		Silent mutation	no			0	4							False					unresolved
Isoniazid	inhA	c.-692A>G	inhA_c.-692A>G	1	upstream_gene_variant	1673510	1	4	1	3	1	3	20845	27465	4.79708337330902e-05	1.21451561977598e-06	0.000267247072972983	0.999890782000873	0.99968085216583	0.999977476056514	0.25	0.00630946320970987	0.805879550316756	0.25	0.00630946320970987	0.805879550316756	0.25	0.00630946320970987	0.805879550316756	0.439194051331254	0.00837049629364692	5.4704842261679	0.638942720978879	1228.5	5574	False	False	0.439194051331254	0.00837049629364692	5.4704842261679	4.79708337330902e-05	1.21451561977598e-06	0.000267247072972983	0.999890782000873	0.99968085216583	0.999977476056514	3) Uncertain significance	3) Uncertain significance	ALL+WHO	3) Uncertain significance	1	3	0	3	0	3	13374	21310	0	0	0.000275786657608973	0.999859240838924	0.999588697652472	0.999970971136275	0	0	0.707598226178713	0	0	0.707598226178713	0	0	0.707598226178713	0	0	3.85651838973546	0.289267461766355	341	4479	False	False	0	0	0	0	0	0	0	0	0	3.85651838973546	0	0	0.000275786657608973	0.999859240838924	0.999588697652472	0.999970971136275								3) Uncertain significance		No change			no			1	3							False					unresolved
Isoniazid	inhA	c.-700C>T	inhA_c.-700C>T	1	upstream_gene_variant	1673502	1	2	0	2	0	2	20846	27466	0	0	0.00017694296670111	0.999927188000582	0.999737003036386	0.999991182007438	0	0	0.841886116991581	0	0	0.841886116991581	0	0	0.841886116991581	0	0	7.01598871232251	0.509382802952132	994	5574	False	False	0	0	7.01598871232251	0	0	0.00017694296670111	0.999927188000582	0.999737003036386	0.999991182007438	3) Uncertain significance	3) Uncertain significance	ALL+WHO	3) Uncertain significance	1	1	0	1	0	1	13374	21312	0	0	0.000275786657608973	0.999953080279641	0.999738608085756	0.999998812096234	0	0	0.975	0	0	0.975	0	0	0.975	0	0	62.0916370035077	1	1642.5	4479	False	False	0	0	0	0	0	0	0	0	0	62.0916370035077	0	0	0.000275786657608973	0.999953080279641	0.999738608085756	0.999998812096234								3) Uncertain significance		No change			no			1	3							False					unresolved
Isoniazid	inhA	c.-703T>C	inhA_c.-703T>C	1	upstream_gene_variant	1673499	1	1	0	1	0	1	20846	27467	0	0	0.00017694296670111	0.999963594000291	0.999797175631493	0.999999078280314	0	0	0.975	0	0	0.975	0	0	0.975	0	0	51.3484236392164	1	2027.5	5574	False	False	0	0	51.3484236392164	0	0	0.00017694296670111	0.999963594000291	0.999797175631493	0.999999078280314	3) Uncertain significance	3) Uncertain significance	ALL+WHO	3) Uncertain significance	1	1	0	1	0	1	13374	21312	0	0	0.000275786657608973	0.999953080279641	0.999738608085756	0.999998812096234	0	0	0.975	0	0	0.975	0	0	0.975	0	0	62.0916370035077	1	1642.5	4479	False	False	0	0	0	0	0	0	0	0	0	62.0916370035077	0	0	0.000275786657608973	0.999953080279641	0.999738608085756	0.999998812096234								3) Uncertain significance		No change			no			1	3							False					unresolved
Isoniazid	inhA	c.-705G>A	inhA_c.-705G>A	1	upstream_gene_variant	1673497	1	2	0	2	3	2	20843	27466	0.00014391250119927	2.96792008899536e-05	0.000420515224128061	0.999927188000582	0.999737003036386	0.999991182007438	0.6	0.146632799634673	0.947255049473683	0	0	0.841886116991581	0	0	0.841886116991581	0	0	7.01699856622015	0.509392482788101	1176.5	5574	False	False	1.97663484143357	0.226402568392661	23.6672561646805	0	0	0.00017696843241753	0.999927188000582	0.999737003036386	0.999991182007438	3) Uncertain significance	3) Uncertain significance	ALL+WHO	3) Uncertain significance	1	1	0	1	1	1	13373	21312	7.47719455660236e-05	1.89305996861207e-06	0.000416531419540481	0.999953080279641	0.999738608085756	0.999998812096234	0.5	0.012579117093425	0.987420882906574	0	0	0.975	0	0	0.975	0	0	62.0962755582318	1	1642.5	4479	False	False	0	0	0	0	0	0	0	1.59365886487699	0.0203005577541163	124.983813232444	0	0	0.000275807277411719	0.999953080279641	0.999738608085756	0.999998812096234								3) Uncertain significance		No change			no			1	3							False					unresolved
Isoniazid	inhA	c.-706G>A	inhA_c.-706G>A	1	upstream_gene_variant	1673496	1	1	0	1	1	1	20845	27467	4.79708337330902e-05	1.21451561977598e-06	0.000267247072972983	0.999963594000291	0.999797175631493	0.999999078280314	0.5	0.012579117093425	0.987420882906574	0	0	0.975	0	0	0.975	0	0	51.3508850075945	1	2027.5	5574	False	False	1.31767810026385	0.0167927522337569	103.35711725526	0	0	0.000176951454458875	0.999963594000291	0.999797175631493	0.999999078280314	3) Uncertain significance	3) Uncertain significance	ALL+WHO	3) Uncertain significance	1	1	0	1	1	1	13373	21312	7.47719455660236e-05	1.89305996861207e-06	0.000416531419540481	0.999953080279641	0.999738608085756	0.999998812096234	0.5	0.012579117093425	0.987420882906574	0	0	0.975	0	0	0.975	0	0	62.0962755582318	1	1642.5	4479	False	False	0	0	0	0	0	0	0	1.59365886487699	0.0203005577541163	124.983813232444	0	0	0.000275807277411719	0.999953080279641	0.999738608085756	0.999998812096234								3) Uncertain significance		New Uncertain			no			0	3							False					unresolved
Isoniazid	inhA	c.714C>A	inhA_c.714C>A	1	synonymous_variant	"(see ""Genomic_coordinates"" sheet)"	1				0	1	20846	27467	0	0	0.00017694296670111	0.999963594000291	0.999797175631493	0.999999078280314	0	0	0.975													False	False	0	0	51.3484236392164							3) Uncertain significance	3) Uncertain significance	ALL+WHO	3) Uncertain significance	1				0	1	13374	21312	0	0	0.000275786657608973	0.999953080279641	0.999738608085756	0.999998812096234	0	0	0.975													False	False	0	0	0	0	0	0	0	0	0	62.0916370035077													Silent mutation	4) Not assoc w R - Interim		Now listed		Silent mutation	no			0	4							False					unresolved
Isoniazid	inhA	c.-715T>C	inhA_c.-715T>C	1	upstream_gene_variant	1673487	1	2	0	2	1	2	20845	27466	4.79708337330902e-05	1.21451561977598e-06	0.000267247072972983	0.999927188000582	0.999737003036386	0.999991182007438	0.333333333333333	0.00840375865961264	0.905700675949754	0	0	0.841886116991581	0	0	0.841886116991581	0	0	7.01632529799099	0.509386028876591	1135.5	5574	False	False	0.658815063564403	0.011171855707321	12.6567401482543	0	0	0.000176951454458875	0.999927188000582	0.999737003036386	0.999991182007438	3) Uncertain significance	3) Uncertain significance	ALL+WHO	3) Uncertain significance	1	1	0	1	1	1	13373	21312	7.47719455660236e-05	1.89305996861207e-06	0.000416531419540481	0.999953080279641	0.999738608085756	0.999998812096234	0.5	0.012579117093425	0.987420882906574	0	0	0.975	0	0	0.975	0	0	62.0962755582318	1	1642.5	4479	False	False	0	0	0	0	0	0	0	1.59365886487699	0.0203005577541163	124.983813232444	0	0	0.000275807277411719	0.999953080279641	0.999738608085756	0.999998812096234								3) Uncertain significance		No change			no			1	3							False					unresolved
Isoniazid	inhA	c.-718C>T	inhA_c.-718C>T	1	upstream_gene_variant	1673484	1	1	0	1	0	1	20846	27467	0	0	0.00017694296670111	0.999963594000291	0.999797175631493	0.999999078280314	0	0	0.975	0	0	0.975	0	0	0.975	0	0	51.3484236392164	1	2027.5	5574	False	False	0	0	51.3484236392164	0	0	0.00017694296670111	0.999963594000291	0.999797175631493	0.999999078280314	3) Uncertain significance	3) Uncertain significance	ALL+WHO	3) Uncertain significance	1	1	0	1	0	1	13374	21312	0	0	0.000275786657608973	0.999953080279641	0.999738608085756	0.999998812096234	0	0	0.975	0	0	0.975	0	0	0.975	0	0	62.0916370035077	1	1642.5	4479	False	False	0	0	0	0	0	0	0	0	0	62.0916370035077	0	0	0.000275786657608973	0.999953080279641	0.999738608085756	0.999998812096234								3) Uncertain significance		No change			no			1	3							False					unresolved
Isoniazid	inhA	c.-723G>A	inhA_c.-723G>A	1	upstream_gene_variant	1673479	1	1	0	1	0	1	20846	27467	0	0	0.00017694296670111	0.999963594000291	0.999797175631493	0.999999078280314	0	0	0.975	0	0	0.975	0	0	0.975	0	0	51.3484236392164	1	2027.5	5574	False	False	0	0	51.3484236392164	0	0	0.00017694296670111	0.999963594000291	0.999797175631493	0.999999078280314	3) Uncertain significance	3) Uncertain significance	ALL+WHO	3) Uncertain significance	1	1	0	1	0	1	13374	21312	0	0	0.000275786657608973	0.999953080279641	0.999738608085756	0.999998812096234	0	0	0.975	0	0	0.975	0	0	0.975	0	0	62.0916370035077	1	1642.5	4479	False	False	0	0	0	0	0	0	0	0	0	62.0916370035077	0	0	0.000275786657608973	0.999953080279641	0.999738608085756	0.999998812096234								3) Uncertain significance		No change			no			1	3							False					unresolved
Isoniazid	inhA	c.726G>A	inhA_c.726G>A	1	synonymous_variant	"(see ""Genomic_coordinates"" sheet)"	1				0	1	20846	27467	0	0	0.00017694296670111	0.999963594000291	0.999797175631493	0.999999078280314	0	0	0.975													False	False	0	0	51.3484236392164							3) Uncertain significance	3) Uncertain significance	ALL+WHO	3) Uncertain significance	1				0	1	13374	21312	0	0	0.000275786657608973	0.999953080279641	0.999738608085756	0.999998812096234	0	0	0.975													False	False	0	0	0	0	0	0	0	0	0	62.0916370035077							1						Silent mutation	4) Not assoc w R - Interim		Now listed		Silent mutation	no			0	4							False					unresolved
Isoniazid	inhA	c.-727A>G	inhA_c.-727A>G	1	upstream_gene_variant	1673475	0	0	0	0	1	0	20845	27468	4.79708337330902e-05	1.21451561977598e-06	0.000267247072972983	1	0.999865711673152	1	1	0.025	1											2890	5574	False	False	Inf	0.0337859573643402	Inf	0	0	0.000176951454458875	1	0.999865711673152	1	3) Uncertain significance	3) Uncertain significance	ALL+WHO	3) Uncertain significance																																0	0	0	0	0	0	0																	3) Uncertain significance		No change			no			1	3							False					unresolved
Isoniazid	inhA	c.-728C>G	inhA_c.-728C>G	1	upstream_gene_variant	1673474	0	0	0	0	9	0	20837	27468	0.000431737503597812	0.000197436276106449	0.000819413341228355	1	0.999865711673152	1	1	0.663732883120057	1											2938	5574	False	False	Inf	2.60134945111117	Inf	0	0	0.000177019385846931	1	0.999865711673152	1	3) Uncertain significance	3) Uncertain significance	ALL+WHO	3) Uncertain significance	0	0	0	0	1	0	13373	21313	7.47719455660236e-05	1.89305996861207e-06	0.000416531419540481	1	0.999826933785262	1	1	0.025	1											2391	4479	False	False	0	0	0	0	0	0	0	Inf	0.0408616897784423	Inf	0	0	0.000275807277411719	1	0.999826933785262	1	7							3) Uncertain significance		No change			no			1	3							False					unresolved
Isoniazid	inhA	c.-728C>T	inhA_c.-728C>T	1	upstream_gene_variant	1673474	1	1	0	1	0	1	20846	27467	0	0	0.00017694296670111	0.999963594000291	0.999797175631493	0.999999078280314	0	0	0.975	0	0	0.975	0	0	0.975	0	0	51.3484236392164	1	2027.5	5574	False	False	0	0	51.3484236392164	0	0	0.00017694296670111	0.999963594000291	0.999797175631493	0.999999078280314	3) Uncertain significance	3) Uncertain significance	ALL+WHO	3) Uncertain significance	1	1	0	1	0	1	13374	21312	0	0	0.000275786657608973	0.999953080279641	0.999738608085756	0.999998812096234	0	0	0.975	0	0	0.975	0	0	0.975	0	0	62.0916370035077	1	1642.5	4479	False	False	0	0	0	0	0	0	0	0	0	62.0916370035077	0	0	0.000275786657608973	0.999953080279641	0.999738608085756	0.999998812096234								3) Uncertain significance		New Uncertain			no			0	3							False					unresolved
Isoniazid	inhA	c.-730C>T	inhA_c.-730C>T	1	upstream_gene_variant	1673472	1	1	0	1	0	1	20846	27467	0	0	0.00017694296670111	0.999963594000291	0.999797175631493	0.999999078280314	0	0	0.975	0	0	0.975	0	0	0.975	0	0	51.3484236392164	1	2027.5	5574	False	False	0	0	51.3484236392164	0	0	0.00017694296670111	0.999963594000291	0.999797175631493	0.999999078280314	3) Uncertain significance	3) Uncertain significance	ALL+WHO	3) Uncertain significance																																0	0	0	0	0	0	0																	3) Uncertain significance		No change			no			1	3							False					unresolved
Isoniazid	inhA	c.732G>A	inhA_c.732G>A	1	synonymous_variant	"(see ""Genomic_coordinates"" sheet)"					1	0	20845	27468	4.79708337330902e-05	1.21451561977598e-06	0.000267247072972983	1	0.999865711673152	1	1	0.025	1													False	False	Inf	0.0337859573643402	Inf							3) Uncertain significance	3) Uncertain significance	ALL+WHO	3) Uncertain significance					1	0	13373	21313	7.47719455660236e-05	1.89305996861207e-06	0.000416531419540481	1	0.999826933785262	1	1	0.025	1													False	False	0	0	0	0	0	0	0	Inf	0.0408616897784423	Inf													Silent mutation	4) Not assoc w R - Interim		Now listed		Silent mutation	no			0	4							False					unresolved
Isoniazid	inhA	c.-734A>G	inhA_c.-734A>G	1	upstream_gene_variant	1673468	0	0	0	0	1	0	20845	27468	4.79708337330902e-05	1.21451561977598e-06	0.000267247072972983	1	0.999865711673152	1	1	0.025	1											2935	5574	False	False	Inf	0.0337859573643402	Inf	0	0	0.000176951454458875	1	0.999865711673152	1	3) Uncertain significance	3) Uncertain significance	ALL+WHO	3) Uncertain significance																																0	0	0	0	0	0	0																	3) Uncertain significance		New Uncertain			no			0	3							False					unresolved
Isoniazid	inhA	c.738G>A	inhA_c.738G>A	1	synonymous_variant	"(see ""Genomic_coordinates"" sheet)"	1				0	1	20846	27467	0	0	0.00017694296670111	0.999963594000291	0.999797175631493	0.999999078280314	0	0	0.975													False	False	0	0	51.3484236392164							3) Uncertain significance	3) Uncertain significance	ALL+WHO	3) Uncertain significance																																0	0	0	0	0	0	0																Silent mutation	4) Not assoc w R - Interim		Now listed		Silent mutation	no			0	4							False					unresolved
Isoniazid	inhA	c.-741G>T	inhA_c.-741G>T	1	upstream_gene_variant	1673461	1	1	0	1	0	1	20846	27467	0	0	0.00017694296670111	0.999963594000291	0.999797175631493	0.999999078280314	0	0	0.975	0	0	0.975	0	0	0.975	0	0	51.3484236392164	1	2027.5	5574	False	False	0	0	51.3484236392164	0	0	0.00017694296670111	0.999963594000291	0.999797175631493	0.999999078280314	3) Uncertain significance	3) Uncertain significance	ALL+WHO	3) Uncertain significance	1	1	0	1	0	1	13374	21312	0	0	0.000275786657608973	0.999953080279641	0.999738608085756	0.999998812096234	0	0	0.975	0	0	0.975	0	0	0.975	0	0	62.0916370035077	1	1642.5	4479	False	False	0	0	0	0	0	0	0	0	0	62.0916370035077	0	0	0.000275786657608973	0.999953080279641	0.999738608085756	0.999998812096234								3) Uncertain significance		New Uncertain			no			0	3							False					unresolved
Isoniazid	inhA	c.-744G>A	inhA_c.-744G>A	1	upstream_gene_variant	1673458	1	7	0	7	0	7	20846	27461	0	0	0.00017694296670111	0.999745158002038	0.999474999027776	0.999897534357495	0	0	0.409616397225003	0	0	0.409616397225003	0	0	0.409616397225003	0	0	0.914121240039481	0.0219749245408003	156	5574	False	False	0	0	0.914121240039481	0	0	0.00017694296670111	0.999745158002038	0.999474999027776	0.999897534357495	3) Uncertain significance	3) Uncertain significance	ALL+WHO	3) Uncertain significance	1	7	0	7	0	7	13374	21306	0	0	0.000275786657608973	0.99967156195749	0.999323409938814	0.999867941002665	0	0	0.409616397225003	0	0	0.409616397225003	0	0	0.409616397225003	0	0	1.10552510564584	0.0484388314759391	130.5	4479	False	False	0	0	0	0	0	0	0	0	0	1.10552510564584	0	0	0.000275786657608973	0.99967156195749	0.999323409938814	0.999867941002665								3) Uncertain significance		No change			no			1	3							False					unresolved
Isoniazid	inhA	c.-752C>A	inhA_c.-752C>A	1	upstream_gene_variant	1673450	0	0	0	0	1	0	20845	27468	4.79708337330902e-05	1.21451561977598e-06	0.000267247072972983	1	0.999865711673152	1	1	0.025	1											2933	5574	False	False	Inf	0.0337859573643402	Inf	0	0	0.000176951454458875	1	0.999865711673152	1	3) Uncertain significance	3) Uncertain significance	ALL+WHO	3) Uncertain significance																																0	0	0	0	0	0	0																	3) Uncertain significance		No change			no			1	3							False					unresolved
Isoniazid	inhA	c.-752C>G	inhA_c.-752C>G	1	upstream_gene_variant	1673450	1	0	0	0	0	1	20846	27467	0	0	0.00017694296670111	0.999963594000291	0.999797175631493	0.999999078280314	0	0	0.975				0	0	0.975					2882	5574	False	False	0	0	51.3484236392164	0	0	0.00017694296670111	0.999963594000291	0.999797175631493	0.999999078280314	3) Uncertain significance	3) Uncertain significance	ALL+WHO	3) Uncertain significance	1	0	0	0	0	1	13374	21312	0	0	0.000275786657608973	0.999953080279641	0.999738608085756	0.999998812096234	0	0	0.975				0	0	0.975					2354	4479	False	False	0	0	0	0	0	0	0	0	0	62.0916370035077	0	0	0.000275786657608973	0.999953080279641	0.999738608085756	0.999998812096234								3) Uncertain significance		No change			no			1	3							False					unresolved
Isoniazid	inhA	c.-752C>T	inhA_c.-752C>T	1	upstream_gene_variant	1673450	1	9	1	8	2	8	20844	27460	9.59416674661805e-05	1.16191922227078e-05	0.000346530862189542	0.99970875200233	0.999426206431739	0.999874251669172	0.2	0.0252107263268333	0.556095462307641	0.111111111111111	0.00280913674659921	0.482496514917337	0.111111111111111	0.00280913674659921	0.482496514917337	0.164675686048743	0.00371531310870844	1.22851949923573	0.0876215428892141	292	5574	False	False	0.329351372097486	0.0340635477373695	1.6506834450398	4.79731350443751e-05	1.21457388386244e-06	0.000267259892247036	0.99970875200233	0.999426206431739	0.999874251669172	3) Uncertain significance	3) Uncertain significance	ALL+WHO	3) Uncertain significance	1	5	1	4	2	4	13372	21309	0.000149543891132047	1.81109721013608e-05	0.000540098445265982	0.999812321118566	0.999519537882235	0.999948861529775	0.333333333333333	0.0432718682927417	0.777221904496487	0.2	0.00505076337946806	0.716417936118089	0.2	0.00505076337946806	0.716417936118089	0.398388423571642	0.00809336568447121	4.02652314751319	0.655132754654363	996	4479	False	False	0	0	0	0	0	0	0	0.796776847143284	0.0720475461928349	5.56077695166295	7.47775368279368e-05	1.89320152683959e-06	0.000416562561410248	0.999812321118566	0.999519537882235	0.999948861529775	2							3) Uncertain significance		No change			no			1	3							False					unresolved
Isoniazid	inhA	c.-756G>A	inhA_c.-756G>A	1	upstream_gene_variant	1673446	1	2	0	2	0	2	20846	27466	0	0	0.00017694296670111	0.999927188000582	0.999737003036386	0.999991182007438	0	0	0.841886116991581	0	0	0.841886116991581	0	0	0.841886116991581	0	0	7.01598871232251	0.509382802952132	994	5574	False	False	0	0	7.01598871232251	0	0	0.00017694296670111	0.999927188000582	0.999737003036386	0.999991182007438	3) Uncertain significance	3) Uncertain significance	ALL+WHO	3) Uncertain significance	1	2	0	2	0	2	13374	21311	0	0	0.000275786657608973	0.999906160559283	0.999661061221376	0.999988635406343	0	0	0.841886116991581	0	0	0.841886116991581	0	0	0.841886116991581	0	0	8.48535171137227	0.526178307844236	803	4479	False	False	0	0	0	0	0	0	0	0	0	8.48535171137227	0	0	0.000275786657608973	0.999906160559283	0.999661061221376	0.999988635406343								3) Uncertain significance		New Uncertain			no			0	3							False					unresolved
Isoniazid	inhA	c.75C>A	inhA_c.75C>A	1	synonymous_variant	"(see ""Genomic_coordinates"" sheet)"					2	0	20844	27468	9.59416674661805e-05	1.16191922227078e-05	0.000346530862189542	1	0.999865711673152	1	1	0.158113883008419	1													False	False	Inf	0.247471899512553	Inf							3) Uncertain significance	3) Uncertain significance	ALL+WHO	3) Uncertain significance					2	0	13372	21313	0.000149543891132047	1.81109721013608e-05	0.000540098445265982	1	0.999826933785262	1	1	0.158113883008419	1													False	False	0	0	0	0	0	0	0	Inf	0.299307766452077	Inf													Silent mutation	4) Not assoc w R - Interim		Now listed		Silent mutation	no			0	4							False					unresolved
Isoniazid	inhA	c.762G>A	inhA_c.762G>A	1	synonymous_variant	"(see ""Genomic_coordinates"" sheet)"	1				0	1	20846	27467	0	0	0.00017694296670111	0.999963594000291	0.999797175631493	0.999999078280314	0	0	0.975													False	False	0	0	51.3484236392164							3) Uncertain significance	3) Uncertain significance	ALL+WHO	3) Uncertain significance	1				0	1	13374	21312	0	0	0.000275786657608973	0.999953080279641	0.999738608085756	0.999998812096234	0	0	0.975													False	False	0	0	0	0	0	0	0	0	0	62.0916370035077													Silent mutation	4) Not assoc w R - Interim		Now listed		Silent mutation	no			0	4							False					unresolved
Isoniazid	inhA	c.-764G>A	inhA_c.-764G>A	1	upstream_gene_variant	1673438	1	1	0	1	2	1	20844	27467	9.59416674661805e-05	1.16191922227078e-05	0.000346530862189542	0.999963594000291	0.999797175631493	0.999999078280314	0.666666666666666	0.0942993240502461	0.991596241340387	0	0	0.975	0	0	0.975	0	0	51.3533466119536	1	2027.5	5574	False	False	2.63548263289195	0.137183409715989	155.34952410964	0	0	0.000176959943030976	0.999963594000291	0.999797175631493	0.999999078280314	3) Uncertain significance	3) Uncertain significance	ALL+WHO	3) Uncertain significance	1	1	0	1	1	1	13373	21312	7.47719455660236e-05	1.89305996861207e-06	0.000416531419540481	0.999953080279641	0.999738608085756	0.999998812096234	0.5	0.012579117093425	0.987420882906574	0	0	0.975	0	0	0.975	0	0	62.0962755582318	1	1642.5	4479	False	False	0	0	0	0	0	0	0	1.59365886487699	0.0203005577541163	124.983813232444	0	0	0.000275807277411719	0.999953080279641	0.999738608085756	0.999998812096234								3) Uncertain significance		No change			no			1	3							False					unresolved
Isoniazid	inhA	c.-766C>A	inhA_c.-766C>A	1	upstream_gene_variant	1673436	0	0	0	0	1	0	20845	27468	4.79708337330902e-05	1.21451561977598e-06	0.000267247072972983	1	0.999865711673152	1	1	0.025	1											2858	5574	False	False	Inf	0.0337859573643402	Inf	0	0	0.000176951454458875	1	0.999865711673152	1	3) Uncertain significance	3) Uncertain significance	ALL+WHO	3) Uncertain significance	0	0	0	0	1	0	13373	21313	7.47719455660236e-05	1.89305996861207e-06	0.000416531419540481	1	0.999826933785262	1	1	0.025	1											2333	4479	False	False	0	0	0	0	0	0	0	Inf	0.0408616897784423	Inf	0	0	0.000275807277411719	1	0.999826933785262	1	1							3) Uncertain significance		New Uncertain			no			0	3							False					unresolved
Isoniazid	inhA	c.-767T>C	inhA_c.-767T>C	1	upstream_gene_variant	1673435	0	0	0	0	2	0	20844	27468	9.59416674661805e-05	1.16191922227078e-05	0.000346530862189542	1	0.999865711673152	1	1	0.158113883008419	1											2867	5574	False	False	Inf	0.247471899512553	Inf	0	0	0.000176959943030976	1	0.999865711673152	1	3) Uncertain significance	3) Uncertain significance	ALL+WHO	3) Uncertain significance	0	0	0	0	2	0	13372	21313	0.000149543891132047	1.81109721013608e-05	0.000540098445265982	1	0.999826933785262	1	1	0.158113883008419	1											2340	4479	False	False	0	0	0	0	0	0	0	Inf	0.299307766452077	Inf	0	0	0.000275827900298067	1	0.999826933785262	1								3) Uncertain significance		No change			no			1	3							False					unresolved
Isoniazid	inhA	c.-76G>A	inhA_c.-76G>A	1	upstream_gene_variant	1674126	1	1	0	1	0	1	20846	27467	0	0	0.00017694296670111	0.999963594000291	0.999797175631493	0.999999078280314	0	0	0.975	0	0	0.975	0	0	0.975	0	0	51.3484236392164	1	2027.5	5574	False	False	0	0	51.3484236392164	0	0	0.00017694296670111	0.999963594000291	0.999797175631493	0.999999078280314	3) Uncertain significance	3) Uncertain significance	ALL+WHO	3) Uncertain significance	1	1	0	1	0	1	13374	21312	0	0	0.000275786657608973	0.999953080279641	0.999738608085756	0.999998812096234	0	0	0.975	0	0	0.975	0	0	0.975	0	0	62.0916370035077	1	1642.5	4479	False	False	0	0	0	0	0	0	0	0	0	62.0916370035077	0	0	0.000275786657608973	0.999953080279641	0.999738608085756	0.999998812096234	1							3) Uncertain significance		No change			no			1	3							False					unresolved
Isoniazid	inhA	c.-770T>A	inhA_c.-770T>A	1	upstream_gene_variant	1673432	1	17	12	5	166	8	20680	27460	0.00796315839969298	0.00680164362644315	0.00926485695183265	0.99970875200233	0.999426206431739	0.999874251669172	0.954022988505747	0.911419313755657	0.979944235012798	0.705882352941176	0.440417281245662	0.89686448562968	0.6	0.360542587307489	0.808809939274692	3.18684719535783	1.04483202667106	11.5464411595993	0.0266238590281171	173	5574	False	False	27.5529497098646	13.6601280577168	64.885713857043	0.0005799342741156	0.000299695262529016	0.00101280910128856	0.99970875200233	0.999426206431739	0.999874251669172	3) Uncertain significance	3) Uncertain significance	ALL+WHO	3) Uncertain significance	1	14	9	5	91	6	13283	21307	0.00680424704650815	0.00548178976840049	0.00834762639917274	0.999718481677849	0.999387354605726	0.999896680954833	0.938144329896907	0.870216339001163	0.976964002717552	0.642857142857142	0.351380110615991	0.87240157014084	0.6	0.322869766206281	0.836635676140486	2.88734472634194	0.868722668870486	10.9693993248319	0.0559903837134369	141	4479	False	False	0	0	0	0	0	0	0	24.32855278677	10.7538920677453	68.1574141999951	0.000677099006921456	0.000309658036947439	0.00128495394354497	0.999718481677849	0.999387354605726	0.999896680954833	67			Assoc w RI		Marker of R	WHO-endorsed gDST assay	2) Assoc w R - Interim	Alias fabG1_c.-8T>A. Low-level resistance (multiple, genetically linked low-level resistance mutations are additive and confer high-level resistance)	No change			yes	WHO-end. gDST	F, I	1	2							False					unresolved
Isoniazid	inhA	c.-770T>C	inhA_c.-770T>C	1	upstream_gene_variant	1673432	1	24	10	14	388	17	20458	27451	0.018612683488439	0.0168213820405976	0.0205399513284281	0.999381098004951	0.999009262277189	0.999639426758727	0.958024691358024	0.933642589004973	0.975360777934188	0.416666666666666	0.221096905346678	0.633569354343637	0.37037037037037	0.194007158715135	0.576320427495704	0.958444478583299	0.380772702272104	2.32058223750872	1	2027.5	5574	False	False	30.6251200450851	18.8711816068919	53.1242137027661	0.000488567520031268	0.00023431118505675	0.0008983089112201	0.999381098004951	0.999009262277189	0.999639426758727	3) Uncertain significance	3) Uncertain significance	ALL+WHO	3) Uncertain significance	1	20	9	11	201	12	13173	21301	0.0150291610587707	0.0130357849364298	0.0172374191276901	0.999436963355698	0.999016695060306	0.999709037985722	0.943661971830986	0.90365734320649	0.970553841572112	0.45	0.230577896775924	0.684721866959451	0.428571428571428	0.21819685688513	0.659793690719725	1.32301608662346	0.48443762440796	3.51287490895968	0.646181197333981	994	4479	False	False	0	0	0	0	0	0	0	27.0850793289303	15.1552028671243	53.309687117259	0.000682749203459262	0.00031224242513154	0.00129567322588386	0.999436963355698	0.999016695060306	0.999709037985722	55			Assoc w RI		Marker of R	WHO-endorsed gDST assay	2) Assoc w R - Interim	Alias fabG1_c.-8T>C. Low-level resistance (multiple, genetically linked low-level resistance mutations are additive and confer high-level resistance)	No change			yes	WHO-end. gDST	F, J	1	2							False					unresolved
Isoniazid	inhA	c.-770T>G	inhA_c.-770T>G	1	upstream_gene_variant	1673432	1	3	3	0	19	0	20827	27468	0.000911445840928715	0.000548836318218138	0.00142297127227785	1	0.999865711673152	1	1	0.823533088193034	1	1	0.292401773821286	1	1	0.292401773821286	1	Inf	0.544944835107701	Inf	0.0802130063479926	276	5574	False	False	Inf	6.15281557358538	Inf	0.000144023043686989	2.97019989197563e-05	0.000420838186784513	1	0.999865711673152	1	3) Uncertain significance	3) Uncertain significance	ALL+WHO	3) Uncertain significance	1	1	1	0	6	0	13368	21313	0.000448631673396141	0.000164657143425453	0.000976224581517196	1	0.999826933785262	1	1	0.540741873560099	1	1	0.025	1	1	0.025	1	Inf	0.0408769722035076	Inf	0.385473732772043	479.5	4479	False	False	0	0	0	0	0	0	0	Inf	1.87681913692541	Inf	7.47999102401077e-05	1.89376797152033e-06	0.000416687175469531	1	0.999826933785262	1	2					Marker of R	WHO-endorsed gDST assay	2) Assoc w R - Interim	Alias fabG1_c.-8T>G. Low-level resistance (multiple, genetically linked low-level resistance mutations are additive and confer high-level resistance)	UP from Uncertain to AwRI			yes	WHO-end. gDST	F, K	4	2							False					unresolved
Isoniazid	inhA	c.-771G>A	inhA_c.-771G>A	1	upstream_gene_variant	1673431	0	0	0	0	5	0	20841	27468	0.000239854168665451	7.78844354195375e-05	0.000559650096554077	1	0.999865711673152	1	1	0.478176249895018	1											2874	5574	False	False	Inf	1.20760984683633	Inf	0	0	0.000176985413634466	1	0.999865711673152	1	3) Uncertain significance	3) Uncertain significance	ALL+WHO	3) Uncertain significance	0	0	0	0	2	0	13372	21313	0.000149543891132047	1.81109721013608e-05	0.000540098445265982	1	0.999826933785262	1	1	0.158113883008419	1											2347	4479	False	False	0	0	0	0	0	0	0	Inf	0.299307766452077	Inf	0	0	0.000275827900298067	1	0.999826933785262	1	2							3) Uncertain significance		No change			no			1	3							False					unresolved
Isoniazid	inhA	c.777C>T	inhA_c.777C>T	1	synonymous_variant	"(see ""Genomic_coordinates"" sheet)"					1	0	20845	27468	4.79708337330902e-05	1.21451561977598e-06	0.000267247072972983	1	0.999865711673152	1	1	0.025	1													False	False	Inf	0.0337859573643402	Inf							3) Uncertain significance	3) Uncertain significance	ALL+WHO	3) Uncertain significance					1	0	13373	21313	7.47719455660236e-05	1.89305996861207e-06	0.000416531419540481	1	0.999826933785262	1	1	0.025	1													False	False	0	0	0	0	0	0	0	Inf	0.0408616897784423	Inf													Silent mutation	4) Not assoc w R - Interim		Now listed		Silent mutation	no			0	4							False					unresolved
Isoniazid	inhA	c.-777C>T	inhA_c.-777C>T	1	upstream_gene_variant	1673425	1	1112	976	136	4449	161	16397	27307	0.213422239278518	0.207876554970914	0.21904795069176	0.994138634046891	0.99316340913719	0.995006976120627	0.965075921908893	0.959364835822138	0.970187546595791	0.877697841726618	0.856986774563693	0.896385318820128	0.858399296394019	0.836768013513882	0.878156427092355	11.9514473594524	9.96806946890599	14.4222215705404	1.32614968861587e-259	3	5574	True	False	46.0199479756371	39.2710122334902	54.3086350095898	0.0561791285327807	0.0528007982595569	0.0597069676360048	0.994138634046891	0.99316340913719	0.995006976120627	1) Assoc w R	1) Assoc w R	ALL+WHO	1) Assoc w R	1	730	633	97	2976	113	10398	21200	0.222521310004486	0.215495558599208	0.229667991282605	0.994698071599493	0.993629041091926	0.995628522831882	0.963418582065393	0.956182829852728	0.96975856800893	0.867123287671232	0.840327333885659	0.890908414175953	0.8485254691689	0.820756424252325	0.873503490397435	13.3050963408902	10.7112691839411	16.6711315453634	1.57875459644027e-195	3	4479	True	False	0	0	0	0	0	0	0	53.6958264608408	44.4123445599485	65.5219011924346	0.0573837367419091	0.0531155638040624	0.0618873460847544	0.994698071599493	0.993629041091926	0.995628522831882	616			Assoc w R		Marker of R		1) Assoc w R	Alias fabG1_c.-15C>T. Low-level resistance (multiple, genetically linked low-level resistance mutations are additive and confer high-level resistance)	No change			yes		F, L	1	1							False					unresolved
Isoniazid	inhA	c.-778A>G	inhA_c.-778A>G	1	upstream_gene_variant	1673424	1	0	0	0	0	1	20846	27467	0	0	0.00017694296670111	0.999963594000291	0.999797175631493	0.999999078280314	0	0	0.975				0	0	0.975					2914	5574	False	False	0	0	51.3484236392164	0	0	0.00017694296670111	0.999963594000291	0.999797175631493	0.999999078280314	3) Uncertain significance	3) Uncertain significance	ALL+WHO	3) Uncertain significance																																0	0	0	0	0	0	0													Assoc w RI		Marker of R	WHO-endorsed gDST assay	2) Assoc w R - Interim	Alias fabG1_c.-16A>G. Low-level resistance (multiple, genetically linked low-level resistance mutations are additive and confer high-level resistance)	no change			yes	WHO-end. gDST	F, M	1	2							False					unresolved
Isoniazid	inhA	c.-779G>T	inhA_c.-779G>T	1	upstream_gene_variant	1673423	1	56	33	23	339	26	20507	27442	0.0162621126355176	0.0145888637253057	0.0180721490485002	0.999053444007572	0.998613381560132	0.999381587946625	0.928767123287671	0.897367369343834	0.952943638740981	0.589285714285714	0.449764917401547	0.719028475615399	0.559322033898305	0.424036659239704	0.688448997593276	1.91999338507953	1.09346307574473	3.42572286740439	0.020739581124508	149	5574	False	False	17.4477720553206	11.6899566544449	27.1175135028899	0.00160662122687439	0.00110617421459099	0.00225556049112711	0.999053444007572	0.998613381560132	0.999381587946625	3) Uncertain significance	3) Uncertain significance	ALL+WHO	3) Uncertain significance	1	34	18	16	122	19	13252	21294	0.00912217735905488	0.00758100826556867	0.0108822389430857	0.999108525313189	0.998608200368116	0.999463191365845	0.865248226950354	0.797590994342756	0.916880164621471	0.529411764705882	0.351292837051412	0.702213333581803	0.486486486486486	0.31921410648154	0.656003184334233	1.80770827044974	0.869798930694136	3.79068529307506	0.110723274361851	194	4479	False	False	0	0	0	0	0	0	0	10.3176799529763	6.32685444779675	17.7311030498189	0.00135644310474755	0.000804106051480674	0.0021429209404041	0.999108525313189	0.998608200368116	0.999463191365845	178					Marker of R	WHO-endorsed gDST assay	2) Assoc w R - Interim	Alias fabG1_c.-17G>T. Low-level resistance (multiple, genetically linked low-level resistance mutations are additive and confer high-level resistance)	UP from Uncertain to AwRI			yes	WHO-end. gDST	F, N	4	2							False					unresolved
Isoniazid	inhA	c.780C>T	inhA_c.780C>T	1	synonymous_variant	"(see ""Genomic_coordinates"" sheet)"	1				0	1	20846	27467	0	0	0.00017694296670111	0.999963594000291	0.999797175631493	0.999999078280314	0	0	0.975													False	False	0	0	51.3484236392164							3) Uncertain significance	3) Uncertain significance	ALL+WHO	3) Uncertain significance	1				0	1	13374	21312	0	0	0.000275786657608973	0.999953080279641	0.999738608085756	0.999998812096234	0	0	0.975													False	False	0	0	0	0	0	0	0	0	0	62.0916370035077													Silent mutation	4) Not assoc w R - Interim		Now listed		Silent mutation	no			0	4							False					unresolved
Isoniazid	inhA	c.-781G>T	inhA_c.-781G>T	1	upstream_gene_variant	1673421	1	1	0	1	0	1	20846	27467	0	0	0.00017694296670111	0.999963594000291	0.999797175631493	0.999999078280314	0	0	0.975	0	0	0.975	0	0	0.975	0	0	51.3484236392164	1	2027.5	5574	False	False	0	0	51.3484236392164	0	0	0.00017694296670111	0.999963594000291	0.999797175631493	0.999999078280314	3) Uncertain significance	3) Uncertain significance	ALL+WHO	3) Uncertain significance																																0	0	0	0	0	0	0																	3) Uncertain significance		New Uncertain			no			0	3							False					unresolved
Isoniazid	inhA	c.-782C>T	inhA_c.-782C>T	1	upstream_gene_variant	1673420	1	1	0	1	1	1	20845	27467	4.79708337330902e-05	1.21451561977598e-06	0.000267247072972983	0.999963594000291	0.999797175631493	0.999999078280314	0.5	0.012579117093425	0.987420882906574	0	0	0.975	0	0	0.975	0	0	51.3508850075945	1	2027.5	5574	False	False	1.31767810026385	0.0167927522337569	103.35711725526	0	0	0.000176951454458875	0.999963594000291	0.999797175631493	0.999999078280314	3) Uncertain significance	3) Uncertain significance	ALL+WHO	3) Uncertain significance	0	0	0	0	1	0	13373	21313	7.47719455660236e-05	1.89305996861207e-06	0.000416531419540481	1	0.999826933785262	1	1	0.025	1											2362	4479	False	False	0	0	0	0	0	0	0	Inf	0.0408616897784423	Inf	0	0	0.000275807277411719	1	0.999826933785262	1								3) Uncertain significance		No change			no			1	3							False					unresolved
Isoniazid	inhA	c.783C>T	inhA_c.783C>T	1	synonymous_variant	"(see ""Genomic_coordinates"" sheet)"					1	0	20845	27468	4.79708337330902e-05	1.21451561977598e-06	0.000267247072972983	1	0.999865711673152	1	1	0.025	1													False	False	Inf	0.0337859573643402	Inf							3) Uncertain significance	3) Uncertain significance	ALL+WHO	3) Uncertain significance					1	0	13373	21313	7.47719455660236e-05	1.89305996861207e-06	0.000416531419540481	1	0.999826933785262	1	1	0.025	1													False	False	0	0	0	0	0	0	0	Inf	0.0408616897784423	Inf							1						Silent mutation	4) Not assoc w R - Interim		Now listed		Silent mutation	no			0	4							False					unresolved
Isoniazid	inhA	c.-783G>A	inhA_c.-783G>A	1	upstream_gene_variant	1673419	1	2	0	2	1	2	20845	27466	4.79708337330902e-05	1.21451561977598e-06	0.000267247072972983	0.999927188000582	0.999737003036386	0.999991182007438	0.333333333333333	0.00840375865961264	0.905700675949754	0	0	0.841886116991581	0	0	0.841886116991581	0	0	7.01632529799099	0.509386028876591	1135.5	5574	False	False	0.658815063564403	0.011171855707321	12.6567401482543	0	0	0.000176951454458875	0.999927188000582	0.999737003036386	0.999991182007438	3) Uncertain significance	3) Uncertain significance	ALL+WHO	3) Uncertain significance	1	2	0	2	1	2	13373	21311	7.47719455660236e-05	1.89305996861207e-06	0.000416531419540481	0.999906160559283	0.999661061221376	0.999988635406343	0.333333333333333	0.00840375865961264	0.905700675949754	0	0	0.841886116991581	0	0	0.841886116991581	0	0	8.48598624162872	0.526186417038858	925	4479	False	False	0	0	0	0	0	0	0	0.796792043670081	0.0135099696349484	15.307558728263	0	0	0.000275807277411719	0.999906160559283	0.999661061221376	0.999988635406343								3) Uncertain significance		No change			no			1	3							False					unresolved
Isoniazid	inhA	c.786C>A	inhA_c.786C>A	1	synonymous_variant	"(see ""Genomic_coordinates"" sheet)"	1				2	5	20844	27463	9.59416674661805e-05	1.16191922227078e-05	0.000346530862189542	0.999817970001456	0.999575254267103	0.999940892797913	0.285714285714285	0.0366925661760855	0.709579136262657													False	False	0.527019765879869	0.0501829950712842	3.21985261870185							3) Uncertain significance	3) Uncertain significance	ALL+WHO	3) Uncertain significance					1	0	13373	21313	7.47719455660236e-05	1.89305996861207e-06	0.000416531419540481	1	0.999826933785262	1	1	0.025	1													False	False	0	0	0	0	0	0	0	Inf	0.0408616897784423	Inf							1						Silent mutation	4) Not assoc w R - Interim		Now listed		Silent mutation	no			0	4							False					unresolved
Isoniazid	inhA	c.789C>T	inhA_c.789C>T	1	synonymous_variant	"(see ""Genomic_coordinates"" sheet)"	1				1	1	20845	27467	4.79708337330902e-05	1.21451561977598e-06	0.000267247072972983	0.999963594000291	0.999797175631493	0.999999078280314	0.5	0.012579117093425	0.987420882906574													False	False	1.31767810026385	0.0167927522337569	103.35711725526							3) Uncertain significance	3) Uncertain significance	ALL+WHO	3) Uncertain significance	1				1	1	13373	21312	7.47719455660236e-05	1.89305996861207e-06	0.000416531419540481	0.999953080279641	0.999738608085756	0.999998812096234	0.5	0.012579117093425	0.987420882906574													False	False	0	0	0	0	0	0	0	1.59365886487699	0.0203005577541163	124.983813232444													Silent mutation	4) Not assoc w R - Interim		Now listed		Silent mutation	no			0	4							False					unresolved
Isoniazid	inhA	c.-789G>C	inhA_c.-789G>C	1	upstream_gene_variant	1673413	1	2	0	2	0	4	20846	27464	0	0	0.00017694296670111	0.999854376001165	0.999627187086024	0.999960320981843	0	0	0.602364635616474	0	0	0.841886116991581	0	0	0.602364635616474	0	0	7.01547785354097	0.509377906736075	843	5574	False	False	0	0	1.99604811372315	0	0	0.00017694296670111	0.999854376001165	0.999627187086024	0.999960320981843	3) Uncertain significance	3) Uncertain significance	ALL+WHO	3) Uncertain significance	1	2	0	2	0	4	13374	21309	0	0	0.000275786657608973	0.999812321118566	0.999519537882235	0.999948861529775	0	0	0.602364635616474	0	0	0.841886116991581	0	0	0.602364635616474	0	0	8.48455543336434	0.526168130935474	674.5	4479	False	False	0	0	0	0	0	0	0	0	0	2.41420404242617	0	0	0.000275786657608973	0.999812321118566	0.999519537882235	0.999948861529775								3) Uncertain significance		No change			no			1	3							False					unresolved
Isoniazid	inhA	c.-792C>T	inhA_c.-792C>T	1	upstream_gene_variant	1673410	0	0	0	0	1	0	20845	27468	4.79708337330902e-05	1.21451561977598e-06	0.000267247072972983	1	0.999865711673152	1	1	0.025	1											2886	5574	False	False	Inf	0.0337859573643402	Inf	0	0	0.000176951454458875	1	0.999865711673152	1	3) Uncertain significance	3) Uncertain significance	ALL+WHO	3) Uncertain significance																																0	0	0	0	0	0	0																	3) Uncertain significance		No change			no			1	3							False					unresolved
Isoniazid	inhA	c.-793C>T	inhA_c.-793C>T	1	upstream_gene_variant	1673409	1	1	0	1	1	1	20845	27467	4.79708337330902e-05	1.21451561977598e-06	0.000267247072972983	0.999963594000291	0.999797175631493	0.999999078280314	0.5	0.012579117093425	0.987420882906574	0	0	0.975	0	0	0.975	0	0	51.3508850075945	1	2027.5	5574	False	False	1.31767810026385	0.0167927522337569	103.35711725526	0	0	0.000176951454458875	0.999963594000291	0.999797175631493	0.999999078280314	3) Uncertain significance	3) Uncertain significance	ALL+WHO	3) Uncertain significance	1	1	0	1	1	1	13373	21312	7.47719455660236e-05	1.89305996861207e-06	0.000416531419540481	0.999953080279641	0.999738608085756	0.999998812096234	0.5	0.012579117093425	0.987420882906574	0	0	0.975	0	0	0.975	0	0	62.0962755582318	1	1642.5	4479	False	False	0	0	0	0	0	0	0	1.59365886487699	0.0203005577541163	124.983813232444	0	0	0.000275807277411719	0.999953080279641	0.999738608085756	0.999998812096234								3) Uncertain significance		No change			no			1	3							False					unresolved
Isoniazid	inhA	c.-794G>T	inhA_c.-794G>T	1	upstream_gene_variant	1673408	0	0	0	0	1	0	20845	27468	4.79708337330902e-05	1.21451561977598e-06	0.000267247072972983	1	0.999865711673152	1	1	0.025	1											2920	5574	False	False	Inf	0.0337859573643402	Inf	0	0	0.000176951454458875	1	0.999865711673152	1	3) Uncertain significance	3) Uncertain significance	ALL+WHO	3) Uncertain significance																																0	0	0	0	0	0	0																	3) Uncertain significance		No change			no			1	3							False					unresolved
Isoniazid	inhA	c.-796C>G	inhA_c.-796C>G	1	upstream_gene_variant	1673406	1	1	0	1	10	1	20836	27467	0.000479708337330902	0.000230061997553563	0.000882023176671562	0.999963594000291	0.999797175631493	0.999999078280314	0.909090909090909	0.587220083011617	0.997701027786185	0	0	0.975	0	0	0.975	0	0	51.3730479462142	1	2027.5	5574	False	False	13.1824726435016	1.87489573468025	570.603433894195	0	0	0.000177027880937939	0.999963594000291	0.999797175631493	0.999999078280314	3) Uncertain significance	3) Uncertain significance	ALL+WHO	3) Uncertain significance	1	1	0	1	4	1	13370	21312	0.000299087782264094	8.14971745887464e-05	0.000765604832862923	0.999953080279641	0.999738608085756	0.999998812096234	0.8	0.28358206388191	0.994949236620532	0	0	0.975	0	0	0.975	0	0	62.1101953816142	1	1642.5	4479	False	False	0	0	0	0	0	0	0	6.37606581899775	0.630846560224411	313.513380938872	0	0	0.000275869155324334	0.999953080279641	0.999738608085756	0.999998812096234	2							3) Uncertain significance		No change			no			1	3							False					unresolved
Isoniazid	inhA	c.-796C>T	inhA_c.-796C>T	1	upstream_gene_variant	1673406	1	1	0	1	33	2	20813	27466	0.00158303751319197	0.00108993298100569	0.00222246155345815	0.999927188000582	0.999737003036386	0.999991182007438	0.942857142857142	0.80842859365476	0.99300323637169	0	0	0.975	0	0	0.841886116991581	0	0	51.4279027312939	1	1253.5	5574	False	False	21.7743237399702	5.56776246726548	186.879643262492	0	0	0.000177223493316982	0.999927188000582	0.999737003036386	0.999991182007438	3) Uncertain significance	3) Uncertain significance	ALL+WHO	3) Uncertain significance	1	1	0	1	20	2	13354	21311	0.00149543891132047	0.000913684725149316	0.00230864386780147	0.999906160559283	0.999661061221376	0.999988635406343	0.909090909090909	0.708387258446066	0.988794413975849	0	0	0.975	0	0	0.841886116991581	0	0	62.1816251175163	1	1642.5	4479	False	False	0	0	0	0	0	0	0	15.9585143028306	3.8754856357723	140.762033959198	0	0	0.000276199640337768	0.999906160559283	0.999661061221376	0.999988635406343	2							3) Uncertain significance		No change			no			1	3							False					unresolved
Isoniazid	inhA	c.-796delC	inhA_c.-796delC	1	upstream_gene_variant	1673405	1	1	1	0	11	0	20835	27468	0.000527679171063993	0.000263444034397523	0.000943967185544106	1	0.999865711673152	1	1	0.715085847081845	1	1	0.025	1	1	0.025	1	Inf	0.0338021728163356	Inf	0.431351440874461	597.5	5574	False	False	Inf	3.30816067473776	Inf	4.79938567863313e-05	1.21509851230904e-06	0.000267375321079624	1	0.999865711673152	1	3) Uncertain significance	3) Uncertain significance	ALL+WHO	3) Uncertain significance	0	0	0	0	9	0	13365	21313	0.000672947510094212	0.000307759154923187	0.00127707788784856	1	0.999826933785262	1	1	0.663732883120057	1											2364	4479	False	False	0	0	0	0	0	0	0	Inf	3.14671336895126	Inf	0	0	0.000275972346901473	1	0.999826933785262	1	1							3) Uncertain significance		New Uncertain			no			0	3							False					unresolved
Isoniazid	inhA	c.-797T>G	inhA_c.-797T>G	1	upstream_gene_variant	1673405	0	0	0	0	1	0	20845	27468	4.79708337330902e-05	1.21451561977598e-06	0.000267247072972983	1	0.999865711673152	1	1	0.025	1											2915	5574	False	False	Inf	0.0337859573643402	Inf	0	0	0.000176951454458875	1	0.999865711673152	1	3) Uncertain significance	3) Uncertain significance	ALL+WHO	3) Uncertain significance	0	0	0	0	1	0	13373	21313	7.47719455660236e-05	1.89305996861207e-06	0.000416531419540481	1	0.999826933785262	1	1	0.025	1											2377	4479	False	False	0	0	0	0	0	0	0	Inf	0.0408616897784423	Inf	0	0	0.000275807277411719	1	0.999826933785262	1	1							3) Uncertain significance		New Uncertain			no			0	3							False					unresolved
Isoniazid	inhA	c.-800_-787delATTTCGGCCCGGCC	inhA_c.-800_-787delATTTCGGCCCGGCC	1	upstream_gene_variant	1673401	0	0	0	0	1	0	20845	27468	4.79708337330902e-05	1.21451561977598e-06	0.000267247072972983	1	0.999865711673152	1	1	0.025	1											2936	5574	False	False	Inf	0.0337859573643402	Inf	0	0	0.000176951454458875	1	0.999865711673152	1	3) Uncertain significance	3) Uncertain significance	ALL+WHO	3) Uncertain significance																																0	0	0	0	0	0	0																	3) Uncertain significance		No change			no			1	3							False					unresolved
Isoniazid	inhA	c.-801G>A	inhA_c.-801G>A	1	upstream_gene_variant	1673401	1	27	0	27	0	27	20846	27441	0	0	0.00017694296670111	0.999017038007863	0.998570161716172	0.99935212504807	0	0	0.127702867615432	0	0	0.127702867615432	0	0	0.127702867615432	0	0	0.192769550418274	3.26939158002718e-07	28	5574	True	False	0	0	0.192769550418274	0	0	0.00017694296670111	0.999017038007863	0.998570161716172	0.99935212504807	3) Uncertain significance	3) Uncertain significance	ALL+WHO	3) Uncertain significance	1	25	0	25	0	25	13374	21288	0	0	0.000275786657608973	0.998827006991038	0.998268914575298	0.99924076142744	0	0	0.137185171530712	0	0	0.137185171530712	0	0	0.137185171530712	0	0	0.253145616016219	9.21131248854085e-06	26	4479	True	False	0	0	0	0	0	0	0	0	0	0.253145616016219	0	0	0.000275786657608973	0.998827006991038	0.998268914575298	0.99924076142744								3) Uncertain significance		No change			no			1	3							False					unresolved
Isoniazid	inhA	c.-807C>G	inhA_c.-807C>G	1	upstream_gene_variant	1673395	0	0	0	0	1	0	20845	27468	4.79708337330902e-05	1.21451561977598e-06	0.000267247072972983	1	0.999865711673152	1	1	0.025	1											2877	5574	False	False	Inf	0.0337859573643402	Inf	0	0	0.000176951454458875	1	0.999865711673152	1	3) Uncertain significance	3) Uncertain significance	ALL+WHO	3) Uncertain significance	0	0	0	0	1	0	13373	21313	7.47719455660236e-05	1.89305996861207e-06	0.000416531419540481	1	0.999826933785262	1	1	0.025	1											2351	4479	False	False	0	0	0	0	0	0	0	Inf	0.0408616897784423	Inf	0	0	0.000275807277411719	1	0.999826933785262	1								3) Uncertain significance		No change			no			1	3							False					unresolved
Isoniazid	inhA	c.-808A>G	inhA_c.-808A>G	1	upstream_gene_variant	1673394	0	0	0	0	1	0	20845	27468	4.79708337330902e-05	1.21451561977598e-06	0.000267247072972983	1	0.999865711673152	1	1	0.025	1											2868	5574	False	False	Inf	0.0337859573643402	Inf	0	0	0.000176951454458875	1	0.999865711673152	1	3) Uncertain significance	3) Uncertain significance	ALL+WHO	3) Uncertain significance	0	0	0	0	1	0	13373	21313	7.47719455660236e-05	1.89305996861207e-06	0.000416531419540481	1	0.999826933785262	1	1	0.025	1											2341	4479	False	False	0	0	0	0	0	0	0	Inf	0.0408616897784423	Inf	0	0	0.000275807277411719	1	0.999826933785262	1								3) Uncertain significance		No change			no			1	3							False					unresolved
Isoniazid	inhA	c.-809G>A	inhA_c.-809G>A	1	upstream_gene_variant	1673393	1	2	2	0	28	0	20818	27468	0.00134318334452652	0.000892715366584833	0.00194069331308385	1	0.999865711673152	1	1	0.876563881499736	1	1	0.158113883008419	1	1	0.158113883008419	1	Inf	0.247780952409768	Inf	0.185896472182705	375	5574	False	False	Inf	9.36739739964436	Inf	9.60614793467819e-05	1.16337025251025e-05	0.000346963555365898	1	0.999865711673152	1	3) Uncertain significance	3) Uncertain significance	ALL+WHO	3) Uncertain significance	1	2	2	0	26	0	13348	21313	0.00194407058471661	0.00127031229682009	0.00284722547593808	1	0.999826933785262	1	1	0.867725395502245	1	1	0.158113883008419	1	1	0.158113883008419	1	Inf	0.299846165954366	Inf	0.148323591761903	196	4479	False	False	0	0	0	0	0	0	0	Inf	10.4705082475809	Inf	0.000149812734082397	1.81435320764836e-05	0.000541069218763811	1	0.999826933785262	1								3) Uncertain significance		No change			no			1	3							False					unresolved
Isoniazid	inhA	c.-809G>C	inhA_c.-809G>C	1	upstream_gene_variant	1673393	1	40	2	38	34	38	20812	27430	0.00163100834692506	0.00112977696955073	0.00227843192161994	0.998616572011067	0.998101626446224	0.999020823782757	0.472222222222222	0.353329724056671	0.593470923474326	0.05	0.00611364659935083	0.169196863959417	0.05	0.00611364659935083	0.169196863959417	0.0693678748090676	0.00809533853934851	0.268481733359251	1.30907252280175e-07	26	5574	True	False	1.17925387175415	0.719850413121581	1.92477436338018	9.60891707504564e-05	1.16370562046397e-05	0.000347063561133648	0.998616572011067	0.998101626446224	0.999020823782757	3) Uncertain significance	3) Uncertain significance	ALL+WHO	3) Uncertain significance	1	28	2	26	31	26	13343	21287	0.00231793031254673	0.00157544783409477	0.0032885173900642	0.99878008727068	0.998213052481404	0.999202962580054	0.543859649122807	0.406559746004523	0.676445823627575	0.0714285714285714	0.00877049670352713	0.23503477317459	0.0714285714285714	0.00877049670352713	0.23503477317459	0.122720642918499	0.0140842537645883	0.490330031851262	0.00029867194021679	46	4479	True	False	0	0	0	0	0	0	0	1.90216996523674	1.09242709982193	3.33685327486596	0.000149868864743349	1.81503301458933e-05	0.000541271902653665	0.99878008727068	0.998213052481404	0.999202962580054								3) Uncertain significance		No change			no			1	3							False					unresolved
Isoniazid	inhA	c.-813C>T	inhA_c.-813C>T	1	upstream_gene_variant	1673389	1	1	0	1	0	1	20846	27467	0	0	0.00017694296670111	0.999963594000291	0.999797175631493	0.999999078280314	0	0	0.975	0	0	0.975	0	0	0.975	0	0	51.3484236392164	1	2027.5	5574	False	False	0	0	51.3484236392164	0	0	0.00017694296670111	0.999963594000291	0.999797175631493	0.999999078280314	3) Uncertain significance	3) Uncertain significance	ALL+WHO	3) Uncertain significance	1	1	0	1	0	1	13374	21312	0	0	0.000275786657608973	0.999953080279641	0.999738608085756	0.999998812096234	0	0	0.975	0	0	0.975	0	0	0.975	0	0	62.0916370035077	1	1642.5	4479	False	False	0	0	0	0	0	0	0	0	0	62.0916370035077	0	0	0.000275786657608973	0.999953080279641	0.999738608085756	0.999998812096234								3) Uncertain significance		No change			no			1	3							False					unresolved
Isoniazid	inhA	c.-88T>A	inhA_c.-88T>A	1	upstream_gene_variant	1674114	0	0	0	0	2	0	20844	27468	9.59416674661805e-05	1.16191922227078e-05	0.000346530862189542	1	0.999865711673152	1	1	0.158113883008419	1											2899	5574	False	False	Inf	0.247471899512553	Inf	0	0	0.000176959943030976	1	0.999865711673152	1	3) Uncertain significance	3) Uncertain significance	ALL+WHO	3) Uncertain significance																																0	0	0	0	0	0	0																	3) Uncertain significance		No change			no			1	3							False					unresolved
Isoniazid	inhA	c.-93C>T	inhA_c.-93C>T	1	upstream_gene_variant	1674109	1	0	0	0	0	2	20846	27466	0	0	0.00017694296670111	0.999927188000582	0.999737003036386	0.999991182007438	0	0	0.841886116991581				0	0	0.841886116991581					2917	5574	False	False	0	0	7.01598871232251	0	0	0.00017694296670111	0.999927188000582	0.999737003036386	0.999991182007438	3) Uncertain significance	3) Uncertain significance	ALL+WHO	3) Uncertain significance																																0	0	0	0	0	0	0																	3) Uncertain significance		No change			no			1	3							False					unresolved
Isoniazid	inhA	c.-94C>T	inhA_c.-94C>T	1	upstream_gene_variant	1674108	1	2	0	2	0	2	20846	27466	0	0	0.00017694296670111	0.999927188000582	0.999737003036386	0.999991182007438	0	0	0.841886116991581	0	0	0.841886116991581	0	0	0.841886116991581	0	0	7.01598871232251	0.509382802952132	994	5574	False	False	0	0	7.01598871232251	0	0	0.00017694296670111	0.999927188000582	0.999737003036386	0.999991182007438	3) Uncertain significance	3) Uncertain significance	ALL+WHO	3) Uncertain significance	1	1	0	1	0	1	13374	21312	0	0	0.000275786657608973	0.999953080279641	0.999738608085756	0.999998812096234	0	0	0.975	0	0	0.975	0	0	0.975	0	0	62.0916370035077	1	1642.5	4479	False	False	0	0	0	0	0	0	0	0	0	62.0916370035077	0	0	0.000275786657608973	0.999953080279641	0.999738608085756	0.999998812096234								3) Uncertain significance		No change			no			1	3							False					unresolved
Isoniazid	inhA	c.99C>A	inhA_c.99C>A	1	synonymous_variant	"(see ""Genomic_coordinates"" sheet)"					3	0	20843	27468	0.00014391250119927	2.96792008899536e-05	0.000420515224128061	1	0.999865711673152	1	1	0.292401773821286	1													False	False	Inf	0.544526627735454	Inf							3) Uncertain significance	3) Uncertain significance	ALL+WHO	3) Uncertain significance					1	0	13373	21313	7.47719455660236e-05	1.89305996861207e-06	0.000416531419540481	1	0.999826933785262	1	1	0.025	1													False	False	0	0	0	0	0	0	0	Inf	0.0408616897784423	Inf													Silent mutation	4) Not assoc w R - Interim		Now listed		Silent mutation	no			0	4							False					unresolved
Isoniazid	inhA	c.9A>C	inhA_c.9A>C	1	synonymous_variant	"(see ""Genomic_coordinates"" sheet)"					104	263	20742	27205	0.00498896670824138	0.00407811239997398	0.00604177370329819	0.990425222076598	0.989202012948825	0.991542936197213	0.283378746594005	0.237822718461702	0.332469125998704													False	True	0.518651563129566	0.408953951282973	0.653761842680473							5) Not assoc w R	5) Not assoc w R	WHO	5) Not assoc w R					57	181	13317	21132	0.00426200089726334	0.00322954826143706	0.00551843583144895	0.991507530615117	0.990182714802478	0.992695526212641	0.239495798319327	0.186727371678288	0.298877578954869													False	True	0	1	1	0	0	0	0	0.499724316984438	0.364066160531709	0.677037172733116							4							5) Not assoc w R		Now listed		Silent mutation	no			0	5							False					unresolved
Isoniazid	inhA	p.Ala114Gly	inhA_p.Ala114Gly	1	missense_variant	"(see ""Genomic_coordinates"" sheet)"	1	1	0	1	0	1	20846	27467	0	0	0.00017694296670111	0.999963594000291	0.999797175631493	0.999999078280314	0	0	0.975	0	0	0.975	0	0	0.975	0	0	51.3484236392164	1	2027.5	5574	False	False	0	0	51.3484236392164	0	0	0.00017694296670111	0.999963594000291	0.999797175631493	0.999999078280314	3) Uncertain significance	3) Uncertain significance	ALL+WHO	3) Uncertain significance																																0	0	0	0	0	0	0																	3) Uncertain significance		No change			no			1	3	[114]	A	G	114.0	114.0	12.516	True	False	False	False	False	distal
Isoniazid	inhA	p.Ala114Thr	inhA_p.Ala114Thr	1	missense_variant	"(see ""Genomic_coordinates"" sheet)"	0	0	0	0	2	0	20844	27468	9.59416674661805e-05	1.16191922227078e-05	0.000346530862189542	1	0.999865711673152	1	1	0.158113883008419	1											2903	5574	False	False	Inf	0.247471899512553	Inf	0	0	0.000176959943030976	1	0.999865711673152	1	3) Uncertain significance	3) Uncertain significance	ALL+WHO	3) Uncertain significance	0	0	0	0	2	0	13372	21313	0.000149543891132047	1.81109721013608e-05	0.000540098445265982	1	0.999826933785262	1	1	0.158113883008419	1											2367	4479	False	False	0	0	0	0	0	0	0	Inf	0.299307766452077	Inf	0	0	0.000275827900298067	1	0.999826933785262	1								3) Uncertain significance		New Uncertain			no			0	3	[114]	A	T	114.0	114.0	12.516	True	False	False	False	False	distal
Isoniazid	inhA	p.Ala124Val	inhA_p.Ala124Val	1	missense_variant	"(see ""Genomic_coordinates"" sheet)"	0	0	0	0	1	0	20845	27468	4.79708337330902e-05	1.21451561977598e-06	0.000267247072972983	1	0.999865711673152	1	1	0.025	1											2860	5574	False	False	Inf	0.0337859573643402	Inf	0	0	0.000176951454458875	1	0.999865711673152	1	3) Uncertain significance	3) Uncertain significance	ALL+WHO	3) Uncertain significance	0	0	0	0	1	0	13373	21313	7.47719455660236e-05	1.89305996861207e-06	0.000416531419540481	1	0.999826933785262	1	1	0.025	1											2335	4479	False	False	0	0	0	0	0	0	0	Inf	0.0408616897784423	Inf	0	0	0.000275807277411719	1	0.999826933785262	1								3) Uncertain significance		No change			no			1	3	[124]	A	V	124.0	124.0	8.137	True	False	False	False	False	distal
Isoniazid	inhA	p.Ala133Thr	inhA_p.Ala133Thr	1	missense_variant	"(see ""Genomic_coordinates"" sheet)"	1	1	0	1	2	1	20844	27467	9.59416674661805e-05	1.16191922227078e-05	0.000346530862189542	0.999963594000291	0.999797175631493	0.999999078280314	0.666666666666666	0.0942993240502461	0.991596241340387	0	0	0.975	0	0	0.975	0	0	51.3533466119536	1	2027.5	5574	False	False	2.63548263289195	0.137183409715989	155.34952410964	0	0	0.000176959943030976	0.999963594000291	0.999797175631493	0.999999078280314	3) Uncertain significance	3) Uncertain significance	ALL+WHO	3) Uncertain significance	0	0	0	0	2	0	13372	21313	0.000149543891132047	1.81109721013608e-05	0.000540098445265982	1	0.999826933785262	1	1	0.158113883008419	1											2348	4479	False	False	0	0	0	0	0	0	0	Inf	0.299307766452077	Inf	0	0	0.000275827900298067	1	0.999826933785262	1								3) Uncertain significance		No change			no			1	3	[133]	A	T	133.0	133.0	12.467	True	False	False	False	False	distal
Isoniazid	inhA	p.Ala190Ser	inhA_p.Ala190Ser	1	missense_variant	"(see ""Genomic_coordinates"" sheet)"	1	2	0	2	4	3	20842	27465	0.000191883334932361	5.22841461271422e-05	0.000491224000965345	0.999890782000873	0.99968085216583	0.999977476056514	0.571428571428571	0.184051567640083	0.901011721557492	0	0	0.841886116991581	0	0	0.707598226178713	0	0	7.01707977037795	0.509393260941204	1185	5574	False	False	1.75702907590442	0.297192930207644	11.9979296337129	0	0	0.000176976922618654	0.999890782000873	0.99968085216583	0.999977476056514	3) Uncertain significance	3) Uncertain significance	ALL+WHO	3) Uncertain significance	1	2	0	2	3	3	13371	21310	0.00022431583669807	4.6261707448018e-05	0.000655404732399905	0.999859240838924	0.999588697652472	0.999970971136275	0.5	0.118117248757025	0.881882751242974	0	0	0.841886116991581	0	0	0.707598226178713	0	0	8.48685735854804	0.526197549940579	959	4479	False	False	0	0	0	0	0	0	0	1.59374766285244	0.213424225946693	11.9045637110481	0	0	0.000275848526268708	0.999859240838924	0.999588697652472	0.999970971136275								3) Uncertain significance		No change			no			1	3	[190]	A	S	190.0	190.0	5.64	True	True	False	False	True	shell
Isoniazid	inhA	p.Ala191Thr	inhA_p.Ala191Thr	1	missense_variant	"(see ""Genomic_coordinates"" sheet)"	0	0	0	0	1	0	20845	27468	4.79708337330902e-05	1.21451561977598e-06	0.000267247072972983	1	0.999865711673152	1	1	0.025	1											2939	5574	False	False	Inf	0.0337859573643402	Inf	0	0	0.000176951454458875	1	0.999865711673152	1	3) Uncertain significance	3) Uncertain significance	ALL+WHO	3) Uncertain significance																																0	0	0	0	0	0	0																	3) Uncertain significance		No change			no			1	3	[191]	A	T	191.0	191.0	3.23	True	True	False	False	True	contact
Isoniazid	inhA	p.Ala201Thr	inhA_p.Ala201Thr	1	missense_variant	"(see ""Genomic_coordinates"" sheet)"	0	0	0	0	1	0	20845	27468	4.79708337330902e-05	1.21451561977598e-06	0.000267247072972983	1	0.999865711673152	1	1	0.025	1											2918	5574	False	False	Inf	0.0337859573643402	Inf	0	0	0.000176951454458875	1	0.999865711673152	1	3) Uncertain significance	3) Uncertain significance	ALL+WHO	3) Uncertain significance	0	0	0	0	1	0	13373	21313	7.47719455660236e-05	1.89305996861207e-06	0.000416531419540481	1	0.999826933785262	1	1	0.025	1											2379	4479	False	False	0	0	0	0	0	0	0	Inf	0.0408616897784423	Inf	0	0	0.000275807277411719	1	0.999826933785262	1								3) Uncertain significance		No change			no			1	3	[201]	A	T	201.0	201.0	10.092	True	False	False	False	False	distal
Isoniazid	inhA	p.Ala213Val	inhA_p.Ala213Val	1	missense_variant	"(see ""Genomic_coordinates"" sheet)"	1	1	0	1	0	2	20846	27466	0	0	0.00017694296670111	0.999927188000582	0.999737003036386	0.999991182007438	0	0	0.841886116991581	0	0	0.975	0	0	0.841886116991581	0	0	51.3465557483136	1	2027.5	5574	False	False	0	0	7.01598871232251	0	0	0.00017694296670111	0.999927188000582	0.999737003036386	0.999991182007438	3) Uncertain significance	3) Uncertain significance	ALL+WHO	3) Uncertain significance	1	1	0	1	0	2	13374	21311	0	0	0.000275786657608973	0.999906160559283	0.999661061221376	0.999988635406343	0	0	0.841886116991581	0	0	0.975	0	0	0.841886116991581	0	0	62.0887265075828	1	1642.5	4479	False	False	0	0	0	0	0	0	0	0	0	8.48535171137227	0	0	0.000275786657608973	0.999906160559283	0.999661061221376	0.999988635406343								3) Uncertain significance		No change			no			1	3	[213]	A	V	213.0	213.0	12.342	True	False	False	False	False	distal
Isoniazid	inhA	p.Ala22Ser	inhA_p.Ala22Ser	1	missense_variant	"(see ""Genomic_coordinates"" sheet)"	0	0	0	0	2	1	20844	27467	9.59416674661805e-05	1.16191922227078e-05	0.000346530862189542	0.999963594000291	0.999797175631493	0.999999078280314	0.666666666666666	0.0942993240502461	0.991596241340387				0	0	0.975					2908	5574	False	False	2.63548263289195	0.137183409715989	155.34952410964	0	0	0.000176959943030976	0.999963594000291	0.999797175631493	0.999999078280314	3) Uncertain significance	3) Uncertain significance	ALL+WHO	3) Uncertain significance	0	0	0	0	2	1	13372	21312	0.000149543891132047	1.81109721013608e-05	0.000540098445265982	0.999953080279641	0.999738608085756	0.999998812096234	0.666666666666666	0.0942993240502461	0.991596241340387				0	0	0.975					2372	4479	False	False	0	0	0	0	0	0	0	3.18755608734669	0.165916091907768	187.852707212672	0	0	0.000275827900298067	0.999953080279641	0.999738608085756	0.999998812096234								3) Uncertain significance		No change			no			1	3	[22]	A	S	22.0	22.0	4.553	True	True	False	False	True	shell
Isoniazid	inhA	p.Ala235Thr	inhA_p.Ala235Thr	1	missense_variant	"(see ""Genomic_coordinates"" sheet)"	0	0	0	0	1	0	20845	27468	4.79708337330902e-05	1.21451561977598e-06	0.000267247072972983	1	0.999865711673152	1	1	0.025	1											2893	5574	False	False	Inf	0.0337859573643402	Inf	0	0	0.000176951454458875	1	0.999865711673152	1	3) Uncertain significance	3) Uncertain significance	ALL+WHO	3) Uncertain significance	0	0	0	0	1	0	13373	21313	7.47719455660236e-05	1.89305996861207e-06	0.000416531419540481	1	0.999826933785262	1	1	0.025	1											2363	4479	False	False	0	0	0	0	0	0	0	Inf	0.0408616897784423	Inf	0	0	0.000275807277411719	1	0.999826933785262	1								3) Uncertain significance		No change			no			1	3	[235]	A	T	235.0	235.0	7.387	True	True	False	False	True	shell
Isoniazid	inhA	p.Ala235Val	inhA_p.Ala235Val	1	missense_variant	"(see ""Genomic_coordinates"" sheet)"	1	2	0	2	0	2	20846	27466	0	0	0.00017694296670111	0.999927188000582	0.999737003036386	0.999991182007438	0	0	0.841886116991581	0	0	0.841886116991581	0	0	0.841886116991581	0	0	7.01598871232251	0.509382802952132	994	5574	False	False	0	0	7.01598871232251	0	0	0.00017694296670111	0.999927188000582	0.999737003036386	0.999991182007438	3) Uncertain significance	3) Uncertain significance	ALL+WHO	3) Uncertain significance	1	1	0	1	0	1	13374	21312	0	0	0.000275786657608973	0.999953080279641	0.999738608085756	0.999998812096234	0	0	0.975	0	0	0.975	0	0	0.975	0	0	62.0916370035077	1	1642.5	4479	False	False	0	0	0	0	0	0	0	0	0	62.0916370035077	0	0	0.000275786657608973	0.999953080279641	0.999738608085756	0.999998812096234								3) Uncertain significance		No change			no			1	3	[235]	A	V	235.0	235.0	7.387	True	True	False	False	True	shell
Isoniazid	inhA	p.Ala239Thr	inhA_p.Ala239Thr	1	missense_variant	"(see ""Genomic_coordinates"" sheet)"	0	0	0	0	2	0	20844	27468	9.59416674661805e-05	1.16191922227078e-05	0.000346530862189542	1	0.999865711673152	1	1	0.158113883008419	1											2921	5574	False	False	Inf	0.247471899512553	Inf	0	0	0.000176959943030976	1	0.999865711673152	1	3) Uncertain significance	3) Uncertain significance	ALL+WHO	3) Uncertain significance	0	0	0	0	1	0	13373	21313	7.47719455660236e-05	1.89305996861207e-06	0.000416531419540481	1	0.999826933785262	1	1	0.025	1											2380	4479	False	False	0	0	0	0	0	0	0	Inf	0.0408616897784423	Inf	0	0	0.000275807277411719	1	0.999826933785262	1								3) Uncertain significance		No change			no			1	3	[239]	A	T	239.0	239.0	10.054	True	False	False	False	False	distal
Isoniazid	inhA	p.Ala239Val	inhA_p.Ala239Val	1	missense_variant	"(see ""Genomic_coordinates"" sheet)"	0	0	0	0	17	0	20829	27468	0.000815504173462534	0.000475130725961031	0.00130538114673077	1	0.999865711673152	1	1	0.804935677030906	1											2940	5574	False	False	Inf	5.44096997305453	Inf	0	0	0.000177087369412526	1	0.999865711673152	1	3) Uncertain significance	3) Uncertain significance	ALL+WHO	3) Uncertain significance	0	0	0	0	10	0	13364	21313	0.000747719455660236	0.000358616922835118	0.00137465137870696	1	0.999826933785262	1	1	0.691502892181239	1											2392	4479	False	False	0	0	0	0	0	0	0	Inf	3.57391601991246	Inf	0	0	0.000275992994481552	1	0.999826933785262	1	5							3) Uncertain significance		No change			no			1	3	[239]	A	V	239.0	239.0	10.054	True	False	False	False	False	distal
Isoniazid	inhA	p.Ala252Thr	inhA_p.Ala252Thr	1	missense_variant	"(see ""Genomic_coordinates"" sheet)"	1	0	0	0	0	1	20846	27467	0	0	0.00017694296670111	0.999963594000291	0.999797175631493	0.999999078280314	0	0	0.975				0	0	0.975					2934	5574	False	False	0	0	51.3484236392164	0	0	0.00017694296670111	0.999963594000291	0.999797175631493	0.999999078280314	3) Uncertain significance	3) Uncertain significance	ALL+WHO	3) Uncertain significance	1	0	0	0	0	1	13374	21312	0	0	0.000275786657608973	0.999953080279641	0.999738608085756	0.999998812096234	0	0	0.975				0	0	0.975					2389	4479	False	False	0	0	0	0	0	0	0	0	0	62.0916370035077	0	0	0.000275786657608973	0.999953080279641	0.999738608085756	0.999998812096234								3) Uncertain significance		New Uncertain			no			0	3	[252]	A	T	252.0	252.0	22.25	True	False	False	False	False	distal
Isoniazid	inhA	p.Ala252Val	inhA_p.Ala252Val	1	missense_variant	"(see ""Genomic_coordinates"" sheet)"	1	4	2	2	2	2	20844	27466	9.59416674661805e-05	1.16191922227078e-05	0.000346530862189542	0.999927188000582	0.999737003036386	0.999991182007438	0.5	0.067585986488543	0.932414013511457	0.5	0.067585986488543	0.932414013511457	0.5	0.067585986488543	0.932414013511457	1.3176933410094	0.0955278435529395	18.1762534351792	1	2027.5	5574	False	False	1.3176933410094	0.0955278435529395	18.1762534351792	9.59416674661805e-05	1.16191922227078e-05	0.000346530862189542	0.999927188000582	0.999737003036386	0.999991182007438	3) Uncertain significance	3) Uncertain significance	ALL+WHO	3) Uncertain significance	1	4	2	2	2	2	13372	21311	0.000149543891132047	1.81109721013608e-05	0.000540098445265982	0.999906160559283	0.999661061221376	0.999988635406343	0.5	0.067585986488543	0.932414013511457	0.5	0.067585986488543	0.932414013511457	0.5	0.067585986488543	0.932414013511457	1.59370326054442	0.115491055908661	21.9865025501046	0.642231504025548	993	4479	False	False	0	0	0	0	0	0	0	1.59370326054442	0.115491055908661	21.9865025501046	0.000149543891132047	1.81109721013608e-05	0.000540098445265982	0.999906160559283	0.999661061221376	0.999988635406343								3) Uncertain significance		No change			no			1	3	[252]	A	V	252.0	252.0	22.25	True	False	False	False	False	distal
Isoniazid	inhA	p.Ala26Thr	inhA_p.Ala26Thr	1	missense_variant	"(see ""Genomic_coordinates"" sheet)"	0	0	0	0	1	0	20845	27468	4.79708337330902e-05	1.21451561977598e-06	0.000267247072972983	1	0.999865711673152	1	1	0.025	1											2898	5574	False	False	Inf	0.0337859573643402	Inf	0	0	0.000176951454458875	1	0.999865711673152	1	3) Uncertain significance	3) Uncertain significance	ALL+WHO	3) Uncertain significance	0	0	0	0	1	0	13373	21313	7.47719455660236e-05	1.89305996861207e-06	0.000416531419540481	1	0.999826933785262	1	1	0.025	1											2365	4479	False	False	0	0	0	0	0	0	0	Inf	0.0408616897784423	Inf	0	0	0.000275807277411719	1	0.999826933785262	1								3) Uncertain significance		New Uncertain			no			0	3	[26]	A	T	26.0	26.0	10.552	True	False	False	False	False	distal
Isoniazid	inhA	p.Ala58Val	inhA_p.Ala58Val	1	missense_variant	"(see ""Genomic_coordinates"" sheet)"	1	2	0	2	0	2	20846	27466	0	0	0.00017694296670111	0.999927188000582	0.999737003036386	0.999991182007438	0	0	0.841886116991581	0	0	0.841886116991581	0	0	0.841886116991581	0	0	7.01598871232251	0.509382802952132	994	5574	False	False	0	0	7.01598871232251	0	0	0.00017694296670111	0.999927188000582	0.999737003036386	0.999991182007438	3) Uncertain significance	3) Uncertain significance	ALL+WHO	3) Uncertain significance	1	2	0	2	0	2	13374	21311	0	0	0.000275786657608973	0.999906160559283	0.999661061221376	0.999988635406343	0	0	0.841886116991581	0	0	0.841886116991581	0	0	0.841886116991581	0	0	8.48535171137227	0.526178307844236	803	4479	False	False	0	0	0	0	0	0	0	0	0	8.48535171137227	0	0	0.000275786657608973	0.999906160559283	0.999661061221376	0.999988635406343								3) Uncertain significance		No change			no			1	3	[58]	A	V	58.0	58.0	15.259	True	False	False	False	False	distal
Isoniazid	inhA	p.Arg27Trp	inhA_p.Arg27Trp	1	missense_variant	"(see ""Genomic_coordinates"" sheet)"	0	0	0	0	1	0	20845	27468	4.79708337330902e-05	1.21451561977598e-06	0.000267247072972983	1	0.999865711673152	1	1	0.025	1											2906	5574	False	False	Inf	0.0337859573643402	Inf	0	0	0.000176951454458875	1	0.999865711673152	1	3) Uncertain significance	3) Uncertain significance	ALL+WHO	3) Uncertain significance	0	0	0	0	1	0	13373	21313	7.47719455660236e-05	1.89305996861207e-06	0.000416531419540481	1	0.999826933785262	1	1	0.025	1											2370	4479	False	False	0	0	0	0	0	0	0	Inf	0.0408616897784423	Inf	0	0	0.000275807277411719	1	0.999826933785262	1								3) Uncertain significance		New Uncertain			no			0	3	[27]	R	W	27.0	27.0	12.339	True	False	False	False	False	distal
Isoniazid	inhA	p.Asn139Ser	inhA_p.Asn139Ser	1	missense_variant	"(see ""Genomic_coordinates"" sheet)"	1	2	0	2	0	2	20846	27466	0	0	0.00017694296670111	0.999927188000582	0.999737003036386	0.999991182007438	0	0	0.841886116991581	0	0	0.841886116991581	0	0	0.841886116991581	0	0	7.01598871232251	0.509382802952132	994	5574	False	False	0	0	7.01598871232251	0	0	0.00017694296670111	0.999927188000582	0.999737003036386	0.999991182007438	3) Uncertain significance	3) Uncertain significance	ALL+WHO	3) Uncertain significance	1	2	0	2	0	2	13374	21311	0	0	0.000275786657608973	0.999906160559283	0.999661061221376	0.999988635406343	0	0	0.841886116991581	0	0	0.841886116991581	0	0	0.841886116991581	0	0	8.48535171137227	0.526178307844236	803	4479	False	False	0	0	0	0	0	0	0	0	0	8.48535171137227	0	0	0.000275786657608973	0.999906160559283	0.999661061221376	0.999988635406343								3) Uncertain significance		No change			no			1	3	[139]	N	S	139.0	139.0	22.288	True	False	False	False	False	distal
Isoniazid	inhA	p.Asn139Tyr	inhA_p.Asn139Tyr	1	missense_variant	"(see ""Genomic_coordinates"" sheet)"	1	1	0	1	0	1	20846	27467	0	0	0.00017694296670111	0.999963594000291	0.999797175631493	0.999999078280314	0	0	0.975	0	0	0.975	0	0	0.975	0	0	51.3484236392164	1	2027.5	5574	False	False	0	0	51.3484236392164	0	0	0.00017694296670111	0.999963594000291	0.999797175631493	0.999999078280314	3) Uncertain significance	3) Uncertain significance	ALL+WHO	3) Uncertain significance	1	1	0	1	0	1	13374	21312	0	0	0.000275786657608973	0.999953080279641	0.999738608085756	0.999998812096234	0	0	0.975	0	0	0.975	0	0	0.975	0	0	62.0916370035077	1	1642.5	4479	False	False	0	0	0	0	0	0	0	0	0	62.0916370035077	0	0	0.000275786657608973	0.999953080279641	0.999738608085756	0.999998812096234								3) Uncertain significance		New Uncertain			no			0	3	[139]	N	Y	139.0	139.0	22.288	True	False	False	False	False	distal
Isoniazid	inhA	p.Asn231Asp	inhA_p.Asn231Asp	1	missense_variant	"(see ""Genomic_coordinates"" sheet)"	0	0	0	0	3	0	20843	27468	0.00014391250119927	2.96792008899536e-05	0.000420515224128061	1	0.999865711673152	1	1	0.292401773821286	1											2869	5574	False	False	Inf	0.544526627735454	Inf	0	0	0.00017696843241753	1	0.999865711673152	1	3) Uncertain significance	3) Uncertain significance	ALL+WHO	3) Uncertain significance	0	0	0	0	3	0	13371	21313	0.00022431583669807	4.6261707448018e-05	0.000655404732399905	1	0.999826933785262	1	1	0.292401773821286	1											2342	4479	False	False	0	0	0	0	0	0	0	Inf	0.65857349539183	Inf	0	0	0.000275848526268708	1	0.999826933785262	1								3) Uncertain significance		New Uncertain			no			0	3	[231]	N	D	231.0	231.0	8.796	True	False	False	False	False	distal
Isoniazid	inhA	p.Asn231Lys	inhA_p.Asn231Lys	1	missense_variant	"(see ""Genomic_coordinates"" sheet)"	1	1	0	1	0	1	20846	27467	0	0	0.00017694296670111	0.999963594000291	0.999797175631493	0.999999078280314	0	0	0.975	0	0	0.975	0	0	0.975	0	0	51.3484236392164	1	2027.5	5574	False	False	0	0	51.3484236392164	0	0	0.00017694296670111	0.999963594000291	0.999797175631493	0.999999078280314	3) Uncertain significance	3) Uncertain significance	ALL+WHO	3) Uncertain significance																																0	0	0	0	0	0	0																	3) Uncertain significance		No change			no			1	3	[231]	N	K	231.0	231.0	8.796	True	False	False	False	False	distal
Isoniazid	inhA	p.Asp248Asn	inhA_p.Asp248Asn	1	missense_variant	"(see ""Genomic_coordinates"" sheet)"	1	3	0	3	0	3	20846	27465	0	0	0.00017694296670111	0.999890782000873	0.99968085216583	0.999977476056514	0	0	0.707598226178713	0	0	0.707598226178713	0	0	0.707598226178713	0	0	3.18865318395302	0.264074204428198	489	5574	False	False	0	0	3.18865318395302	0	0	0.00017694296670111	0.999890782000873	0.99968085216583	0.999977476056514	3) Uncertain significance	3) Uncertain significance	ALL+WHO	3) Uncertain significance	1	2	0	2	0	2	13374	21311	0	0	0.000275786657608973	0.999906160559283	0.999661061221376	0.999988635406343	0	0	0.841886116991581	0	0	0.841886116991581	0	0	0.841886116991581	0	0	8.48535171137227	0.526178307844236	803	4479	False	False	0	0	0	0	0	0	0	0	0	8.48535171137227	0	0	0.000275786657608973	0.999906160559283	0.999661061221376	0.999988635406343								3) Uncertain significance		New Uncertain			no			0	3	[248]	D	N	248.0	248.0	21.472	True	False	False	False	False	distal
Isoniazid	inhA	p.Asp42Ala	inhA_p.Asp42Ala	1	missense_variant	"(see ""Genomic_coordinates"" sheet)"	1	1	0	1	0	1	20846	27467	0	0	0.00017694296670111	0.999963594000291	0.999797175631493	0.999999078280314	0	0	0.975	0	0	0.975	0	0	0.975	0	0	51.3484236392164	1	2027.5	5574	False	False	0	0	51.3484236392164	0	0	0.00017694296670111	0.999963594000291	0.999797175631493	0.999999078280314	3) Uncertain significance	3) Uncertain significance	ALL+WHO	3) Uncertain significance	1	1	0	1	0	1	13374	21312	0	0	0.000275786657608973	0.999953080279641	0.999738608085756	0.999998812096234	0	0	0.975	0	0	0.975	0	0	0.975	0	0	62.0916370035077	1	1642.5	4479	False	False	0	0	0	0	0	0	0	0	0	62.0916370035077	0	0	0.000275786657608973	0.999953080279641	0.999738608085756	0.999998812096234								3) Uncertain significance		New Uncertain			no			0	3	[42]	D	A	42.0	42.0	6.035	True	True	False	False	True	shell
Isoniazid	inhA	p.Asp52Gly	inhA_p.Asp52Gly	1	missense_variant	"(see ""Genomic_coordinates"" sheet)"	1	0	0	0	0	1	20846	27467	0	0	0.00017694296670111	0.999963594000291	0.999797175631493	0.999999078280314	0	0	0.975				0	0	0.975					2900	5574	False	False	0	0	51.3484236392164	0	0	0.00017694296670111	0.999963594000291	0.999797175631493	0.999999078280314	3) Uncertain significance	3) Uncertain significance	ALL+WHO	3) Uncertain significance																																0	0	0	0	0	0	0																	3) Uncertain significance		No change			no			1	3	[52]	D	G	52.0	52.0	13.979	True	False	False	False	False	distal
Isoniazid	inhA	p.Asp89Asn	inhA_p.Asp89Asn	1	missense_variant	"(see ""Genomic_coordinates"" sheet)"	1	1	0	1	0	1	20846	27467	0	0	0.00017694296670111	0.999963594000291	0.999797175631493	0.999999078280314	0	0	0.975	0	0	0.975	0	0	0.975	0	0	51.3484236392164	1	2027.5	5574	False	False	0	0	51.3484236392164	0	0	0.00017694296670111	0.999963594000291	0.999797175631493	0.999999078280314	3) Uncertain significance	3) Uncertain significance	ALL+WHO	3) Uncertain significance																																0	0	0	0	0	0	0										1							3) Uncertain significance		No change			no			1	3	[89]	D	N	89.0	89.0	18.904	True	False	False	False	False	distal
Isoniazid	inhA	p.Gln100His	inhA_p.Gln100His	1	missense_variant	"(see ""Genomic_coordinates"" sheet)"	1	1	0	1	0	1	20846	27467	0	0	0.00017694296670111	0.999963594000291	0.999797175631493	0.999999078280314	0	0	0.975	0	0	0.975	0	0	0.975	0	0	51.3484236392164	1	2027.5	5574	False	False	0	0	51.3484236392164	0	0	0.00017694296670111	0.999963594000291	0.999797175631493	0.999999078280314	3) Uncertain significance	3) Uncertain significance	ALL+WHO	3) Uncertain significance	1	1	0	1	0	1	13374	21312	0	0	0.000275786657608973	0.999953080279641	0.999738608085756	0.999998812096234	0	0	0.975	0	0	0.975	0	0	0.975	0	0	62.0916370035077	1	1642.5	4479	False	False	0	0	0	0	0	0	0	0	0	62.0916370035077	0	0	0.000275786657608973	0.999953080279641	0.999738608085756	0.999998812096234								3) Uncertain significance		No change			no			1	3	[100]	Q	H	100.0	100.0	11.791	True	False	False	False	False	distal
Isoniazid	inhA	p.Gln214Arg	inhA_p.Gln214Arg	1	missense_variant	"(see ""Genomic_coordinates"" sheet)"	1	1	0	1	0	1	20846	27467	0	0	0.00017694296670111	0.999963594000291	0.999797175631493	0.999999078280314	0	0	0.975	0	0	0.975	0	0	0.975	0	0	51.3484236392164	1	2027.5	5574	False	False	0	0	51.3484236392164	0	0	0.00017694296670111	0.999963594000291	0.999797175631493	0.999999078280314	3) Uncertain significance	3) Uncertain significance	ALL+WHO	3) Uncertain significance																																0	0	0	0	0	0	0																	3) Uncertain significance		No change			no			1	3	[214]	Q	R	214.0	214.0	9.26	True	False	False	False	False	distal
Isoniazid	inhA	p.Gln216Arg	inhA_p.Gln216Arg	1	missense_variant	"(see ""Genomic_coordinates"" sheet)"	1	1	0	1	0	1	20846	27467	0	0	0.00017694296670111	0.999963594000291	0.999797175631493	0.999999078280314	0	0	0.975	0	0	0.975	0	0	0.975	0	0	51.3484236392164	1	2027.5	5574	False	False	0	0	51.3484236392164	0	0	0.00017694296670111	0.999963594000291	0.999797175631493	0.999999078280314	3) Uncertain significance	3) Uncertain significance	ALL+WHO	3) Uncertain significance	1	1	0	1	0	1	13374	21312	0	0	0.000275786657608973	0.999953080279641	0.999738608085756	0.999998812096234	0	0	0.975	0	0	0.975	0	0	0.975	0	0	62.0916370035077	1	1642.5	4479	False	False	0	0	0	0	0	0	0	0	0	62.0916370035077	0	0	0.000275786657608973	0.999953080279641	0.999738608085756	0.999998812096234								3) Uncertain significance		New Uncertain			no			0	3	[216]	Q	R	216.0	216.0	10.239	True	False	False	False	False	distal
Isoniazid	inhA	p.Gln35Arg	inhA_p.Gln35Arg	1	missense_variant	"(see ""Genomic_coordinates"" sheet)"	1	17	1	16	3	16	20843	27452	0.00014391250119927	2.96792008899536e-05	0.000420515224128061	0.99941750400466	0.999054234895718	0.999667017718464	0.157894736842105	0.0338262490017646	0.395784551266674	0.0588235294117647	0.00148817439126663	0.28688939666722	0.0588235294117647	0.00148817439126663	0.28688939666722	0.082317804538694	0.0019671718395971	0.529997765117038	0.00110177912570309	77	5574	False	False	0.246953413616082	0.0461103487057789	0.862924537884952	4.79754365764728e-05	1.21463215353938e-06	0.000267272712750976	0.99941750400466	0.999054234895718	0.999667017718464	3) Uncertain significance	3) Uncertain significance	ALL+WHO	3) Uncertain significance	1	9	1	8	3	8	13371	21305	0.00022431583669807	4.6261707448018e-05	0.000655404732399905	0.999624642237132	0.999260530264256	0.999837933676441	0.272727272727272	0.0602177341729066	0.609742559572421	0.111111111111111	0.00280913674659921	0.482496514917337	0.111111111111111	0.00280913674659921	0.482496514917337	0.199171714905392	0.00449243397601649	1.48593520105351	0.167039176037349	273	4479	False	False	0	0	0	0	0	0	0	0.597515144716176	0.102061600869156	2.49011680409225	7.47831289261142e-05	1.89334310623943e-06	0.000416593707936992	0.999624642237132	0.999260530264256	0.999837933676441								3) Uncertain significance		No change			no			1	3	[35]	Q	R	35.0	35.0	18.231	True	False	False	False	False	distal
Isoniazid	inhA	p.Glu209Gly	inhA_p.Glu209Gly	1	missense_variant	"(see ""Genomic_coordinates"" sheet)"	0	0	0	0	2	0	20844	27468	9.59416674661805e-05	1.16191922227078e-05	0.000346530862189542	1	0.999865711673152	1	1	0.158113883008419	1											2894	5574	False	False	Inf	0.247471899512553	Inf	0	0	0.000176959943030976	1	0.999865711673152	1	3) Uncertain significance	3) Uncertain significance	ALL+WHO	3) Uncertain significance																																0	0	0	0	0	0	0																	3) Uncertain significance		No change			no			1	3	[209]	E	G	209.0	209.0	15.717	True	False	False	False	False	distal
Isoniazid	inhA	p.Glu219Ala	inhA_p.Glu219Ala	1	missense_variant	"(see ""Genomic_coordinates"" sheet)"	1	1	0	1	0	1	20846	27467	0	0	0.00017694296670111	0.999963594000291	0.999797175631493	0.999999078280314	0	0	0.975	0	0	0.975	0	0	0.975	0	0	51.3484236392164	1	2027.5	5574	False	False	0	0	51.3484236392164	0	0	0.00017694296670111	0.999963594000291	0.999797175631493	0.999999078280314	3) Uncertain significance	3) Uncertain significance	ALL+WHO	3) Uncertain significance	1	1	0	1	0	1	13374	21312	0	0	0.000275786657608973	0.999953080279641	0.999738608085756	0.999998812096234	0	0	0.975	0	0	0.975	0	0	0.975	0	0	62.0916370035077	1	1642.5	4479	False	False	0	0	0	0	0	0	0	0	0	62.0916370035077	0	0	0.000275786657608973	0.999953080279641	0.999738608085756	0.999998812096234								3) Uncertain significance		New Uncertain			no			0	3	[219]	E	A	219.0	219.0	7.194	True	True	False	False	True	shell
Isoniazid	inhA	p.Glu31Lys	inhA_p.Glu31Lys	1	missense_variant	"(see ""Genomic_coordinates"" sheet)"	1	2	0	2	0	2	20846	27466	0	0	0.00017694296670111	0.999927188000582	0.999737003036386	0.999991182007438	0	0	0.841886116991581	0	0	0.841886116991581	0	0	0.841886116991581	0	0	7.01598871232251	0.509382802952132	994	5574	False	False	0	0	7.01598871232251	0	0	0.00017694296670111	0.999927188000582	0.999737003036386	0.999991182007438	3) Uncertain significance	3) Uncertain significance	ALL+WHO	3) Uncertain significance	1	2	0	2	0	2	13374	21311	0	0	0.000275786657608973	0.999906160559283	0.999661061221376	0.999988635406343	0	0	0.841886116991581	0	0	0.841886116991581	0	0	0.841886116991581	0	0	8.48535171137227	0.526178307844236	803	4479	False	False	0	0	0	0	0	0	0	0	0	8.48535171137227	0	0	0.000275786657608973	0.999906160559283	0.999661061221376	0.999988635406343								3) Uncertain significance		No change			no			1	3	[31]	E	K	31.0	31.0	16.64	True	False	False	False	False	distal
Isoniazid	inhA	p.Glu80Ala	inhA_p.Glu80Ala	1	missense_variant	"(see ""Genomic_coordinates"" sheet)"	1	1	0	1	0	1	20846	27467	0	0	0.00017694296670111	0.999963594000291	0.999797175631493	0.999999078280314	0	0	0.975	0	0	0.975	0	0	0.975	0	0	51.3484236392164	1	2027.5	5574	False	False	0	0	51.3484236392164	0	0	0.00017694296670111	0.999963594000291	0.999797175631493	0.999999078280314	3) Uncertain significance	3) Uncertain significance	ALL+WHO	3) Uncertain significance																																0	0	0	0	0	0	0																	3) Uncertain significance		No change			no			1	3	[80]	E	A	80.0	80.0	17.558	True	False	False	False	False	distal
Isoniazid	inhA	p.Gly141Arg	inhA_p.Gly141Arg	1	missense_variant	"(see ""Genomic_coordinates"" sheet)"	1	3	0	3	0	3	20846	27465	0	0	0.00017694296670111	0.999890782000873	0.99968085216583	0.999977476056514	0	0	0.707598226178713	0	0	0.707598226178713	0	0	0.707598226178713	0	0	3.18865318395302	0.264074204428198	489	5574	False	False	0	0	3.18865318395302	0	0	0.00017694296670111	0.999890782000873	0.99968085216583	0.999977476056514	3) Uncertain significance	3) Uncertain significance	ALL+WHO	3) Uncertain significance	1	3	0	3	0	3	13374	21310	0	0	0.000275786657608973	0.999859240838924	0.999588697652472	0.999970971136275	0	0	0.707598226178713	0	0	0.707598226178713	0	0	0.707598226178713	0	0	3.85651838973546	0.289267461766355	341	4479	False	False	0	0	0	0	0	0	0	0	0	3.85651838973546	0	0	0.000275786657608973	0.999859240838924	0.999588697652472	0.999970971136275								3) Uncertain significance		No change			no			1	3	[141]	G	R	141.0	141.0	22.122	True	False	False	False	False	distal
Isoniazid	inhA	p.Gly142Ser	inhA_p.Gly142Ser	1	missense_variant	"(see ""Genomic_coordinates"" sheet)"	1	1	0	1	0	1	20846	27467	0	0	0.00017694296670111	0.999963594000291	0.999797175631493	0.999999078280314	0	0	0.975	0	0	0.975	0	0	0.975	0	0	51.3484236392164	1	2027.5	5574	False	False	0	0	51.3484236392164	0	0	0.00017694296670111	0.999963594000291	0.999797175631493	0.999999078280314	3) Uncertain significance	3) Uncertain significance	ALL+WHO	3) Uncertain significance	1	1	0	1	0	1	13374	21312	0	0	0.000275786657608973	0.999953080279641	0.999738608085756	0.999998812096234	0	0	0.975	0	0	0.975	0	0	0.975	0	0	62.0916370035077	1	1642.5	4479	False	False	0	0	0	0	0	0	0	0	0	62.0916370035077	0	0	0.000275786657608973	0.999953080279641	0.999738608085756	0.999998812096234								3) Uncertain significance		No change			no			1	3	[142]	G	S	142.0	142.0	19.729	True	False	False	False	False	distal
Isoniazid	inhA	p.Gly183Arg	inhA_p.Gly183Arg	1	missense_variant	"(see ""Genomic_coordinates"" sheet)"	1	4	0	4	0	4	20846	27464	0	0	0.00017694296670111	0.999854376001165	0.999627187086024	0.999960320981843	0	0	0.602364635616474	0	0	0.602364635616474	0	0	0.602364635616474	0	0	1.99604811372315	0.139118032244638	322.5	5574	False	False	0	0	1.99604811372315	0	0	0.00017694296670111	0.999854376001165	0.999627187086024	0.999960320981843	3) Uncertain significance	3) Uncertain significance	ALL+WHO	3) Uncertain significance	1	4	0	4	0	4	13374	21309	0	0	0.000275786657608973	0.999812321118566	0.999519537882235	0.999948861529775	0	0	0.602364635616474	0	0	0.602364635616474	0	0	0.602364635616474	0	0	2.41420404242617	0.305473156458586	444	4479	False	False	0	0	0	0	0	0	0	0	0	2.41420404242617	0	0	0.000275786657608973	0.999812321118566	0.999519537882235	0.999948861529775								3) Uncertain significance		No change			no			1	3	[183]	G	R	183.0	183.0	23.703	True	False	False	False	False	distal
Isoniazid	inhA	p.Gly183Asp	inhA_p.Gly183Asp	1	missense_variant	"(see ""Genomic_coordinates"" sheet)"	1	4	0	4	0	4	20846	27464	0	0	0.00017694296670111	0.999854376001165	0.999627187086024	0.999960320981843	0	0	0.602364635616474	0	0	0.602364635616474	0	0	0.602364635616474	0	0	1.99604811372315	0.139118032244638	322.5	5574	False	False	0	0	1.99604811372315	0	0	0.00017694296670111	0.999854376001165	0.999627187086024	0.999960320981843	3) Uncertain significance	3) Uncertain significance	ALL+WHO	3) Uncertain significance	1	4	0	4	0	4	13374	21309	0	0	0.000275786657608973	0.999812321118566	0.999519537882235	0.999948861529775	0	0	0.602364635616474	0	0	0.602364635616474	0	0	0.602364635616474	0	0	2.41420404242617	0.305473156458586	444	4479	False	False	0	0	0	0	0	0	0	0	0	2.41420404242617	0	0	0.000275786657608973	0.999812321118566	0.999519537882235	0.999948861529775								3) Uncertain significance		No change			no			1	3	[183]	G	D	183.0	183.0	23.703	True	False	False	False	False	distal
Isoniazid	inhA	p.Gly183Ser	inhA_p.Gly183Ser	1	missense_variant	"(see ""Genomic_coordinates"" sheet)"	1	1	0	1	2	1	20844	27467	9.59416674661805e-05	1.16191922227078e-05	0.000346530862189542	0.999963594000291	0.999797175631493	0.999999078280314	0.666666666666666	0.0942993240502461	0.991596241340387	0	0	0.975	0	0	0.975	0	0	51.3533466119536	1	2027.5	5574	False	False	2.63548263289195	0.137183409715989	155.34952410964	0	0	0.000176959943030976	0.999963594000291	0.999797175631493	0.999999078280314	3) Uncertain significance	3) Uncertain significance	ALL+WHO	3) Uncertain significance	1	1	0	1	2	1	13372	21312	0.000149543891132047	1.81109721013608e-05	0.000540098445265982	0.999953080279641	0.999738608085756	0.999998812096234	0.666666666666666	0.0942993240502461	0.991596241340387	0	0	0.975	0	0	0.975	0	0	62.1009148060541	1	1642.5	4479	False	False	0	0	0	0	0	0	0	3.18755608734669	0.165916091907768	187.852707212672	0	0	0.000275827900298067	0.999953080279641	0.999738608085756	0.999998812096234								3) Uncertain significance		New Uncertain			no			0	3	[183]	G	S	183.0	183.0	23.703	True	False	False	False	False	distal
Isoniazid	inhA	p.Gly212Ser	inhA_p.Gly212Ser	1	missense_variant	"(see ""Genomic_coordinates"" sheet)"	1	1	0	1	0	1	20846	27467	0	0	0.00017694296670111	0.999963594000291	0.999797175631493	0.999999078280314	0	0	0.975	0	0	0.975	0	0	0.975	0	0	51.3484236392164	1	2027.5	5574	False	False	0	0	51.3484236392164	0	0	0.00017694296670111	0.999963594000291	0.999797175631493	0.999999078280314	3) Uncertain significance	3) Uncertain significance	ALL+WHO	3) Uncertain significance																																0	0	0	0	0	0	0																	3) Uncertain significance		No change			no			1	3	[212]	G	S	212.0	212.0	12.126	True	False	False	False	False	distal
Isoniazid	inhA	p.Gly221Ser	inhA_p.Gly221Ser	1	missense_variant	"(see ""Genomic_coordinates"" sheet)"	1	1	0	1	0	1	20846	27467	0	0	0.00017694296670111	0.999963594000291	0.999797175631493	0.999999078280314	0	0	0.975	0	0	0.975	0	0	0.975	0	0	51.3484236392164	1	2027.5	5574	False	False	0	0	51.3484236392164	0	0	0.00017694296670111	0.999963594000291	0.999797175631493	0.999999078280314	3) Uncertain significance	3) Uncertain significance	ALL+WHO	3) Uncertain significance																																0	0	0	0	0	0	0										1							3) Uncertain significance		No change			no			1	3	[221]	G	S	221.0	221.0	10.055	True	False	False	False	False	distal
Isoniazid	inhA	p.Gly33Asp	inhA_p.Gly33Asp	1	missense_variant	"(see ""Genomic_coordinates"" sheet)"	1	1	0	1	0	1	20846	27467	0	0	0.00017694296670111	0.999963594000291	0.999797175631493	0.999999078280314	0	0	0.975	0	0	0.975	0	0	0.975	0	0	51.3484236392164	1	2027.5	5574	False	False	0	0	51.3484236392164	0	0	0.00017694296670111	0.999963594000291	0.999797175631493	0.999999078280314	3) Uncertain significance	3) Uncertain significance	ALL+WHO	3) Uncertain significance	1	1	0	1	0	1	13374	21312	0	0	0.000275786657608973	0.999953080279641	0.999738608085756	0.999998812096234	0	0	0.975	0	0	0.975	0	0	0.975	0	0	62.0916370035077	1	1642.5	4479	False	False	0	0	0	0	0	0	0	0	0	62.0916370035077	0	0	0.000275786657608973	0.999953080279641	0.999738608085756	0.999998812096234								3) Uncertain significance		No change			no			1	3	[33]	G	D	33.0	33.0	21.329	True	False	False	False	False	distal
Isoniazid	inhA	p.Gly33Ser	inhA_p.Gly33Ser	1	missense_variant	"(see ""Genomic_coordinates"" sheet)"	0	0	0	0	2	0	20844	27468	9.59416674661805e-05	1.16191922227078e-05	0.000346530862189542	1	0.999865711673152	1	1	0.158113883008419	1											2891	5574	False	False	Inf	0.247471899512553	Inf	0	0	0.000176959943030976	1	0.999865711673152	1	3) Uncertain significance	3) Uncertain significance	ALL+WHO	3) Uncertain significance	0	0	0	0	2	0	13372	21313	0.000149543891132047	1.81109721013608e-05	0.000540098445265982	1	0.999826933785262	1	1	0.158113883008419	1											2360	4479	False	False	0	0	0	0	0	0	0	Inf	0.299307766452077	Inf	0	0	0.000275827900298067	1	0.999826933785262	1								3) Uncertain significance		No change			no			1	3	[33]	G	S	33.0	33.0	21.329	True	False	False	False	False	distal
Isoniazid	inhA	p.Gly40Trp	inhA_p.Gly40Trp	1	missense_variant	"(see ""Genomic_coordinates"" sheet)"	0	0	0	0	2	0	20844	27468	9.59416674661805e-05	1.16191922227078e-05	0.000346530862189542	1	0.999865711673152	1	1	0.158113883008419	1											2941	5574	False	False	Inf	0.247471899512553	Inf	0	0	0.000176959943030976	1	0.999865711673152	1	3) Uncertain significance	3) Uncertain significance	ALL+WHO	3) Uncertain significance	0	0	0	0	1	0	13373	21313	7.47719455660236e-05	1.89305996861207e-06	0.000416531419540481	1	0.999826933785262	1	1	0.025	1											2393	4479	False	False	0	0	0	0	0	0	0	Inf	0.0408616897784423	Inf	0	0	0.000275807277411719	1	0.999826933785262	1								3) Uncertain significance		No change			no			1	3	[40]	G	W	40.0	40.0	4.63	True	True	False	False	True	shell
Isoniazid	inhA	p.Gly76Asp	inhA_p.Gly76Asp	1	missense_variant	"(see ""Genomic_coordinates"" sheet)"	1	0	0	0	0	1	20846	27467	0	0	0.00017694296670111	0.999963594000291	0.999797175631493	0.999999078280314	0	0	0.975				0	0	0.975					2922	5574	False	False	0	0	51.3484236392164	0	0	0.00017694296670111	0.999963594000291	0.999797175631493	0.999999078280314	3) Uncertain significance	3) Uncertain significance	ALL+WHO	3) Uncertain significance	1	0	0	0	0	1	13374	21312	0	0	0.000275786657608973	0.999953080279641	0.999738608085756	0.999998812096234	0	0	0.975				0	0	0.975					2381	4479	False	False	0	0	0	0	0	0	0	0	0	62.0916370035077	0	0	0.000275786657608973	0.999953080279641	0.999738608085756	0.999998812096234								3) Uncertain significance		No change			no			1	3	[76]	G	D	76.0	76.0	16.579	True	False	False	False	False	distal
Isoniazid	inhA	p.Gly76Ser	inhA_p.Gly76Ser	1	missense_variant	"(see ""Genomic_coordinates"" sheet)"	1	0	0	0	0	1	20846	27467	0	0	0.00017694296670111	0.999963594000291	0.999797175631493	0.999999078280314	0	0	0.975				0	0	0.975					2911	5574	False	False	0	0	51.3484236392164	0	0	0.00017694296670111	0.999963594000291	0.999797175631493	0.999999078280314	3) Uncertain significance	3) Uncertain significance	ALL+WHO	3) Uncertain significance																																0	0	0	0	0	0	0																	3) Uncertain significance		New Uncertain			no			0	3	[76]	G	S	76.0	76.0	16.579	True	False	False	False	False	distal
Isoniazid	inhA	p.Gly83Arg	inhA_p.Gly83Arg	1	missense_variant	"(see ""Genomic_coordinates"" sheet)"	1	5	0	5	1	6	20845	27462	4.79708337330902e-05	1.21451561977598e-06	0.000267247072972983	0.999781564001747	0.999524617886493	0.999919833755107	0.142857142857142	0.00361029686190058	0.578723197043195	0	0	0.521823750104981	0	0	0.4592581264399	0	0	1.43786917636023	0.0743390630358733	263	5574	False	False	0.219573039098105	0.00477770915407814	1.81014820057657	0	0	0.000176951454458875	0.999781564001747	0.999524617886493	0.999919833755107	3) Uncertain significance	3) Uncertain significance	ALL+WHO	3) Uncertain significance	1	5	0	5	1	5	13373	21308	7.47719455660236e-05	1.89305996861207e-06	0.000416531419540481	0.999765401398207	0.999452610763328	0.999923822225278	0.166666666666666	0.00421074451448947	0.641234578997674	0	0	0.521823750104981	0	0	0.521823750104981	0	0	1.73907646387712	0.163960168380046	259.5	4479	False	False	0	0	0	0	0	0	0	0.318671950945935	0.00674139558547252	2.84834809554519	0	0	0.000275807277411719	0.999765401398207	0.999452610763328	0.999923822225278								3) Uncertain significance		No change			no			1	3	[83]	G	R	83.0	83.0	22.001	True	False	False	False	False	distal
Isoniazid	inhA	p.His24Gln	inhA_p.His24Gln	1	missense_variant	"(see ""Genomic_coordinates"" sheet)"	0	0	0	0	1	0	20845	27468	4.79708337330902e-05	1.21451561977598e-06	0.000267247072972983	1	0.999865711673152	1	1	0.025	1											2929	5574	False	False	Inf	0.0337859573643402	Inf	0	0	0.000176951454458875	1	0.999865711673152	1	3) Uncertain significance	3) Uncertain significance	ALL+WHO	3) Uncertain significance	0	0	0	0	1	0	13373	21313	7.47719455660236e-05	1.89305996861207e-06	0.000416531419540481	1	0.999826933785262	1	1	0.025	1											2387	4479	False	False	0	0	0	0	0	0	0	Inf	0.0408616897784423	Inf	0	0	0.000275807277411719	1	0.999826933785262	1								3) Uncertain significance		No change			no			1	3	[24]	H	Q	24.0	24.0	7.7	True	True	False	False	True	shell
Isoniazid	inhA	p.His70Asp	inhA_p.His70Asp	1	missense_variant	"(see ""Genomic_coordinates"" sheet)"	1	1	0	1	0	1	20846	27467	0	0	0.00017694296670111	0.999963594000291	0.999797175631493	0.999999078280314	0	0	0.975	0	0	0.975	0	0	0.975	0	0	51.3484236392164	1	2027.5	5574	False	False	0	0	51.3484236392164	0	0	0.00017694296670111	0.999963594000291	0.999797175631493	0.999999078280314	3) Uncertain significance	3) Uncertain significance	ALL+WHO	3) Uncertain significance	1	1	0	1	0	1	13374	21312	0	0	0.000275786657608973	0.999953080279641	0.999738608085756	0.999998812096234	0	0	0.975	0	0	0.975	0	0	0.975	0	0	62.0916370035077	1	1642.5	4479	False	False	0	0	0	0	0	0	0	0	0	62.0916370035077	0	0	0.000275786657608973	0.999953080279641	0.999738608085756	0.999998812096234								3) Uncertain significance		No change			no			1	3	[70]	H	D	70.0	70.0	8.05	True	False	False	False	False	distal
Isoniazid	inhA	p.Ile15Leu	inhA_p.Ile15Leu	1	missense_variant	"(see ""Genomic_coordinates"" sheet)"	0	0	0	0	1	0	20845	27468	4.79708337330902e-05	1.21451561977598e-06	0.000267247072972983	1	0.999865711673152	1	1	0.025	1											2875	5574	False	False	Inf	0.0337859573643402	Inf	0	0	0.000176951454458875	1	0.999865711673152	1	3) Uncertain significance	3) Uncertain significance	ALL+WHO	3) Uncertain significance	0	0	0	0	1	0	13373	21313	7.47719455660236e-05	1.89305996861207e-06	0.000416531419540481	1	0.999826933785262	1	1	0.025	1											2349	4479	False	False	0	0	0	0	0	0	0	Inf	0.0408616897784423	Inf	0	0	0.000275807277411719	1	0.999826933785262	1								3) Uncertain significance		No change			no			1	3	[15]	I	L	15.0	15.0	3.5	True	True	False	False	True	contact
Isoniazid	inhA	p.Ile16Thr	inhA_p.Ile16Thr	1	missense_variant	"(see ""Genomic_coordinates"" sheet)"	1	1	0	1	2	1	20844	27467	9.59416674661805e-05	1.16191922227078e-05	0.000346530862189542	0.999963594000291	0.999797175631493	0.999999078280314	0.666666666666666	0.0942993240502461	0.991596241340387	0	0	0.975	0	0	0.975	0	0	51.3533466119536	1	2027.5	5574	False	False	2.63548263289195	0.137183409715989	155.34952410964	0	0	0.000176959943030976	0.999963594000291	0.999797175631493	0.999999078280314	3) Uncertain significance	3) Uncertain significance	ALL+WHO	3) Uncertain significance	1	1	0	1	1	1	13373	21312	7.47719455660236e-05	1.89305996861207e-06	0.000416531419540481	0.999953080279641	0.999738608085756	0.999998812096234	0.5	0.012579117093425	0.987420882906574	0	0	0.975	0	0	0.975	0	0	62.0962755582318	1	1642.5	4479	False	False	0	0	0	0	0	0	0	1.59365886487699	0.0203005577541163	124.983813232444	0	0	0.000275807277411719	0.999953080279641	0.999738608085756	0.999998812096234								3) Uncertain significance		No change			no			1	3	[16]	I	T	16.0	16.0	3.595	True	True	False	False	True	contact
Isoniazid	inhA	p.Ile16Val	inhA_p.Ile16Val	1	missense_variant	"(see ""Genomic_coordinates"" sheet)"	0	0	0	0	1	0	20845	27468	4.79708337330902e-05	1.21451561977598e-06	0.000267247072972983	1	0.999865711673152	1	1	0.025	1											2916	5574	False	False	Inf	0.0337859573643402	Inf	0	0	0.000176951454458875	1	0.999865711673152	1	3) Uncertain significance	3) Uncertain significance	ALL+WHO	3) Uncertain significance	0	0	0	0	1	0	13373	21313	7.47719455660236e-05	1.89305996861207e-06	0.000416531419540481	1	0.999826933785262	1	1	0.025	1											2378	4479	False	False	0	0	0	0	0	0	0	Inf	0.0408616897784423	Inf	0	0	0.000275807277411719	1	0.999826933785262	1								3) Uncertain significance		No change			no			1	3	[16]	I	V	16.0	16.0	3.595	True	True	False	False	True	contact
Isoniazid	inhA	p.Ile194Thr	inhA_p.Ile194Thr	1	missense_variant	"(see ""Genomic_coordinates"" sheet)"	1	5	5	0	240	4	20606	27464	0.0115130000959416	0.0101092919284915	0.0130552969225133	0.999854376001165	0.999627187086024	0.999960320981843	0.983606557377049	0.95856052722558	0.995515736090787	1	0.478176249895018	1	0.555555555555555	0.212008506778868	0.863004337734833	Inf	1.22120119693578	Inf	0.0144803302293718	145	5574	False	False	79.9689410851208	30.833549305535	294.231342794101	0.000242588908835088	7.87724999318055e-05	0.000566030014869143	0.999854376001165	0.999627187086024	0.999960320981843	3) Uncertain significance	3) Uncertain significance	ALL+WHO	3) Uncertain significance	1	4	4	0	169	3	13205	21310	0.0126364588006579	0.0108126184575267	0.0146766836859525	0.999859240838924	0.999588697652472	0.999970971136275	0.982558139534883	0.949875837113382	0.996388523869583	1	0.397635364383525	1	0.571428571428571	0.184051567640083	0.901011721557492	Inf	1.06509399093803	Inf	0.0214350814465395	110	4479	False	False	0	0	0	0	0	0	0	90.909756405402	30.5815410267781	444.725048330892	0.000302823832235596	8.25152687864226e-05	0.000775166113046812	0.999859240838924	0.999588697652472	0.999970971136275	124							3) Uncertain significance		No change			no			1	3	[194]	I	T	194.0	194.0	2.941	True	True	False	False	True	contact
Isoniazid	inhA	p.Ile21Met	inhA_p.Ile21Met	1	missense_variant	"(see ""Genomic_coordinates"" sheet)"	0	0	0	0	2	0	20844	27468	9.59416674661805e-05	1.16191922227078e-05	0.000346530862189542	1	0.999865711673152	1	1	0.158113883008419	1											2888	5574	False	False	Inf	0.247471899512553	Inf	0	0	0.000176959943030976	1	0.999865711673152	1	3) Uncertain significance	3) Uncertain significance	ALL+WHO	3) Uncertain significance	0	0	0	0	2	0	13372	21313	0.000149543891132047	1.81109721013608e-05	0.000540098445265982	1	0.999826933785262	1	1	0.158113883008419	1											2358	4479	False	False	0	0	0	0	0	0	0	Inf	0.299307766452077	Inf	0	0	0.000275827900298067	1	0.999826933785262	1								3) Uncertain significance		No change			no			1	3	[21]	I	M	21.0	21.0	2.776	True	True	False	False	True	contact
Isoniazid	inhA	p.Ile21Thr	inhA_p.Ile21Thr	1	missense_variant	"(see ""Genomic_coordinates"" sheet)"	1	1	1	0	164	3	20682	27465	0.0078672167322268	0.00671295080775048	0.00916171497565188	0.999890782000873	0.99968085216583	0.999977476056514	0.982035928143712	0.948401077873817	0.996279944059613	1	0.025	1	0.25	0.00630946320970987	0.805879550316756	Inf	0.0340485052540027	Inf	0.429571321757913	588	5574	False	False	72.5954936659897	24.4020844378012	353.858771270778	4.83488855581878e-05	1.22408705162144e-06	0.000269352979210767	0.999890782000873	0.99968085216583	0.999977476056514	3) Uncertain significance	3) Uncertain significance	ALL+WHO	3) Uncertain significance	1	1	1	0	72	1	13302	21312	0.0053835800807537	0.00421463329049101	0.0067749914288816	0.999953080279641	0.999738608085756	0.999998812096234	0.986301369863013	0.926023676821656	0.9996532408474	1	0.025	1	0.5	0.012579117093425	0.987420882906574	Inf	0.0410778493860797	Inf	0.3843131590351	470	4479	False	False	0	0	0	0	0	0	0	115.355886332882	20.03967979154	4499.49789458753	7.51710140569796e-05	1.90316348886103e-06	0.000418754124895364	0.999953080279641	0.999738608085756	0.999998812096234	16							3) Uncertain significance		No change			no			1	3	[21]	I	T	21.0	21.0	2.776	True	True	False	False	True	contact
Isoniazid	inhA	p.Ile21Val	inhA_p.Ile21Val	1	missense_variant	"(see ""Genomic_coordinates"" sheet)"	1	13	3	10	53	13	20793	27455	0.00254245418785378	0.00190503496348425	0.00332429002181123	0.999526722003786	0.99919081619501	0.999747976101462	0.803030303030303	0.686761154151906	0.890739734382282	0.23076923076923	0.0503810734911515	0.53813153923404	0.1875	0.0404737339059459	0.456456546231611	0.396118886163612	0.0700423996024071	1.53870268495287	0.170741702183339	371	5574	False	False	5.38315409401832	2.89403339945192	10.7703604291745	0.000144258511252163	2.97505612156375e-05	0.000421526132267116	0.999526722003786	0.99919081619501	0.999747976101462	3) Uncertain significance	3) Uncertain significance	ALL+WHO	3) Uncertain significance	1	12	3	9	37	12	13337	21301	0.00276656198594287	0.00194864015550479	0.00381134478706768	0.999436963355698	0.999016695060306	0.999709037985722	0.755102040816326	0.611304085311566	0.866571289157706	0.25	0.0548606445279927	0.571858461878189	0.2	0.0433120051058366	0.480891133806853	0.532378595886131	0.0926900438016404	2.1338081829847	0.391627443696329	669	4479	False	False	0	0	0	0	0	0	0	4.92450201194671	2.51061741821145	10.3733899980737	0.000224887556221889	4.63796219531726e-05	0.00065707481814275	0.999436963355698	0.999016695060306	0.999709037985722	6							3) Uncertain significance		No change			no			1	3	[21]	I	V	21.0	21.0	2.776	True	True	False	False	True	contact
Isoniazid	inhA	p.Ile228Val	inhA_p.Ile228Val	1	missense_variant	"(see ""Genomic_coordinates"" sheet)"	1	36	1	35	6	35	20840	27433	0.000287825002398541	0.000105633792978048	0.000626367784710498	0.998725790010193	0.998228323594761	0.999112310547048	0.146341463414634	0.0556573637124366	0.291730488017494	0.0277777777777777	0.00070302520590478	0.145289264746853	0.0277777777777777	0.00070302520590478	0.145289264746853	0.0376103646833013	0.000930509704346818	0.22380267625763	5.56440742938697e-08	24	5574	True	False	0.225662188099808	0.0775678649306911	0.542363304437111	4.79823424979607e-05	1.21480699612118e-06	0.000267311181643879	0.998725790010193	0.998228323594761	0.999112310547048	3) Uncertain significance	3) Uncertain significance	ALL+WHO	3) Uncertain significance	1	31	1	30	5	30	13369	21283	0.000373859727830118	0.000121402023062639	0.000872246401868143	0.998592408389246	0.997991180201286	0.999050108601822	0.142857142857142	0.0480607784036389	0.302571351690951	0.032258064516129	0.000816370071846613	0.167021116230227	0.032258064516129	0.000816370071846613	0.167021116230227	0.0530655496546737	0.00130490846156705	0.319300410216395	7.68950481597176e-06	25	4479	True	False	0	0	0	0	0	0	0	0.265327748273368	0.0803308952630827	0.690911117956232	7.47943156320119e-05	1.89362632857505e-06	0.000416656014965588	0.998592408389246	0.997991180201286	0.999050108601822	2							3) Uncertain significance		No change			no			1	3	[228]	I	V	228.0	228.0	15.09	True	False	False	False	False	distal
Isoniazid	inhA	p.Ile50Val	inhA_p.Ile50Val	1	missense_variant	"(see ""Genomic_coordinates"" sheet)"	0	0	0	0	1	0	20845	27468	4.79708337330902e-05	1.21451561977598e-06	0.000267247072972983	1	0.999865711673152	1	1	0.025	1											2892	5574	False	False	Inf	0.0337859573643402	Inf	0	0	0.000176951454458875	1	0.999865711673152	1	3) Uncertain significance	3) Uncertain significance	ALL+WHO	3) Uncertain significance	0	0	0	0	1	0	13373	21313	7.47719455660236e-05	1.89305996861207e-06	0.000416531419540481	1	0.999826933785262	1	1	0.025	1											2361	4479	False	False	0	0	0	0	0	0	0	Inf	0.0408616897784423	Inf	0	0	0.000275807277411719	1	0.999826933785262	1								3) Uncertain significance		No change			no			1	3	[50]	I	V	50.0	50.0	8.918	True	False	False	False	False	distal
Isoniazid	inhA	p.Ile95Leu	inhA_p.Ile95Leu	1	missense_variant	"(see ""Genomic_coordinates"" sheet)"	0	0	0	0	2	0	20844	27468	9.59416674661805e-05	1.16191922227078e-05	0.000346530862189542	1	0.999865711673152	1	1	0.158113883008419	1											2901	5574	False	False	Inf	0.247471899512553	Inf	0	0	0.000176959943030976	1	0.999865711673152	1	3) Uncertain significance	3) Uncertain significance	ALL+WHO	3) Uncertain significance																																0	0	0	0	0	0	0										2							3) Uncertain significance		No change			no			1	3	[95]	I	L	95.0	95.0	3.238	True	True	False	False	True	contact
Isoniazid	inhA	p.Ile95Val	inhA_p.Ile95Val	1	missense_variant	"(see ""Genomic_coordinates"" sheet)"	1	1	1	0	3	0	20843	27468	0.00014391250119927	2.96792008899536e-05	0.000420515224128061	1	0.999865711673152	1	1	0.292401773821286	1	1	0.025	1	1	0.025	1	Inf	0.0337891992100405	Inf	0.431445603576751	617.5	5574	False	False	Inf	0.544526627735454	Inf	4.79754365764728e-05	1.21463215353938e-06	0.000267272712750976	1	0.999865711673152	1	3) Uncertain significance	3) Uncertain significance	ALL+WHO	3) Uncertain significance	1	1	1	0	2	0	13372	21313	0.000149543891132047	1.81109721013608e-05	0.000540098445265982	1	0.999826933785262	1	1	0.158113883008419	1	1	0.025	1	1	0.025	1	Inf	0.040864745349235	Inf	0.385544600126852	512	4479	False	False	0	0	0	0	0	0	0	Inf	0.299307766452077	Inf	7.47775368279368e-05	1.89320152683959e-06	0.000416562561410248	1	0.999826933785262	1								3) Uncertain significance		No change			no			1	3	[95]	I	V	95.0	95.0	3.238	True	True	False	False	True	contact
Isoniazid	inhA	p.Leu268Phe	inhA_p.Leu268Phe	1	missense_variant	"(see ""Genomic_coordinates"" sheet)"	1	1	0	1	0	1	20846	27467	0	0	0.00017694296670111	0.999963594000291	0.999797175631493	0.999999078280314	0	0	0.975	0	0	0.975	0	0	0.975	0	0	51.3484236392164	1	2027.5	5574	False	False	0	0	51.3484236392164	0	0	0.00017694296670111	0.999963594000291	0.999797175631493	0.999999078280314	3) Uncertain significance	3) Uncertain significance	ALL+WHO	3) Uncertain significance	1	1	0	1	0	1	13374	21312	0	0	0.000275786657608973	0.999953080279641	0.999738608085756	0.999998812096234	0	0	0.975	0	0	0.975	0	0	0.975	0	0	62.0916370035077	1	1642.5	4479	False	False	0	0	0	0	0	0	0	0	0	62.0916370035077	0	0	0.000275786657608973	0.999953080279641	0.999738608085756	0.999998812096234								3) Uncertain significance		No change			no			1	3	[268]	L	F	268.0	268.0	14.124	True	False	False	False	False	distal
Isoniazid	inhA	p.Leu61Val	inhA_p.Leu61Val	1	missense_variant	"(see ""Genomic_coordinates"" sheet)"	0	0	0	0	1	0	20845	27468	4.79708337330902e-05	1.21451561977598e-06	0.000267247072972983	1	0.999865711673152	1	1	0.025	1											2925	5574	False	False	Inf	0.0337859573643402	Inf	0	0	0.000176951454458875	1	0.999865711673152	1	3) Uncertain significance	3) Uncertain significance	ALL+WHO	3) Uncertain significance																																0	0	0	0	0	0	0																	3) Uncertain significance		No change			no			1	3	[61]	L	V	61.0	61.0	8.336	True	False	False	False	False	distal
Isoniazid	inhA	p.Lys118Glu	inhA_p.Lys118Glu	1	missense_variant	"(see ""Genomic_coordinates"" sheet)"	1	1	0	1	0	1	20846	27467	0	0	0.00017694296670111	0.999963594000291	0.999797175631493	0.999999078280314	0	0	0.975	0	0	0.975	0	0	0.975	0	0	51.3484236392164	1	2027.5	5574	False	False	0	0	51.3484236392164	0	0	0.00017694296670111	0.999963594000291	0.999797175631493	0.999999078280314	3) Uncertain significance	3) Uncertain significance	ALL+WHO	3) Uncertain significance																																0	0	0	0	0	0	0																	3) Uncertain significance		No change			no			1	3	[118]	K	E	118.0	118.0	7.202	True	True	False	False	True	shell
Isoniazid	inhA	p.Lys233Thr	inhA_p.Lys233Thr	1	missense_variant	"(see ""Genomic_coordinates"" sheet)"	0	0	0	0	1	0	20845	27468	4.79708337330902e-05	1.21451561977598e-06	0.000267247072972983	1	0.999865711673152	1	1	0.025	1											2883	5574	False	False	Inf	0.0337859573643402	Inf	0	0	0.000176951454458875	1	0.999865711673152	1	3) Uncertain significance	3) Uncertain significance	ALL+WHO	3) Uncertain significance	0	0	0	0	1	0	13373	21313	7.47719455660236e-05	1.89305996861207e-06	0.000416531419540481	1	0.999826933785262	1	1	0.025	1											2355	4479	False	False	0	0	0	0	0	0	0	Inf	0.0408616897784423	Inf	0	0	0.000275807277411719	1	0.999826933785262	1								3) Uncertain significance		New Uncertain			no			0	3	[233]	K	T	233.0	233.0	8.439	True	False	False	False	False	distal
Isoniazid	inhA	p.Met103Val	inhA_p.Met103Val	1	missense_variant	"(see ""Genomic_coordinates"" sheet)"	1	2	1	1	1	1	20845	27467	4.79708337330902e-05	1.21451561977598e-06	0.000267247072972983	0.999963594000291	0.999797175631493	0.999999078280314	0.5	0.012579117093425	0.987420882906574	0.5	0.012579117093425	0.987420882906574	0.5	0.012579117093425	0.987420882906574	1.31767810026385	0.0167927522337569	103.35711725526	1	1253.5	5574	False	False	1.31767810026385	0.0167927522337569	103.35711725526	4.79708337330902e-05	1.21451561977598e-06	0.000267247072972983	0.999963594000291	0.999797175631493	0.999999078280314	3) Uncertain significance	3) Uncertain significance	ALL+WHO	3) Uncertain significance	1	2	1	1	1	1	13373	21312	7.47719455660236e-05	1.89305996861207e-06	0.000416531419540481	0.999953080279641	0.999738608085756	0.999998812096234	0.5	0.012579117093425	0.987420882906574	0.5	0.012579117093425	0.987420882906574	0.5	0.012579117093425	0.987420882906574	1.59365886487699	0.0203005577541163	124.983813232444	1	1642.5	4479	False	False	0	0	0	0	0	0	0	1.59365886487699	0.0203005577541163	124.983813232444	7.47719455660236e-05	1.89305996861207e-06	0.000416531419540481	0.999953080279641	0.999738608085756	0.999998812096234								3) Uncertain significance		No change			no			1	3	[103]	M	V	103.0	103.0	7.018	True	True	False	False	True	shell
Isoniazid	inhA	p.Met130Val	inhA_p.Met130Val	1	missense_variant	"(see ""Genomic_coordinates"" sheet)"	0	0	0	0	1	0	20845	27468	4.79708337330902e-05	1.21451561977598e-06	0.000267247072972983	1	0.999865711673152	1	1	0.025	1											2884	5574	False	False	Inf	0.0337859573643402	Inf	0	0	0.000176951454458875	1	0.999865711673152	1	3) Uncertain significance	3) Uncertain significance	ALL+WHO	3) Uncertain significance	0	0	0	0	1	0	13373	21313	7.47719455660236e-05	1.89305996861207e-06	0.000416531419540481	1	0.999826933785262	1	1	0.025	1											2356	4479	False	False	0	0	0	0	0	0	0	Inf	0.0408616897784423	Inf	0	0	0.000275807277411719	1	0.999826933785262	1								3) Uncertain significance		New Uncertain			no			0	3	[130]	M	V	130.0	130.0	7.417	True	True	False	False	True	shell
Isoniazid	inhA	p.Met155Ile	inhA_p.Met155Ile	1	missense_variant	"(see ""Genomic_coordinates"" sheet)"	1	1	0	1	0	1	20846	27467	0	0	0.00017694296670111	0.999963594000291	0.999797175631493	0.999999078280314	0	0	0.975	0	0	0.975	0	0	0.975	0	0	51.3484236392164	1	2027.5	5574	False	False	0	0	51.3484236392164	0	0	0.00017694296670111	0.999963594000291	0.999797175631493	0.999999078280314	3) Uncertain significance	3) Uncertain significance	ALL+WHO	3) Uncertain significance	1	1	0	1	0	1	13374	21312	0	0	0.000275786657608973	0.999953080279641	0.999738608085756	0.999998812096234	0	0	0.975	0	0	0.975	0	0	0.975	0	0	62.0916370035077	1	1642.5	4479	False	False	0	0	0	0	0	0	0	0	0	62.0916370035077	0	0	0.000275786657608973	0.999953080279641	0.999738608085756	0.999998812096234								3) Uncertain significance		No change			no			1	3	[155]	M	I	155.0	155.0	4.148	True	True	False	False	True	contact
Isoniazid	inhA	p.Met155Leu	inhA_p.Met155Leu	1	missense_variant	"(see ""Genomic_coordinates"" sheet)"	0	0	0	0	1	0	20845	27468	4.79708337330902e-05	1.21451561977598e-06	0.000267247072972983	1	0.999865711673152	1	1	0.025	1											2912	5574	False	False	Inf	0.0337859573643402	Inf	0	0	0.000176951454458875	1	0.999865711673152	1	3) Uncertain significance	3) Uncertain significance	ALL+WHO	3) Uncertain significance	0	0	0	0	1	0	13373	21313	7.47719455660236e-05	1.89305996861207e-06	0.000416531419540481	1	0.999826933785262	1	1	0.025	1											2375	4479	False	False	0	0	0	0	0	0	0	Inf	0.0408616897784423	Inf	0	0	0.000275807277411719	1	0.999826933785262	1								3) Uncertain significance		New Uncertain			no			0	3	[155]	M	L	155.0	155.0	4.148	True	True	False	False	True	contact
Isoniazid	inhA	p.Phe41Ser	inhA_p.Phe41Ser	1	missense_variant	"(see ""Genomic_coordinates"" sheet)"	0	0	0	0	1	0	20845	27468	4.79708337330902e-05	1.21451561977598e-06	0.000267247072972983	1	0.999865711673152	1	1	0.025	1											2919	5574	False	False	Inf	0.0337859573643402	Inf	0	0	0.000176951454458875	1	0.999865711673152	1	3) Uncertain significance	3) Uncertain significance	ALL+WHO	3) Uncertain significance																																0	0	0	0	0	0	0										1							3) Uncertain significance		No change			no			1	3	[41]	F	S	41.0	41.0	3.403	True	True	False	False	True	contact
Isoniazid	inhA	p.Pro107Ser	inhA_p.Pro107Ser	1	missense_variant	"(see ""Genomic_coordinates"" sheet)"	0	0	0	0	1	0	20845	27468	4.79708337330902e-05	1.21451561977598e-06	0.000267247072972983	1	0.999865711673152	1	1	0.025	1											2930	5574	False	False	Inf	0.0337859573643402	Inf	0	0	0.000176951454458875	1	0.999865711673152	1	3) Uncertain significance	3) Uncertain significance	ALL+WHO	3) Uncertain significance																																0	0	0	0	0	0	0																	3) Uncertain significance		No change			no			1	3	[107]	P	S	107.0	107.0	16.336	True	False	False	False	False	distal
Isoniazid	inhA	p.Pro140Leu	inhA_p.Pro140Leu	1	missense_variant	"(see ""Genomic_coordinates"" sheet)"	1	1	0	1	0	1	20846	27467	0	0	0.00017694296670111	0.999963594000291	0.999797175631493	0.999999078280314	0	0	0.975	0	0	0.975	0	0	0.975	0	0	51.3484236392164	1	2027.5	5574	False	False	0	0	51.3484236392164	0	0	0.00017694296670111	0.999963594000291	0.999797175631493	0.999999078280314	3) Uncertain significance	3) Uncertain significance	ALL+WHO	3) Uncertain significance	1	1	0	1	0	1	13374	21312	0	0	0.000275786657608973	0.999953080279641	0.999738608085756	0.999998812096234	0	0	0.975	0	0	0.975	0	0	0.975	0	0	62.0916370035077	1	1642.5	4479	False	False	0	0	0	0	0	0	0	0	0	62.0916370035077	0	0	0.000275786657608973	0.999953080279641	0.999738608085756	0.999998812096234								3) Uncertain significance		New Uncertain			no			0	3	[140]	P	L	140.0	140.0	25.107	True	False	False	False	False	distal
Isoniazid	inhA	p.Pro55Leu	inhA_p.Pro55Leu	1	missense_variant	"(see ""Genomic_coordinates"" sheet)"	1	1	0	1	0	1	20846	27467	0	0	0.00017694296670111	0.999963594000291	0.999797175631493	0.999999078280314	0	0	0.975	0	0	0.975	0	0	0.975	0	0	51.3484236392164	1	2027.5	5574	False	False	0	0	51.3484236392164	0	0	0.00017694296670111	0.999963594000291	0.999797175631493	0.999999078280314	3) Uncertain significance	3) Uncertain significance	ALL+WHO	3) Uncertain significance	1	1	0	1	0	1	13374	21312	0	0	0.000275786657608973	0.999953080279641	0.999738608085756	0.999998812096234	0	0	0.975	0	0	0.975	0	0	0.975	0	0	62.0916370035077	1	1642.5	4479	False	False	0	0	0	0	0	0	0	0	0	62.0916370035077	0	0	0.000275786657608973	0.999953080279641	0.999738608085756	0.999998812096234								3) Uncertain significance		New Uncertain			no			0	3	[55]	P	L	55.0	55.0	16.434	True	False	False	False	False	distal
Isoniazid	inhA	p.Ser143Cys	inhA_p.Ser143Cys	1	missense_variant	"(see ""Genomic_coordinates"" sheet)"	1	1	0	1	0	1	20846	27467	0	0	0.00017694296670111	0.999963594000291	0.999797175631493	0.999999078280314	0	0	0.975	0	0	0.975	0	0	0.975	0	0	51.3484236392164	1	2027.5	5574	False	False	0	0	51.3484236392164	0	0	0.00017694296670111	0.999963594000291	0.999797175631493	0.999999078280314	3) Uncertain significance	3) Uncertain significance	ALL+WHO	3) Uncertain significance	1	1	0	1	0	1	13374	21312	0	0	0.000275786657608973	0.999953080279641	0.999738608085756	0.999998812096234	0	0	0.975	0	0	0.975	0	0	0.975	0	0	62.0916370035077	1	1642.5	4479	False	False	0	0	0	0	0	0	0	0	0	62.0916370035077	0	0	0.000275786657608973	0.999953080279641	0.999738608085756	0.999998812096234								3) Uncertain significance		No change			no			1	3	[143]	S	C	143.0	143.0	15.583	True	False	False	False	False	distal
Isoniazid	inhA	p.Ser19Ala	inhA_p.Ser19Ala	1	missense_variant	"(see ""Genomic_coordinates"" sheet)"	1	1	0	1	0	1	20846	27467	0	0	0.00017694296670111	0.999963594000291	0.999797175631493	0.999999078280314	0	0	0.975	0	0	0.975	0	0	0.975	0	0	51.3484236392164	1	2027.5	5574	False	False	0	0	51.3484236392164	0	0	0.00017694296670111	0.999963594000291	0.999797175631493	0.999999078280314	3) Uncertain significance	3) Uncertain significance	ALL+WHO	3) Uncertain significance	1	1	0	1	0	1	13374	21312	0	0	0.000275786657608973	0.999953080279641	0.999738608085756	0.999998812096234	0	0	0.975	0	0	0.975	0	0	0.975	0	0	62.0916370035077	1	1642.5	4479	False	False	0	0	0	0	0	0	0	0	0	62.0916370035077	0	0	0.000275786657608973	0.999953080279641	0.999738608085756	0.999998812096234								3) Uncertain significance		No change			no			1	3	[19]	S	A	19.0	19.0	5.436	True	True	False	False	True	shell
Isoniazid	inhA	p.Ser19Leu	inhA_p.Ser19Leu	1	missense_variant	"(see ""Genomic_coordinates"" sheet)"	1	1	0	1	0	1	20846	27467	0	0	0.00017694296670111	0.999963594000291	0.999797175631493	0.999999078280314	0	0	0.975	0	0	0.975	0	0	0.975	0	0	51.3484236392164	1	2027.5	5574	False	False	0	0	51.3484236392164	0	0	0.00017694296670111	0.999963594000291	0.999797175631493	0.999999078280314	3) Uncertain significance	3) Uncertain significance	ALL+WHO	3) Uncertain significance	1	1	0	1	0	1	13374	21312	0	0	0.000275786657608973	0.999953080279641	0.999738608085756	0.999998812096234	0	0	0.975	0	0	0.975	0	0	0.975	0	0	62.0916370035077	1	1642.5	4479	False	False	0	0	0	0	0	0	0	0	0	62.0916370035077	0	0	0.000275786657608973	0.999953080279641	0.999738608085756	0.999998812096234								3) Uncertain significance		No change			no			1	3	[19]	S	L	19.0	19.0	5.436	True	True	False	False	True	shell
Isoniazid	inhA	p.Ser94Ala	inhA_p.Ser94Ala	1	missense_variant	"(see ""Genomic_coordinates"" sheet)"	1	48	28	20	213	27	20633	27441	0.0102177875851482	0.00889727984918739	0.0116774294202073	0.999017038007863	0.998570161716172	0.99935212504807	0.8875	0.840550857927552	0.924539400703161	0.583333333333333	0.432131711340739	0.723872576135536	0.509090909090909	0.370705345105322	0.646463796842059	1.86193961130228	1.01172413460911	3.48722102290738	0.0401131588473724	179	5574	False	False	10.4918819367033	7.00633488271357	16.2987858240311	0.00135521029959827	0.000900710425776011	0.00195806516718642	0.999017038007863	0.998570161716172	0.99935212504807	3) Uncertain significance	3) Uncertain significance	ALL+WHO	3) Uncertain significance	1	33	19	14	127	18	13247	21295	0.009496037086885	0.00792239232848448	0.0112882825841944	0.999155445033547	0.998665566208554	0.999499388823668	0.875862068965517	0.810919084604511	0.924740843759471	0.575757575757575	0.392153016187885	0.745238177265304	0.513513513513513	0.343996815665766	0.680785893518459	2.18165298881687	1.03667610613295	4.70465570928399	0.030438363508306	125	4479	False	False	0	0	0	0	0	0	0	11.3420439009251	6.88925969484679	19.7571815000794	0.00143223277551635	0.000862511032144831	0.00223570929450522	0.999155445033547	0.998665566208554	0.999499388823668	31						INH-ETO cross-resistance	2) Assoc w R - Interim	Low-level resistance (multiple, genetically linked low-level resistance mutations are additive and confer high-level resistance)	UP from Uncertain to AwRI			yes	INH-ETH X-R	F	4	2	[94]	S	A	94.0	94.0	3.482	True	True	True	False	True	contact
Isoniazid	inhA	p.Thr162Ser	inhA_p.Thr162Ser	1	missense_variant	"(see ""Genomic_coordinates"" sheet)"	0	0	0	0	24	0	20822	27468	0.00115130000959416	0.000737794566721317	0.00171256196858956	1	0.999865711673152	1	1	0.857526402277474	1											2904	5574	False	False	Inf	7.94033420262242	Inf	0	0	0.000177146897881585	1	0.999865711673152	1	3) Uncertain significance	3) Uncertain significance	ALL+WHO	3) Uncertain significance	0	0	0	0	2	0	13372	21313	0.000149543891132047	1.81109721013608e-05	0.000540098445265982	1	0.999826933785262	1	1	0.158113883008419	1											2368	4479	False	False	0	0	0	0	0	0	0	Inf	0.299307766452077	Inf	0	0	0.000275827900298067	1	0.999826933785262	1	32							3) Uncertain significance		No change			no			1	3	[162]	T	S	162.0	162.0	7.054	True	True	False	False	True	shell
Isoniazid	inhA	p.Thr236Met	inhA_p.Thr236Met	1	missense_variant	"(see ""Genomic_coordinates"" sheet)"	0	0	0	0	10	0	20836	27468	0.000479708337330902	0.000230061997553563	0.000882023176671562	1	0.999865711673152	1	1	0.691502892181239	1											2923	5574	False	False	Inf	2.95450432812812	Inf	0	0	0.000177027880937939	1	0.999865711673152	1	3) Uncertain significance	3) Uncertain significance	ALL+WHO	3) Uncertain significance	0	0	0	0	9	0	13365	21313	0.000672947510094212	0.000307759154923187	0.00127707788784856	1	0.999826933785262	1	1	0.663732883120057	1											2382	4479	False	False	0	0	0	0	0	0	0	Inf	3.14671336895126	Inf	0	0	0.000275972346901473	1	0.999826933785262	1								3) Uncertain significance		No change			no			1	3	[236]	T	M	236.0	236.0	10.258	True	False	False	False	False	distal
Isoniazid	inhA	p.Thr266Ala	inhA_p.Thr266Ala	1	missense_variant	"(see ""Genomic_coordinates"" sheet)"	1	1	0	1	0	1	20846	27467	0	0	0.00017694296670111	0.999963594000291	0.999797175631493	0.999999078280314	0	0	0.975	0	0	0.975	0	0	0.975	0	0	51.3484236392164	1	2027.5	5574	False	False	0	0	51.3484236392164	0	0	0.00017694296670111	0.999963594000291	0.999797175631493	0.999999078280314	3) Uncertain significance	3) Uncertain significance	ALL+WHO	3) Uncertain significance	1	1	0	1	0	1	13374	21312	0	0	0.000275786657608973	0.999953080279641	0.999738608085756	0.999998812096234	0	0	0.975	0	0	0.975	0	0	0.975	0	0	62.0916370035077	1	1642.5	4479	False	False	0	0	0	0	0	0	0	0	0	62.0916370035077	0	0	0.000275786657608973	0.999953080279641	0.999738608085756	0.999998812096234								3) Uncertain significance		No change			no			1	3	[266]	T	A	266.0	266.0	12.02	True	False	False	False	False	distal
Isoniazid	inhA	p.Thr2Ala	inhA_p.Thr2Ala	1	missense_variant	"(see ""Genomic_coordinates"" sheet)"	1	2	0	2	0	2	20846	27466	0	0	0.00017694296670111	0.999927188000582	0.999737003036386	0.999991182007438	0	0	0.841886116991581	0	0	0.841886116991581	0	0	0.841886116991581	0	0	7.01598871232251	0.509382802952132	994	5574	False	False	0	0	7.01598871232251	0	0	0.00017694296670111	0.999927188000582	0.999737003036386	0.999991182007438	3) Uncertain significance	3) Uncertain significance	ALL+WHO	3) Uncertain significance	1	2	0	2	0	2	13374	21311	0	0	0.000275786657608973	0.999906160559283	0.999661061221376	0.999988635406343	0	0	0.841886116991581	0	0	0.841886116991581	0	0	0.841886116991581	0	0	8.48535171137227	0.526178307844236	803	4479	False	False	0	0	0	0	0	0	0	0	0	8.48535171137227	0	0	0.000275786657608973	0.999906160559283	0.999661061221376	0.999988635406343								3) Uncertain significance		No change			no			1	3	[2]	T	A	2.0	2.0	24.905	True	False	False	False	False	distal
Isoniazid	inhA	p.Thr2Pro	inhA_p.Thr2Pro	1	missense_variant	"(see ""Genomic_coordinates"" sheet)"	0	0	0	0	1	0	20845	27468	4.79708337330902e-05	1.21451561977598e-06	0.000267247072972983	1	0.999865711673152	1	1	0.025	1											2902	5574	False	False	Inf	0.0337859573643402	Inf	0	0	0.000176951454458875	1	0.999865711673152	1	3) Uncertain significance	3) Uncertain significance	ALL+WHO	3) Uncertain significance	0	0	0	0	1	0	13373	21313	7.47719455660236e-05	1.89305996861207e-06	0.000416531419540481	1	0.999826933785262	1	1	0.025	1											2366	4479	False	False	0	0	0	0	0	0	0	Inf	0.0408616897784423	Inf	0	0	0.000275807277411719	1	0.999826933785262	1								3) Uncertain significance		No change			no			1	3	[2]	T	P	2.0	2.0	24.905	True	False	False	False	False	distal
Isoniazid	inhA	p.Tyr182His	inhA_p.Tyr182His	1	missense_variant	"(see ""Genomic_coordinates"" sheet)"	1	1	0	1	0	1	20846	27467	0	0	0.00017694296670111	0.999963594000291	0.999797175631493	0.999999078280314	0	0	0.975	0	0	0.975	0	0	0.975	0	0	51.3484236392164	1	2027.5	5574	False	False	0	0	51.3484236392164	0	0	0.00017694296670111	0.999963594000291	0.999797175631493	0.999999078280314	3) Uncertain significance	3) Uncertain significance	ALL+WHO	3) Uncertain significance																																0	0	0	0	0	0	0																	3) Uncertain significance		No change			no			1	3	[182]	Y	H	182.0	182.0	22.277	True	False	False	False	False	distal
Isoniazid	inhA	p.Val12Ile	inhA_p.Val12Ile	1	missense_variant	"(see ""Genomic_coordinates"" sheet)"	1	1	0	1	0	1	20846	27467	0	0	0.00017694296670111	0.999963594000291	0.999797175631493	0.999999078280314	0	0	0.975	0	0	0.975	0	0	0.975	0	0	51.3484236392164	1	2027.5	5574	False	False	0	0	51.3484236392164	0	0	0.00017694296670111	0.999963594000291	0.999797175631493	0.999999078280314	3) Uncertain significance	3) Uncertain significance	ALL+WHO	3) Uncertain significance	1	1	0	1	0	1	13374	21312	0	0	0.000275786657608973	0.999953080279641	0.999738608085756	0.999998812096234	0	0	0.975	0	0	0.975	0	0	0.975	0	0	62.0916370035077	1	1642.5	4479	False	False	0	0	0	0	0	0	0	0	0	62.0916370035077	0	0	0.000275786657608973	0.999953080279641	0.999738608085756	0.999998812096234								3) Uncertain significance		New Uncertain			no			0	3	[12]	V	I	12.0	12.0	8.829	True	False	False	False	False	distal
Isoniazid	inhA	p.Val171Ile	inhA_p.Val171Ile	1	missense_variant	"(see ""Genomic_coordinates"" sheet)"	1	2	0	2	0	2	20846	27466	0	0	0.00017694296670111	0.999927188000582	0.999737003036386	0.999991182007438	0	0	0.841886116991581	0	0	0.841886116991581	0	0	0.841886116991581	0	0	7.01598871232251	0.509382802952132	994	5574	False	False	0	0	7.01598871232251	0	0	0.00017694296670111	0.999927188000582	0.999737003036386	0.999991182007438	3) Uncertain significance	3) Uncertain significance	ALL+WHO	3) Uncertain significance																																0	0	0	0	0	0	0										1							3) Uncertain significance		No change			no			1	3	[171]	V	I	171.0	171.0	12.797	True	False	False	False	False	distal
Isoniazid	inhA	p.Val189Ile	inhA_p.Val189Ile	1	missense_variant	"(see ""Genomic_coordinates"" sheet)"	1	1	0	1	0	1	20846	27467	0	0	0.00017694296670111	0.999963594000291	0.999797175631493	0.999999078280314	0	0	0.975	0	0	0.975	0	0	0.975	0	0	51.3484236392164	1	2027.5	5574	False	False	0	0	51.3484236392164	0	0	0.00017694296670111	0.999963594000291	0.999797175631493	0.999999078280314	3) Uncertain significance	3) Uncertain significance	ALL+WHO	3) Uncertain significance	1	1	0	1	0	1	13374	21312	0	0	0.000275786657608973	0.999953080279641	0.999738608085756	0.999998812096234	0	0	0.975	0	0	0.975	0	0	0.975	0	0	62.0916370035077	1	1642.5	4479	False	False	0	0	0	0	0	0	0	0	0	62.0916370035077	0	0	0.000275786657608973	0.999953080279641	0.999738608085756	0.999998812096234								3) Uncertain significance		No change			no			1	3	[189]	V	I	189.0	189.0	5.668	True	True	False	False	True	shell
Isoniazid	inhA	p.Val203Ala	inhA_p.Val203Ala	1	missense_variant	"(see ""Genomic_coordinates"" sheet)"	1	2	0	2	0	2	20846	27466	0	0	0.00017694296670111	0.999927188000582	0.999737003036386	0.999991182007438	0	0	0.841886116991581	0	0	0.841886116991581	0	0	0.841886116991581	0	0	7.01598871232251	0.509382802952132	994	5574	False	False	0	0	7.01598871232251	0	0	0.00017694296670111	0.999927188000582	0.999737003036386	0.999991182007438	3) Uncertain significance	3) Uncertain significance	ALL+WHO	3) Uncertain significance																																0	0	0	0	0	0	0																	3) Uncertain significance		No change			no			1	3	[203]	V	A	203.0	203.0	8.491	True	False	False	False	False	distal
Isoniazid	inhA	p.Val28Leu	inhA_p.Val28Leu	1	missense_variant	"(see ""Genomic_coordinates"" sheet)"	0	0	0	0	1	0	20845	27468	4.79708337330902e-05	1.21451561977598e-06	0.000267247072972983	1	0.999865711673152	1	1	0.025	1											2861	5574	False	False	Inf	0.0337859573643402	Inf	0	0	0.000176951454458875	1	0.999865711673152	1	3) Uncertain significance	3) Uncertain significance	ALL+WHO	3) Uncertain significance	0	0	0	0	1	0	13373	21313	7.47719455660236e-05	1.89305996861207e-06	0.000416531419540481	1	0.999826933785262	1	1	0.025	1											2336	4479	False	False	0	0	0	0	0	0	0	Inf	0.0408616897784423	Inf	0	0	0.000275807277411719	1	0.999826933785262	1								3) Uncertain significance		No change			no			1	3	[28]	V	L	28.0	28.0	13.612	True	False	False	False	False	distal
Isoniazid	inhA	p.Val65Ala	inhA_p.Val65Ala	1	missense_variant	"(see ""Genomic_coordinates"" sheet)"	0	0	0	0	1	0	20845	27468	4.79708337330902e-05	1.21451561977598e-06	0.000267247072972983	1	0.999865711673152	1	1	0.025	1											2870	5574	False	False	Inf	0.0337859573643402	Inf	0	0	0.000176951454458875	1	0.999865711673152	1	3) Uncertain significance	3) Uncertain significance	ALL+WHO	3) Uncertain significance	0	0	0	0	1	0	13373	21313	7.47719455660236e-05	1.89305996861207e-06	0.000416531419540481	1	0.999826933785262	1	1	0.025	1											2343	4479	False	False	0	0	0	0	0	0	0	Inf	0.0408616897784423	Inf	0	0	0.000275807277411719	1	0.999826933785262	1								3) Uncertain significance		No change			no			1	3	[65]	V	A	65.0	65.0	3.122	True	True	False	False	True	contact
Isoniazid	inhA	p.Val78Ala	inhA_p.Val78Ala	1	missense_variant	"(see ""Genomic_coordinates"" sheet)"	0	0	0	0	8	62	20838	27406	0.000383766669864722	0.000165697303700768	0.000756032532322191	0.997742828018057	0.997107328463502	0.998269014702526	0.114285714285714	0.0506521987903564	0.21282804216909				0	0	0.0577626344292909							False	True	0.16970237376505	0.0701777444603646	0.355709532830646	0	0	0.000177010891571197	0.997742828018057	0.997107328463502	0.998269014702526	5) Not assoc w R	5) Not assoc w R	WHO	5) Not assoc w R	0	0	0	0	6	55	13368	21258	0.000448631673396141	0.000164657143425453	0.000976224581517196	0.997419415380284	0.996642322195326	0.998055376884694	0.0983606557377049	0.0369599948778518	0.20189619185437				0	0	0.0648707608254246							False	True	0	1	1	0	0	1	1	0.173478047984331	0.0610203326452612	0.402444961125462	0	0	0.00027591042269331	0.997419415380284	0.996642322195326	0.998055376884694	3			Not assoc w RI				5) Not assoc w R		UP from NotAwRI to NotAwR			yes			4	5	[78]	V	A	78.0	78.0	13.392	True	False	False	False	False	distal
Isoniazid	inhA	p.Val91Ala	inhA_p.Val91Ala	1	missense_variant	"(see ""Genomic_coordinates"" sheet)"	1	1	0	1	0	1	20846	27467	0	0	0.00017694296670111	0.999963594000291	0.999797175631493	0.999999078280314	0	0	0.975	0	0	0.975	0	0	0.975	0	0	51.3484236392164	1	2027.5	5574	False	False	0	0	51.3484236392164	0	0	0.00017694296670111	0.999963594000291	0.999797175631493	0.999999078280314	3) Uncertain significance	3) Uncertain significance	ALL+WHO	3) Uncertain significance																																0	0	0	0	0	0	0																	3) Uncertain significance		No change			no			1	3	[91]	V	A	91.0	91.0	12.008	True	False	False	False	False	distal
Isoniazid	inhA	p.Val92Met	inhA_p.Val92Met	1	missense_variant	"(see ""Genomic_coordinates"" sheet)"	0	0	0	0	1	0	20845	27468	4.79708337330902e-05	1.21451561977598e-06	0.000267247072972983	1	0.999865711673152	1	1	0.025	1											2931	5574	False	False	Inf	0.0337859573643402	Inf	0	0	0.000176951454458875	1	0.999865711673152	1	3) Uncertain significance	3) Uncertain significance	ALL+WHO	3) Uncertain significance																																0	0	0	0	0	0	0																	3) Uncertain significance		New Uncertain			no			0	3	[92]	V	M	92.0	92.0	8.49	True	False	False	False	False	distal
